V6,V7,V18,V19,V20,i_id,index
17,44,0.0047,0.4706,1.0,3348,615880
10,30,0.0036,0.6,0.9667,9912,503158
8,19,0.0037,0.75,0.9474,271,468247
13,45,0.0052,0.5385,1.0,2451,406622
60,260,0.0126,0.2833,0.9885,2047,649137
20,87,0.0079,0.55,1.0,8538,717107
230,432,0.0196,0.1435,0.9607,3672,680890
11,20,0.0059,0.9091,1.0,3729,132115
15,26,0.0077,0.8667,1.0,4123,590666
46,167,0.0095,0.3478,0.982,5678,238988
13,48,0.0071,0.9231,1.0,7306,350026
42,69,0.0059,0.2381,0.9275,7480,594244
15,54,0.0071,0.8,1.0,10373,573304
22,60,0.0053,0.4091,1.0,13540,495870
30,68,0.0089,0.5,0.9559,13383,528201
59,133,0.0089,0.2542,0.9925,5664,532140
167,282,0.0213,0.2156,0.9503,5891,769218
38,76,0.0083,0.3684,0.9605,13052,528781
8,25,0.0041,0.875,1.0,7116,726771
15,27,0.0071,0.8,1.0,574,107394
18,34,0.0065,0.6111,1.0,954,257201
13,29,0.0053,0.6923,1.0,296,313544
10,19,0.0053,0.9,1.0,9667,103051
15,39,0.0059,0.6667,1.0,8052,338089
17,35,0.0053,0.5294,0.9429,11345,447554
9,23,0.0066,1.0,1.0,12324,770292
19,39,0.0102,0.7368,1.0,6002,655778
9,18,0.0037,0.6667,1.0,8488,355536
92,253,0.0153,0.2283,0.9921,9313,736952
15,38,0.0095,0.8667,1.0,4583,24218
9,33,0.0051,0.7778,1.0,9195,596318
19,63,0.0094,0.6842,1.0,1425,749542
9,24,0.005,0.7778,1.0,8715,644028
10,28,0.0072,1.0,1.0,14151,153187
29,62,0.0166,0.7931,1.0,3365,583434
16,43,0.0087,0.75,1.0,12358,261731
15,39,0.0089,0.8,1.0,7232,567549
34,72,0.0074,0.2941,0.9861,5681,65143
36,48,0.0075,0.2778,1.0,2069,585204
22,23,0.0074,0.5454,1.0,12769,45990
35,54,0.0059,0.2857,1.0,3505,351993
30,36,0.0089,0.4,1.0,9578,504060
20,26,0.0074,0.6,1.0,4854,614880
30,50,0.0061,0.3333,1.0,6888,368668
16,21,0.0047,0.5,1.0,6152,76793
43,49,0.0053,0.2093,1.0,6438,291275
12,13,0.0041,0.5833,1.0,12810,655333
11,17,0.0036,0.5454,1.0,13523,4490
14,12,0.0071,0.8571,1.0,15212,11509
9,11,0.0041,0.7778,1.0,6739,357033
9,13,0.0041,0.7778,1.0,8277,84547
47,66,0.0065,0.23399999999999999,1.0,6348,537117
20,27,0.0053,0.45,1.0,2501,322527
20,24,0.0061,0.5,1.0,10320,494495
20,34,0.0055,0.45,1.0,425,2482
20,27,0.0055,0.45,1.0,7489,184340
14,7,0.0079,0.9286,0.8571,1693,263046
25,30,0.0073,0.48,1.0,464,194157
10,12,0.0047,0.8,1.0,13965,583543
10,15,0.0044,0.6,1.0,4904,358978
10,10,0.0052,0.7,1.0,4297,311121
10,11,0.0051,0.7,1.0,3088,69041
14,11,0.0066,0.6429,1.0,15300,2892
9,12,0.0043,0.7778,1.0,12055,7083
9,11,0.0055,1.0,1.0,2155,435805
43,60,0.0055,0.2093,1.0,1620,238461
13,20,0.0049,0.6154,1.0,14306,491047
8,13,0.0036,0.75,1.0,11452,209419
15,14,0.0048,0.5333,1.0,5383,344334
12,9,0.0048,0.6667,1.0,193,397577
14,13,0.0066,0.7857,1.0,6451,667233
21,28,0.0055,0.4286,1.0,9524,722404
15,20,0.0048,0.5333,1.0,10005,479124
17,18,0.0035,0.3529,1.0,5404,211633
9,12,0.0047,0.8889,1.0,5803,97134
8,6,0.0041,0.875,1.0,15003,769602
24,31,0.0053,0.375,1.0,7307,130025
20,23,0.0067,0.45,1.0,1200,94046
165,285,0.0114,0.09699999999999999,0.986,11710,206669
134,201,0.013000000000000001,0.1343,0.9901,9659,230022
142,185,0.0156,0.1831,0.8973,14347,656660
13,17,0.0048,0.6154,1.0,10141,582477
11,7,0.0059,0.7273,1.0,12868,497310
481,604,0.0228,0.0645,0.9884,11294,450549
18,16,0.0088,0.6667,1.0,12640,753895
14,17,0.0065,0.6429,0.9412,13930,92579
13,20,0.005,0.5385,1.0,10072,675435
19,32,0.0088,0.6316,1.0,12471,107383
25,36,0.0081,0.44,1.0,12039,715337
36,39,0.011000000000000001,0.4167,1.0,8058,650409
36,52,0.0095,0.3611,1.0,8890,728838
45,69,0.0125,0.3778,1.0,6654,732528
44,67,0.0096,0.2955,1.0,12773,319915
18,22,0.0095,0.7222,1.0,12625,513421
9,7,0.0066,1.0,1.0,1751,178647
28,29,0.0096,0.4643,1.0,952,123733
18,26,0.0047,0.4444,1.0,3303,512520
29,43,0.0041,0.2414,1.0,9349,462165
15,19,0.0047,0.5333,1.0,15332,377341
11,16,0.0047,0.7273,1.0,9565,240296
8,12,0.0041,0.875,1.0,8331,465230
13,21,0.0059,0.7692,1.0,10015,363273
23,28,0.0086,0.6087,1.0,3170,612275
57,103,0.0088,0.2105,1.0,8801,376504
32,57,0.008,0.4063,1.0,2359,359669
17,15,0.0061,0.5882,1.0,5184,576704
146,197,0.0128,0.1438,1.0,11255,611743
22,28,0.008,0.5909,1.0,11610,216039
22,26,0.0074,0.5454,0.9231,1616,368896
16,17,0.0066,0.5625,1.0,6270,683086
24,32,0.0082,0.4583,1.0,9134,47933
26,35,0.0096,0.5,1.0,4097,55360
24,28,0.0053,0.375,1.0,15362,418128
24,32,0.0053,0.375,1.0,4855,66406
29,84,0.0035,0.2069,1.0,4538,48696
33,70,0.0041,0.2121,1.0,4564,63383
12,30,0.0041,0.5833,1.0,14999,739244
35,45,0.0071,0.3429,1.0,14556,678251
13,20,0.0053,0.6923,1.0,7853,95013
63,86,0.0088,0.2381,0.9884,13200,16976
78,98,0.0082,0.1795,1.0,7378,498376
37,42,0.0082,0.3784,1.0,335,683296
24,33,0.0065,0.4583,1.0,12915,85172
26,30,0.0071,0.4615,1.0,6368,262589
20,27,0.0047,0.4,1.0,11481,634508
56,70,0.0071,0.2143,0.9857,13798,775833
59,87,0.0094,0.2712,1.0,11081,210179
28,32,0.0071,0.4286,1.0,14402,695409
65,103,0.0088,0.2308,0.9903,7111,44932
22,31,0.0053,0.4091,1.0,9421,738144
35,45,0.0053,0.2571,0.9778,828,60910
50,89,0.0106,0.36,1.0,11552,220037
37,54,0.0077,0.3514,1.0,8308,754339
24,32,0.0088,0.625,1.0,3807,752875
17,23,0.0047,0.4706,1.0,13791,19116
251,427,0.0107,0.0717,0.9977,758,393932
15,18,0.0037,0.3333,1.0,15036,14289
18,26,0.0066,0.5,1.0,8582,564931
18,23,0.0065,0.6111,1.0,10834,155324
14,20,0.0035,0.4286,1.0,8573,200936
213,359,0.0103,0.0657,0.9916,480,74872
15,50,0.0037,0.3333,1.0,12936,55049
26,31,0.0081,0.4231,1.0,9937,639999
16,18,0.0059,0.5,1.0,10769,510465
14,14,0.0073,0.7143,1.0,5651,285073
221,357,0.0118,0.0724,1.0,419,130816
33,53,0.0096,0.3939,1.0,12431,21220
20,33,0.0096,0.65,1.0,4956,422412
43,61,0.0081,0.2558,1.0,5878,209981
27,31,0.0088,0.4444,1.0,1593,591524
24,28,0.0059,0.3333,1.0,12265,161733
19,19,0.0074,0.5263,1.0,2149,417188
26,26,0.0066,0.3462,1.0,15228,356821
21,34,0.0074,0.4762,1.0,12336,479774
47,56,0.0066,0.1915,0.9821,10599,662863
18,24,0.0059,0.4444,1.0,1433,191775
20,22,0.0066,0.45,1.0,8800,566189
18,21,0.0066,0.5,1.0,7422,108549
33,17,0.0111,0.5758,0.8235,6822,495041
13,6,0.0089,0.9231,1.0,14070,221112
33,31,0.0118,0.4848,0.8065,10230,406190
41,56,0.0089,0.2927,1.0,15676,661528
19,11,0.0089,0.6316,1.0,7623,738017
20,15,0.0103,0.7,0.8,4072,537838
143,172,0.0155,0.1469,0.9826,9474,531554
201,161,0.0303,0.204,0.9068,10603,416864
90,54,0.0258,0.3889,0.8518,5152,121333
54,59,0.0096,0.2407,0.9322,15572,578173
53,56,0.0126,0.3207,0.8929,5872,297066
33,36,0.0089,0.3636,0.9722,11448,479667
16,23,0.0081,0.6875,0.8696,15546,249262
35,42,0.0088,0.3429,1.0,7470,95686
12,13,0.0059,0.6667,1.0,2243,447965
16,19,0.0044,0.375,0.9474,11799,60967
17,15,0.0066,0.5294,0.9333,1767,357703
49,42,0.013999999999999999,0.3878,0.8095,12318,660027
22,21,0.0059,0.3636,0.8571,1989,127950
14,14,0.0074,0.7143,1.0,12841,432607
38,21,0.0148,0.5263,0.5714,12993,350602
28,19,0.0118,0.5714,1.0,7389,150063
15,12,0.0089,0.8,1.0,10085,447452
15,11,0.0066,0.6,1.0,12822,439338
23,12,0.0103,0.6087,1.0,8952,110315
94,94,0.0162,0.23399999999999999,0.9255,9669,164955
748,403,0.0994,0.1805,0.3796,2969,275933
65,40,0.017,0.3539,0.8,5007,570923
13,12,0.0059,0.6154,1.0,12006,394241
19,13,0.0096,0.6842,0.9231,15201,383745
12,7,0.0088,1.0,1.0,7454,342363
50,56,0.0111,0.3,0.9464,4005,759528
28,16,0.013999999999999999,0.6786,0.6875,2312,133734
24,12,0.0081,0.4583,0.9167,8609,152935
17,17,0.0044,0.3529,1.0,6528,53864
28,25,0.0096,0.4643,0.96,15228,638219
18,20,0.0089,0.6667,1.0,6250,342311
106,98,0.0162,0.2076,0.7041,3076,104406
21,27,0.0074,0.4762,1.0,9318,220261
58,50,0.0132,0.3103,1.0,14500,120504
23,17,0.0111,0.6522,0.9412,854,622994
15,10,0.0081,0.7333,0.9,5921,459277
15,20,0.0052,0.4667,1.0,1918,330036
93,120,0.0103,0.1505,1.0,12092,390807
197,207,0.0236,0.1624,0.9855,10064,24308
106,103,0.0162,0.2076,0.932,14099,704103
61,67,0.0169,0.3771,0.9552,11801,146204
117,94,0.0251,0.2906,0.7979,5401,157263
470,380,0.0776,0.2234,0.8,3920,174995
70,90,0.017,0.3286,0.9778,4686,378078
101,56,0.0148,0.198,0.9107,5004,204287
466,536,0.0274,0.0794,0.7295,111,650014
96,102,0.0184,0.2604,0.8627,1294,314095
90,99,0.0236,0.3556,0.9394,7746,568251
67,62,0.0148,0.2985,0.9194,2860,390822
202,161,0.0289,0.1931,0.8261,178,365303
107,129,0.0214,0.271,0.9612,6012,102810
84,55,0.0229,0.369,0.7455,7196,163711
85,94,0.0148,0.2353,0.9043,8024,410633
235,230,0.0339,0.1957,0.813,9510,92706
95,77,0.0192,0.2737,0.5974,13723,663807
69,70,0.0096,0.1884,0.9857,10627,55194
60,53,0.0244,0.55,0.9623,12665,511373
15,13,0.0074,0.6667,0.9231,11857,369650
98,100,0.0184,0.2551,0.97,4401,773127
47,40,0.0125,0.3617,0.875,8483,556549
30,16,0.0125,0.5667,0.875,8265,606567
25,22,0.0096,0.52,1.0,8648,195785
19,20,0.0052,0.3684,1.0,15733,28897
591,431,0.0546,0.1252,0.5151,13098,588495
31,15,0.013999999999999999,0.6129,1.0,13176,305696
55,36,0.0133,0.3273,0.7778,5691,132301
14,14,0.0074,0.7143,1.0,7682,495172
14,8,0.0096,0.9286,0.875,7904,708768
20,14,0.0074,0.5,0.7143,3892,293940
45,35,0.0184,0.5556,0.5429,2156,625342
18,7,0.0096,0.7222,1.0,11580,656575
22,30,0.0059,0.3636,0.9667,5963,355856
17,14,0.0044,0.3529,1.0,10020,347596
12,14,0.0052,0.5833,1.0,12164,613312
106,83,0.017,0.217,0.8072,15370,175828
56,38,0.0177,0.4286,0.8947,11722,199022
10,12,0.0066,0.9,0.9167,6433,451186
28,21,0.0103,0.5,0.9048,6800,125588
23,16,0.0118,0.6956,0.8125,10345,462598
15,16,0.0044,0.4,1.0,13879,292891
25,29,0.0103,0.56,0.9655,1762,78175
20,11,0.0118,0.8,0.7273,13150,93290
54,33,0.0251,0.6296,0.7576,14837,730040
30,36,0.011000000000000001,0.5,1.0,4768,774898
17,13,0.0081,0.6471,0.8461,13626,252147
23,14,0.0081,0.4783,1.0,3250,424909
12,11,0.0081,0.9167,0.9091,769,209319
19,16,0.0081,0.5789,0.875,9131,628743
76,76,0.0162,0.2895,0.9737,7740,656395
52,35,0.0213,0.5577,0.5143,5227,640534
16,13,0.0088,0.75,0.8461,123,549794
26,25,0.0096,0.5,0.88,13399,379259
36,22,0.0125,0.4722,0.9546,817,317084
25,28,0.0081,0.44,1.0,11963,114337
24,27,0.0074,0.4167,1.0,15120,544755
72,92,0.0126,0.2361,0.9891,2777,479799
27,22,0.0148,0.7407,0.9546,3501,526717
84,82,0.027999999999999997,0.4524,0.9024,3474,748408
20,19,0.0103,0.7,0.6316,8931,506603
31,23,0.0148,0.6452,0.8261,7758,25232
33,28,0.0155,0.6364,0.75,12642,593976
72,55,0.013999999999999999,0.2639,0.9273,5259,584500
37,33,0.0111,0.4054,0.8182,9815,299669
16,13,0.0103,0.875,0.9231,11211,438917
19,17,0.0066,0.4737,0.9412,10216,88620
174,100,0.053,0.4138,0.45,9686,202273
16,13,0.0074,0.625,0.9231,8584,137873
20,11,0.0096,0.65,0.9091,11912,117446
31,18,0.0192,0.8387,0.6111,2561,254614
84,50,0.0258,0.4167,0.7,7787,245556
17,11,0.0103,0.8235,1.0,1479,288416
50,26,0.0206,0.56,0.5385,1164,488659
73,60,0.0236,0.4384,0.4833,8683,128525
25,21,0.0096,0.52,0.9524,13328,718322
22,10,0.0162,1.0,0.6,12514,650863
17,13,0.0074,0.5882,1.0,1667,374723
18,12,0.0111,0.8333,0.9167,938,443593
12,10,0.0074,0.8333,0.9,15074,146939
23,17,0.0074,0.4348,1.0,11445,300124
15,10,0.0074,0.6667,1.0,15095,347484
22,7,0.0155,0.9546,0.7143,4292,73813
13,11,0.0074,0.7692,1.0,3459,72926
38,25,0.013999999999999999,0.5,0.52,9538,176291
22,14,0.0111,0.6818,0.8571,4854,664429
38,44,0.0118,0.4211,0.9773,5871,347592
36,33,0.013999999999999999,0.5278,0.9091,9947,643504
29,24,0.0126,0.5862,0.875,11426,355513
13,11,0.0081,0.8461,0.9091,7199,399992
20,18,0.0089,0.6,1.0,13939,253879
10,11,0.0066,0.9,1.0,15135,250344
28,25,0.0118,0.5714,0.92,499,722105
29,17,0.0126,0.5862,0.5882,13225,519489
38,29,0.0103,0.3684,0.9309999999999999,11875,703459
12,14,0.0059,0.6667,1.0,10853,81604
30,29,0.0089,0.4,0.9309999999999999,6944,78214
13,11,0.0066,0.6923,1.0,12102,688517
15,13,0.0066,0.6,1.0,3612,512347
27,17,0.0185,0.9259,0.5882,15740,8260
19,13,0.0096,0.6842,1.0,13983,778220
19,17,0.0088,0.6316,0.9412,2391,772907
22,17,0.0125,0.7727,0.7059,13301,78745
68,89,0.0155,0.3088,1.0,14762,687791
22,20,0.0074,0.4545,1.0,4176,23814
114,144,0.013999999999999999,0.1667,0.9931,4527,63384
13,15,0.0059,0.6154,1.0,14044,5831
64,70,0.0155,0.3281,0.8714,4478,487153
19,17,0.0096,0.6842,1.0,4866,532918
19,26,0.0066,0.4737,0.9231,7096,584999
24,21,0.0103,0.5833,0.9524,13801,4760
12,10,0.0066,0.75,1.0,809,477514
22,23,0.0103,0.6364,0.9565,7944,342137
19,12,0.0118,0.8421,0.75,7293,189474
73,68,0.0206,0.3836,0.7059,11698,162080
13,9,0.0074,0.7692,1.0,1397,37803
25,21,0.0096,0.52,1.0,15540,497740
28,17,0.0118,0.5714,0.5882,2550,541667
24,16,0.0126,0.7083,0.75,14445,665386
40,43,0.0111,0.375,0.9535,1201,437834
20,21,0.0118,0.8,0.5714,7090,695841
150,151,0.0207,0.1867,0.8477,14662,661893
35,36,0.0066,0.2571,1.0,15042,543532
15,12,0.0074,0.6667,1.0,6610,109393
20,23,0.0104,0.7,1.0,1075,227002
11,13,0.0052,0.6364,1.0,15657,597443
14,18,0.0044,0.4286,0.9444,4396,585606
11,13,0.0052,0.6364,0.9231,12110,607559
70,35,0.0184,0.3571,0.6,3775,434629
37,23,0.0147,0.5405,0.6522,1133,315210
109,59,0.0389,0.4862,0.3559,12463,454464
25,15,0.0139,0.76,0.8,7827,372550
112,59,0.0382,0.4643,0.5254,5958,636682
45,30,0.0154,0.4667,0.5333,5868,762880
49,17,0.0221,0.6122,0.7059,9461,349002
73,48,0.036000000000000004,0.6712,0.5417,2664,454141
24,27,0.0081,0.4583,0.963,6492,573170
28,31,0.0059,0.2857,0.9677,15381,609089
206,294,0.0132,0.0874,1.0,4364,726354
35,39,0.0051,0.2,0.9744,12896,773246
175,211,0.0147,0.1143,0.9858,13825,17868
26,21,0.0073,0.3846,0.9524,4447,268582
24,20,0.0095,0.5417,0.95,13073,12407
21,26,0.0066,0.4286,0.9615,5541,271028
229,289,0.0213,0.1266,0.9723,13257,308928
42,56,0.0081,0.2619,1.0,3770,283512
13,12,0.0072,0.7692,0.9167,2544,693170
9,11,0.0058,0.8889,1.0,9204,329303
10,12,0.0065,0.9,1.0,4209,509254
8,11,0.0058,1.0,1.0,3557,82417
56,60,0.0115,0.2857,0.9833,2720,204305
10,9,0.0072,1.0,1.0,6713,88311
13,15,0.0094,1.0,1.0,9805,273659
59,104,0.0137,0.322,0.9808,6310,115312
16,11,0.0108,0.9375,0.8182,14890,708923
18,11,0.013000000000000001,1.0,1.0,4476,13756
16,17,0.0094,0.8125,0.7647,12232,83070
12,12,0.0058,0.6667,1.0,3683,227049
8,10,0.0058,1.0,1.0,4762,446188
8,11,0.0058,1.0,1.0,249,453032
8,14,0.005,0.875,1.0,9486,454887
8,11,0.005,0.875,1.0,688,346904
8,9,0.0058,1.0,1.0,8364,612852
24,27,0.0173,1.0,1.0,5892,601760
12,15,0.0087,1.0,1.0,2315,523882
11,13,0.0079,1.0,1.0,3843,275380
9,13,0.0065,1.0,1.0,11740,143456
11,10,0.0072,0.9091,1.0,12130,399638
12,10,0.0079,0.9167,1.0,5356,635957
10,11,0.0058,0.8,0.8182,13806,379861
9,11,0.0065,1.0,1.0,2844,591555
11,10,0.0079,1.0,1.0,11179,210692
10,13,0.0065,0.9,0.9231,6257,357131
9,10,0.005,0.7778,1.0,3545,577192
9,11,0.0043,0.6667,1.0,4490,544469
9,9,0.0058,0.8889,1.0,635,593651
9,11,0.0065,1.0,1.0,10686,325971
11,11,0.0072,0.9091,1.0,9243,529582
12,12,0.0079,0.9167,1.0,4409,97763
9,8,0.0058,0.8889,1.0,2705,686086
104,101,0.044000000000000004,0.5865,0.6832,5730,192382
80,61,0.0526,0.9125,0.6721,1022,141347
14,18,0.0102,1.0,1.0,3286,454271
17,17,0.0124,1.0,1.0,15639,258531
16,17,0.0109,0.9375,1.0,11500,319930
17,21,0.0109,0.8824,1.0,13812,608948
13,19,0.0095,1.0,1.0,2163,292520
28,49,0.0137,0.6786,0.9796,3779,174340
33,35,0.0142,0.7273,0.9714,9349,443392
10449,18152,0.1123,0.0144,0.9994,1817,276291
1022,593,0.1643,0.2251,0.3525,9110,114307
1138,597,0.1569,0.1933,0.34,13138,241986
992,578,0.1607,0.2268,0.3616,12286,127266
1084,680,0.3105,0.4022,0.3441,15535,60851
1169,712,0.1602,0.1916,0.2781,6139,737442
1193,709,0.5906,0.6941,0.2863,13951,133132
999,605,0.1579,0.2212,0.3669,837,341205
1050,684,0.1595,0.2124,0.3012,13202,202155
1015,586,0.2739,0.3783,0.3737,4822,337586
729,433,0.1262,0.2428,0.4249,7383,106716
796,513,0.1291,0.2274,0.3801,4836,620401
788,534,0.4957,0.8807,0.3371,9551,730808
713,448,0.1293,0.2539,0.4576,10853,475386
1021,696,0.1602,0.2194,0.3247,11062,193082
790,539,0.1279,0.2266,0.397,12614,137542
842,562,0.29600000000000004,0.4929,0.3416,4426,625519
926,591,0.4964,0.7505,0.3401,2803,734662
802,537,0.1318,0.2307,0.3911,4404,317732
814,534,0.1336,0.2297,0.3633,7395,343378
853,535,0.1248,0.2052,0.3794,12972,254093
768,507,0.1332,0.2435,0.355,1574,286369
755,497,0.1364,0.253,0.3803,11366,46979
696,480,0.1309,0.2629,0.4167,9524,413275
794,495,0.1236,0.2179,0.4404,4784,580480
749,482,0.1336,0.2497,0.4108,11466,2147
720,469,0.1264,0.2458,0.3049,9660,351916
929,568,0.6209,0.9343,0.3151,1252,620688
763,456,0.133,0.2438,0.4276,4847,752713
30,16,0.0136,0.6333,0.6875,9242,751865
67,47,0.0179,0.3731,0.617,4209,27101
670,425,0.128,0.2672,0.3482,9975,283777
745,463,0.128,0.2403,0.3218,15327,767242
756,469,0.1293,0.2394,0.3689,9602,407476
38,27,0.0121,0.4474,0.5185,6665,60497
780,453,0.1293,0.2321,0.3775,10506,271571
779,468,0.1252,0.2246,0.3654,4172,550521
867,541,0.1257,0.203,0.3309,1739,298641
731,420,0.1252,0.2394,0.381,12381,67860
670,399,0.1243,0.2597,0.4135,1197,533258
821,498,0.1245,0.2119,0.3795,11268,52608
805,503,0.1221,0.2124,0.3439,3426,453719
805,503,0.125,0.2174,0.3678,13215,450139
763,425,0.1238,0.2267,0.3529,13401,601494
861,522,0.1264,0.2056,0.387,5608,298222
143,98,0.025,0.2448,0.5204,8114,352217
865,517,0.1271,0.2058,0.3288,10164,435362
595,357,0.1286,0.3025,0.3866,3469,251359
796,478,0.125,0.2199,0.3912,10795,633563
795,441,0.1229,0.2164,0.3878,15201,602992
735,415,0.2868,0.5456,0.3952,10807,597304
708,424,0.125,0.2472,0.3844,11874,313853
976,557,0.1297,0.1855,0.3232,15237,547447
607,362,0.12300000000000001,0.2834,0.4724,1986,695054
657,387,0.1238,0.2633,0.4444,7552,464968
664,396,0.122,0.2575,0.4141,9467,522881
617,372,0.1327,0.3015,0.4435,10898,710906
94,63,0.0207,0.3085,0.5079,8703,163718
114,79,0.0236,0.2895,0.44299999999999995,12013,548222
552,319,0.1271,0.3225,0.4389,14933,646220
758,419,0.1307,0.2414,0.3914,11604,224373
131,91,0.0193,0.2061,0.5824,13890,304118
650,443,0.1227,0.2646,0.3612,11722,413438
617,334,0.1205,0.2739,0.4102,10306,5608
675,452,0.1157,0.24,0.3717,4939,305964
631,374,0.1086,0.2409,0.4465,4003,586693
614,359,0.1077,0.2459,0.4512,5671,557267
589,406,0.1091,0.2598,0.4236,14188,379674
500,310,0.1056,0.29600000000000004,0.4903,13566,365257
634,404,0.1107,0.2445,0.4505,6577,252367
793,469,0.1113,0.1967,0.4051,7915,512709
694,424,0.1086,0.21899999999999997,0.4363,3866,176629
660,378,0.107,0.2273,0.4233,8104,635432
572,370,0.1093,0.2675,0.4351,7055,775194
618,381,0.1086,0.2459,0.3884,7763,41172
572,363,0.1148,0.2815,0.3829,11718,771509
577,349,0.1091,0.2652,0.4269,2983,57797
579,357,0.1064,0.2573,0.4706,14789,565689
560,331,0.1071,0.2679,0.4471,15363,542440
596,348,0.107,0.2517,0.45399999999999996,12022,709337
562,361,0.1083,0.2705,0.4377,13142,439686
587,352,0.1077,0.2572,0.4744,7683,127739
622,374,0.1086,0.2444,0.4492,8221,509070
593,354,0.1077,0.2546,0.4124,1137,152447
538,348,0.1077,0.2807,0.4856,2953,17163
616,365,0.1043,0.237,0.4356,13307,329655
634,359,0.1091,0.2413,0.4011,7636,764252
631,390,0.1177,0.2615,0.4615,10308,242915
639,388,0.1077,0.2363,0.4639,2781,590131
705,420,0.1063,0.2113,0.3857,6830,377911
591,367,0.1114,0.264,0.4578,7246,421771
608,375,0.1106,0.2549,0.4587,9568,571788
621,400,0.1093,0.2464,0.3925,1540,154826
639,387,0.1091,0.2394,0.4108,15420,659074
649,409,0.1057,0.228,0.4157,7844,731297
623,387,0.1113,0.2504,0.4961,8208,261400
700,462,0.11199999999999999,0.2243,0.3896,10583,522362
626,397,0.1064,0.23800000000000002,0.4005,2905,629948
699,429,0.1098,0.2203,0.345,14699,669121
570,356,0.1129,0.2772,0.4157,11664,742822
578,382,0.2511,0.609,0.5078,1273,462770
564,343,0.1027,0.2553,0.4402,5746,489368
652,418,0.1084,0.2331,0.3421,8757,758828
801,433,0.1114,0.1948,0.3857,8896,190678
685,407,0.1084,0.2219,0.4226,6020,35423
754,454,0.1129,0.2095,0.3634,11827,307070
659,387,0.1041,0.2216,0.4264,12160,130472
757,441,0.11699999999999999,0.2166,0.39,5627,239406
625,418,0.1049,0.2352,0.3947,3514,267162
319,173,0.1106,0.4859,0.4335,5999,221214
239,110,0.1054,0.6192,0.4545,8539,652143
655,382,0.105,0.2244,0.4058,3442,683899
755,444,0.1111,0.2066,0.3739,11419,692271
232,124,0.1063,0.6422,0.4516,9868,648122
214,118,0.1106,0.7243,0.4746,7606,449837
743,453,0.1106,0.2086,0.3642,10973,63992
289,166,0.1083,0.526,0.4578,10527,264998
268,152,0.1047,0.5485,0.4671,6582,500834
611,384,0.1054,0.2422,0.4089,2304,306119
602,355,0.109,0.2542,0.4789,8244,332010
653,398,0.1113,0.2389,0.3744,13174,780720
682,424,0.107,0.2199,0.4033,3761,684028
636,383,0.1086,0.239,0.4073,5933,352881
255,129,0.0556,0.3059,0.5426,10255,670983
239,133,0.1127,0.6611,0.4286,3784,688979
578,322,0.1113,0.2699,0.5155,8732,500672
235,133,0.1043,0.6213,0.5489,2900,513530
181,90,0.1027,0.7956,0.5889,1181,721065
226,128,0.1,0.6195,0.3906,9132,696518
588,360,0.1007,0.2398,0.3944,12171,530745
190,107,0.1014,0.7474,0.5327,5019,32542
325,186,0.1,0.4308,0.4355,5330,574629
175,125,0.0443,0.3543,0.56,1200,527082
332,207,0.0564,0.2379,0.4879,8759,716504
280,166,0.0971,0.4857,0.5301,13096,173460
558,338,0.0957,0.2401,0.4379,13060,509137
558,343,0.0993,0.2491,0.4723,12663,60181
230,119,0.0986,0.6,0.5714,5288,320184
381,216,0.1057,0.3884,0.3935,4766,737679
248,153,0.1127,0.6169,0.3399,7040,650540
240,136,0.1105,0.625,0.5662,10919,343826
248,116,0.1051,0.5766,0.5345,12819,200913
70,42,0.0287,0.5571,0.4524,9557,144641
39,26,0.0206,0.7179,0.7308,11408,644749
179,108,0.0971,0.7374,0.4537,7376,208047
172,88,0.1035,0.8198,0.5341,15188,37921
198,83,0.1044,0.7172,0.5904,5664,416316
215,115,0.1051,0.6651,0.4522,5730,502097
262,168,0.0426,0.2214,0.6548,7947,734947
226,105,0.0962,0.5796,0.5619,4042,99915
31,21,0.0161,0.7097,0.381,9560,653612
197,98,0.0971,0.6701,0.551,9219,604937
210,116,0.1044,0.6762,0.431,12928,27203
219,106,0.1059,0.6575,0.4528,9397,301459
157,85,0.08900000000000001,0.7707,0.5529,10544,93444
179,96,0.091,0.6927,0.5104,9624,371695
184,87,0.0928,0.6848,0.5402,15654,475915
196,102,0.0991,0.6888,0.5,389,332822
187,94,0.0896,0.6524,0.5,636,393624
182,93,0.105,0.7857,0.5054,4418,266236
163,87,0.0859,0.7178,0.5402,7322,525035
175,89,0.08900000000000001,0.6914,0.5281,9861,242478
163,82,0.0875,0.7301,0.5732,9538,220046
177,90,0.0978,0.7514,0.5222,748,758697
161,78,0.0963,0.8137,0.5897,6684,313869
178,108,0.1051,0.8034,0.4537,10622,425453
178,96,0.0978,0.7472,0.5313,5981,522947
166,99,0.0947,0.7771,0.4848,14949,293687
191,102,0.1015,0.7225,0.451,6868,606114
191,102,0.1035,0.7382,0.5098,10743,560395
166,88,0.1,0.8193,0.5454,5005,139322
196,91,0.1073,0.7449,0.5824,10669,291559
200,110,0.1154,0.785,0.5909,6576,165504
210,123,0.1158,0.7476,0.5285,875,159750
228,137,0.1127,0.6711,0.5401,9079,37310
250,130,0.1099,0.596,0.5923,14451,94408
51,31,0.027999999999999997,0.7451,0.5161,15034,55244
211,110,0.1141,0.7346,0.5636,11669,751259
216,119,0.1099,0.6898,0.4958,5409,713936
205,117,0.1136,0.7512,0.4872,5481,335600
40,23,0.0288,0.975,0.5652,2739,62234
50,30,0.0272,0.74,0.4667,790,112018
188,118,0.115,0.8298,0.5085,13203,48027
209,138,0.1141,0.7416,0.4493,6993,57322
198,119,0.1156,0.7929,0.5294,3757,644730
202,106,0.1149,0.7723,0.5849,6071,427437
207,117,0.1114,0.7295,0.5128,12939,671322
192,109,0.1156,0.8177,0.5963,8004,473774
200,112,0.1154,0.785,0.5268,15538,740926
216,124,0.1143,0.7176,0.5484,9413,409801
205,117,0.1141,0.7561,0.5043,9366,533833
206,129,0.1156,0.7621,0.4961,14861,689571
182,113,0.1134,0.8461,0.5929,15311,388183
209,117,0.1187,0.7703,0.5385,3426,674947
231,168,0.055999999999999994,0.32899999999999996,0.494,3832,353183
211,136,0.1127,0.7251,0.4853,9143,414501
269,164,0.0501,0.2528,0.4695,3013,47691
212,131,0.1112,0.7123,0.45799999999999996,14827,758299
220,142,0.0494,0.3045,0.5352,12240,530617
227,139,0.0553,0.3304,0.5539999999999999,10249,571060
214,130,0.1186,0.7523,0.4769,12008,168756
249,136,0.1156,0.6305,0.4485,3824,407840
317,184,0.0582,0.2492,0.4565,467,695912
257,129,0.1274,0.6732,0.5116,773,620551
231,125,0.1274,0.7489,0.544,1962,584748
240,128,0.1254,0.7083,0.5313,12536,634225
262,153,0.1244,0.645,0.4118,9081,613394
229,124,0.1261,0.7467,0.5565,4513,605717
274,156,0.1303,0.6459999999999999,0.4295,4230,755784
344,174,0.1252,0.4942,0.3678,5250,350409
268,141,0.132,0.6679,0.4894,7443,461350
315,145,0.1261,0.5429,0.4621,5584,722357
285,165,0.1326,0.6316,0.4545,7674,563958
247,133,0.1291,0.7085,0.4962,2031,129599
242,128,0.0589,0.3306,0.6094,4255,362662
255,125,0.1289,0.6863,0.536,633,313674
293,153,0.1298,0.6007,0.4314,4116,475511
260,120,0.1274,0.6654,0.5417,15179,324772
261,143,0.1261,0.6552,0.4685,1578,426298
276,127,0.1296,0.6377,0.5354,3405,14067
279,154,0.1291,0.6272,0.4545,12799,120288
266,139,0.1254,0.6391,0.4388,7421,64011
257,128,0.1268,0.6693,0.5,3676,279603
257,115,0.1291,0.6809,0.5391,5865,656394
297,152,0.1318,0.6027,0.5461,7766,75772
278,138,0.1289,0.6295,0.4927,2878,557992
331,159,0.132,0.5408,0.4465,9863,161695
288,156,0.1303,0.6146,0.4295,9982,605007
351,173,0.1311,0.5071,0.3931,9893,584142
316,170,0.1274,0.5475,0.4,7515,161418
2,1,0.0015,1.0,1.0,4850,554975
238,142,0.1274,0.7269,0.4718,9608,400295
279,160,0.1318,0.6416,0.4187,15715,601036
259,133,0.1289,0.6757,0.5113,8768,137906
273,132,0.1276,0.6337,0.5379,11662,260286
266,131,0.1237,0.6316,0.5114,1047,720581
333,162,0.1311,0.5345,0.537,7489,413756
278,134,0.1274,0.6223,0.4925,11574,605898
310,151,0.1327,0.5806,0.4503,1886,178008
252,113,0.1333,0.7182,0.5841,680,314065
223,117,0.1237,0.7534,0.5983,8683,250222
171,85,0.0531,0.4211,0.6353,4197,238293
276,134,0.1259,0.6196,0.5224,4178,263837
282,140,0.1327,0.6383,0.45,14038,590117
247,128,0.1303,0.7166,0.5313,2801,467752
244,131,0.1289,0.7172,0.5191,849,345480
293,135,0.1259,0.5836,0.4667,5741,406055
262,133,0.1303,0.6756,0.4962,2926,196159
251,123,0.1298,0.7012,0.5529,2663,494577
271,138,0.1259,0.631,0.4855,11428,599952
234,119,0.1289,0.7479,0.6302,2887,333357
280,143,0.1289,0.625,0.5245,5833,134213
256,113,0.1303,0.6914,0.5664,5947,609114
312,171,0.0692,0.3013,0.4912,2422,435363
265,125,0.1291,0.6604,0.528,8356,519309
263,137,0.1254,0.6464,0.4891,15126,759479
296,156,0.1254,0.5743,0.4615,13217,594022
287,132,0.1276,0.6028,0.5303,12635,303409
222,104,0.1289,0.7883,0.625,6923,695834
253,135,0.1303,0.6996,0.5185,2908,705249
277,151,0.1296,0.6354,0.4172,1371,429242
283,147,0.1265,0.6078,0.4014,13890,400650
286,147,0.1303,0.6189,0.4558,13751,631259
2,1,0.0015,1.0,1.0,7246,457706
257,123,0.1303,0.6887,0.5529,3327,92029
312,167,0.1305,0.5673,0.3533,930,383982
263,137,0.1267,0.654,0.4963,9746,610548
265,132,0.1291,0.6604,0.5,7016,702171
290,151,0.1276,0.5965,0.4503,11104,741860
276,141,0.1274,0.6268,0.5177,14132,339996
307,140,0.1276,0.5635,0.4643,12545,56521
313,158,0.1311,0.5687,0.4114,12810,724616
310,145,0.1311,0.5742,0.4897,11058,178813
291,160,0.1267,0.5911,0.4125,10128,377449
306,149,0.1237,0.5489999999999999,0.4497,12522,589049
259,149,0.0449,0.2355,0.5772,2046,309636
277,162,0.1224,0.5993,0.4259,4406,693670
243,129,0.1291,0.7202,0.5349,2644,622751
293,142,0.1267,0.5870000000000001,0.4437,9368,644945
263,135,0.1303,0.6729999999999999,0.4667,1786,225094
295,159,0.1259,0.5797,0.4025,1414,340948
273,132,0.1259,0.6264,0.4545,12836,420863
219,125,0.1244,0.7717,0.52,15425,26829
242,131,0.1274,0.7149,0.4733,2146,656626
251,125,0.1237,0.6693,0.488,9210,228413
181,101,0.0427,0.3204,0.6139,11567,103157
269,140,0.1303,0.6579999999999999,0.4786,1136,644934
328,172,0.1303,0.5396,0.4186,11879,643310
275,148,0.1303,0.6436,0.4189,2262,566913
275,134,0.1289,0.6364,0.4552,6983,216763
299,149,0.1276,0.5786,0.4497,4931,386071
356,186,0.1267,0.4832,0.4301,12776,51451
324,184,0.1289,0.5401,0.3641,8793,32273
41,25,0.0243,0.8049,0.64,10489,175209
263,143,0.1274,0.6578,0.4615,1331,311889
300,154,0.1274,0.5767,0.4416,7346,386180
323,149,0.1303,0.5479999999999999,0.4027,7009,695323
43,21,0.025,0.7907,0.6667,7547,227587
275,134,0.1291,0.6364,0.5149,14213,557528
264,135,0.1303,0.6704,0.4963,12310,628867
276,143,0.1303,0.6413,0.5105,7007,492302
330,175,0.1283,0.5273,0.4171,1528,274910
295,138,0.1291,0.5932,0.47100000000000003,15403,493625
274,139,0.1274,0.6314,0.4604,10201,620357
274,131,0.1289,0.6387,0.5114,4490,734145
302,155,0.1289,0.5795,0.4516,10481,141526
28,14,0.0184,0.8929,0.9286,12911,17025
252,138,0.1291,0.6944,0.5,13827,661415
274,141,0.1298,0.6423,0.4823,1823,641465
284,145,0.1268,0.6056,0.4897,5025,276309
289,160,0.1326,0.6228,0.425,3458,37307
286,159,0.1254,0.5944,0.4151,11172,236962
298,138,0.1244,0.5671,0.413,14283,146143
288,155,0.1239,0.5833,0.3742,15586,464678
266,144,0.1259,0.6429,0.4097,672,701259
303,154,0.1246,0.5578,0.4026,7696,230651
296,169,0.1237,0.5676,0.3846,14327,524535
262,137,0.1215,0.6298,0.4525,15221,430082
289,158,0.1254,0.5882,0.4114,6519,239318
188,91,0.0957,0.6915,0.5714,9653,758375
150,76,0.0913,0.8267,0.7105,10837,40411
257,136,0.1235,0.6537,0.4044,14554,84741
176,89,0.1016,0.7841,0.5955,1509,255838
177,99,0.0956,0.7345,0.5454,11822,729414
163,89,0.0949,0.7914,0.573,1567,60740
175,99,0.0941,0.7314,0.4949,7738,444410
157,86,0.0875,0.758,0.5698,2653,101631
179,100,0.1016,0.7709999999999999,0.53,3594,744639
185,108,0.1022,0.7513,0.537,10576,549111
157,95,0.1116,0.9682,0.5053,4379,447567
203,90,0.0912,0.6108,0.5778,9818,156268
185,102,0.1031,0.7568,0.5,422,769773
851,424,0.5692,0.9083,0.2901,13483,296201
805,400,0.1649,0.2783,0.3375,3727,591045
740,356,0.1649,0.3027,0.3511,1947,569598
943,539,0.1807,0.2641,0.2282,4362,529007
861,501,0.6226,0.9965,0.3094,7080,168202
173,87,0.0834,0.8035,0.5747,820,20118
191,114,0.0697,0.6073,0.4386,11643,590017
169,93,0.0671,0.6627,0.5161,6879,282374
173,100,0.075,0.7225,0.48,12493,532418
405,216,0.0612,0.2519,0.5093,13479,295017
166,89,0.0725,0.7289,0.5506,11502,556442
320,197,0.0738,0.3844,0.5736,6595,490925
462,260,0.0762,0.2749,0.5423,4473,318120
492,293,0.0714,0.2419,0.4744,6556,770440
297,258,0.0308,0.1414,0.8798,12702,684334
29,17,0.0177,0.8276,0.9412,9435,657847
31,9,0.0184,0.8065,0.7778,11682,225767
7,4,0.0052,1.0,1.0,5689,443810
17,13,0.0066,0.5294,1.0,12751,257085
14,7,0.0088,0.8571,0.8571,5318,734136
6,4,0.0037,0.8333,1.0,12747,322702
9,5,0.0059,0.8889,0.8,6846,432032
4,4,0.0029,1.0,1.0,503,610485
5,6,0.003,0.8,1.0,14415,159438
4,4,0.003,1.0,1.0,7597,133991
5,5,0.0037,1.0,1.0,12538,397976
5,4,0.0037,1.0,1.0,5434,25207
10,4,0.0066,0.9,0.75,98,693111
6,3,0.0044,1.0,1.0,13306,352393
7,3,0.0052,1.0,1.0,8069,35581
6,3,0.0044,1.0,1.0,9575,616148
12,10,0.0074,0.8333,1.0,7864,87489
9,4,0.0059,0.8889,1.0,3526,624700
6,4,0.0037,0.8333,1.0,3763,179039
5,3,0.0037,1.0,1.0,12281,738690
6,5,0.0037,0.8333,1.0,8392,126614
6,4,0.0044,1.0,1.0,10558,80011
6,4,0.003,0.6667,1.0,14930,425950
5,4,0.0037,1.0,0.75,1511,508457
3,4,0.0022,1.0,1.0,3500,52429
4,3,0.0029,1.0,1.0,2411,184004
4,4,0.0029,1.0,0.75,12056,284860
3,3,0.0022,1.0,1.0,5422,556100
6,2,0.0044,1.0,1.0,2516,630377
4,5,0.003,1.0,0.8,15559,301987
8,4,0.0059,1.0,1.0,1715,624764
7,4,0.0052,1.0,1.0,5934,23684
11,7,0.0081,1.0,0.8571,2187,714868
7,4,0.0052,1.0,1.0,10683,630236
23,13,0.0147,0.8696,0.9231,8481,47435
6,4,0.0044,1.0,1.0,4437,18391
7,4,0.0052,1.0,1.0,4353,655746
12,5,0.0059,0.6667,1.0,9245,653271
13,7,0.0074,0.7692,0.7143,761,324836
7,5,0.0052,1.0,0.8,5631,19058
7,6,0.0044,0.8571,0.8333,12694,112086
6,4,0.0037,0.8333,1.0,5675,685685
7,4,0.0037,0.7143,1.0,3235,261551
9,8,0.0044,0.6667,0.75,14952,180674
6,4,0.0037,0.8333,1.0,14378,148156
8,6,0.0044,0.75,1.0,13193,433145
6,5,0.0044,1.0,1.0,1770,510226
6,4,0.0044,1.0,1.0,2762,617335
9,7,0.0044,0.6667,0.8571,13554,692405
9,5,0.0052,0.7778,1.0,10064,176506
5,6,0.0037,1.0,1.0,3956,780289
16,8,0.0103,0.875,0.75,12990,541897
5,4,0.0037,1.0,1.0,3292,143451
7,5,0.0044,0.8571,1.0,14665,427296
6,5,0.0044,1.0,1.0,7652,531923
8,5,0.0059,1.0,0.8,10401,36148
8,5,0.0044,0.75,1.0,9823,493440
10,4,0.0074,1.0,1.0,13041,121539
19,12,0.0088,0.6316,0.6667,2014,672503
7,4,0.0052,1.0,1.0,1757,127470
7,7,0.0052,1.0,0.8571,1113,666236
9,8,0.0059,0.8889,0.625,12191,25326
8,4,0.0052,0.875,1.0,13645,11104
5,4,0.0037,1.0,1.0,12330,351005
6,4,0.0044,1.0,1.0,10703,554644
7,6,0.0044,0.8571,0.8333,10087,294257
15,7,0.0074,0.6667,0.8571,13046,198054
9,8,0.0059,0.8889,1.0,6504,234439
13,7,0.0059,0.6154,1.0,3779,146064
10,7,0.0074,1.0,0.5714,8248,666483
9,6,0.0052,0.7778,0.8333,4629,236315
5,4,0.0037,1.0,1.0,118,222426
9,6,0.0044,0.6667,0.8333,14263,758858
29,31,0.0104,0.4828,1.0,1003,91721
48,62,0.0111,0.3125,0.9194,15272,529561
48,61,0.0074,0.2083,1.0,4445,262448
25,39,0.0066,0.36,1.0,13352,521319
55,81,0.0081,0.2,1.0,12724,316729
73,90,0.0155,0.2877,0.8222,1694,150751
78,127,0.0047,0.1026,1.0,11549,697459
23,36,0.0044,0.2609,1.0,15292,61322
19,25,0.0052,0.3684,1.0,10669,503876
27,35,0.0052,0.2593,1.0,14492,125255
30,38,0.0052,0.2333,1.0,7903,729151
20,47,0.0037,0.25,0.9787,1337,730262
15,30,0.003,0.2667,1.0,7547,438385
16,28,0.0037,0.3125,1.0,6719,563089
15,18,0.0037,0.3333,1.0,396,57095
14,19,0.0044,0.4286,0.9474,2097,578022
18,29,0.0044,0.3333,1.0,708,125858
15,20,0.0044,0.4,1.0,5557,334826
16,19,0.0044,0.375,0.9474,11827,512920
47,13,0.0218,0.7659999999999999,0.6154,11112,599722
20,8,0.0097,0.8,0.875,8948,383140
29,13,0.017,0.9655,0.6154,375,263818
28,9,0.0164,0.9643,0.4444,6683,507243
26,6,0.0121,0.7692,0.6667,5322,690537
24,9,0.0133,0.9167,0.5556,15506,13030
19,11,0.0079,0.6842,0.8182,10394,340577
129,157,0.0136,0.1783,0.9682,12785,326114
15,17,0.0054,0.6,1.0,8308,114961
19,31,0.0044,0.3158,1.0,390,564696
57,88,0.0073,0.1754,1.0,10873,299389
74,103,0.0081,0.1487,1.0,5818,407364
68,95,0.0073,0.1471,1.0,4285,194903
102,150,0.0081,0.1078,1.0,2748,364388
99,134,0.0117,0.1616,1.0,15373,407043
82,107,0.0081,0.1341,1.0,11077,372985
99,117,0.0125,0.1717,0.9829,6404,542745
31,50,0.0066,0.2903,1.0,13362,123125
91,105,0.0081,0.1209,0.9905,7295,232478
67,90,0.0081,0.1642,0.9889,11529,670795
59,83,0.0066,0.1525,0.9759,6921,73847
124,163,0.0088,0.0968,1.0,13525,79361
75,112,0.0081,0.1467,1.0,5407,498854
107,141,0.0088,0.1121,0.9858,9968,663904
56,93,0.0081,0.1964,1.0,9062,39788
113,146,0.0081,0.0974,0.9931,9528,278239
90,110,0.0081,0.1222,1.0,4384,28125
25,26,0.0044,0.24,1.0,5642,774459
16,23,0.0051,0.4375,0.9565,5930,59503
14,21,0.0044,0.4286,1.0,3904,494837
13,15,0.0051,0.5385,1.0,13031,577992
21,24,0.0059,0.381,1.0,1061,29473
18,28,0.0059,0.4444,1.0,11593,68636
13,14,0.0059,0.6154,1.0,15087,151756
15,20,0.0044,0.4,1.0,3983,412609
15,15,0.0073,0.6667,1.0,4195,527287
11,12,0.0064,1.0,1.0,7976,347528
119,135,0.0569,0.8067,0.563,8966,263203
8,11,0.0048,0.875,1.0,2081,360494
18,51,0.0126,0.9444,1.0,9899,717069
11,12,0.0081,1.0,1.0,9740,508051
46,52,0.0154,0.5652,0.9615,13631,678523
13,14,0.0077,1.0,1.0,553,649995
14,29,0.0087,0.8571,1.0,6412,307680
12,21,0.0065,0.75,0.9524,77,669917
13,47,0.0079,0.8461,0.9787,8073,463540
15,29,0.0066,0.6,1.0,5288,334864
32,20,0.0179,0.6875,0.45,15628,616331
10,37,0.0057,0.7,1.0,1032,397421
12,16,0.0065,0.9167,1.0,8428,27458
15,16,0.0089,0.8,1.0,13667,708983
19,22,0.0089,0.7895,1.0,5598,649501
15,14,0.0071,0.8,1.0,10402,531283
44,15,0.0303,0.9318,0.5333,6491,738349
21,19,0.0096,0.6191,1.0,6147,356053
42,29,0.0266,0.8571,0.9655,7947,545070
27,12,0.02,1.0,0.8333,11668,427099
16,20,0.0096,0.8125,1.0,5757,726297
21,25,0.0117,0.7619,1.0,8265,100679
25,16,0.0117,0.64,0.875,9556,619215
19,15,0.0077,0.6842,1.0,13877,486211
10,10,0.0047,0.8,1.0,13817,717042
14,19,0.0041,0.5,1.0,11007,225946
10,6,0.0047,0.8,1.0,7290,15041
8,8,0.0047,1.0,0.875,8294,563930
12,10,0.0047,0.6667,0.9,9319,89516
9,9,0.0041,0.7778,0.8889,12347,603392
14,9,0.0071,0.8571,1.0,6834,387898
9,7,0.0041,0.7778,1.0,5232,503113
11,8,0.0053,0.8182,1.0,8334,158626
9,8,0.0041,0.7778,1.0,8019,415678
12,10,0.0059,0.8333,0.9,1318,18465
11,10,0.0059,0.9091,1.0,2972,687259
19,14,0.0083,0.7368,1.0,7187,62298
20,13,0.0089,0.75,1.0,13770,322287
12,11,0.0053,0.75,1.0,13482,535699
12,14,0.0053,0.75,1.0,9371,566675
53,43,0.0178,0.5660000000000001,0.7907,9261,706779
14,11,0.0077,0.9286,1.0,5888,162431
10,10,0.0059,1.0,1.0,5518,37565
13,10,0.0053,0.6923,1.0,6501,504241
23,31,0.0053,0.3913,0.9677,2427,455922
13,10,0.0059,0.7692,1.0,7906,716299
14,11,0.0059,0.7143,1.0,13407,656020
15,10,0.0077,0.8667,1.0,5099,232476
11,8,0.0053,0.8182,1.0,7509,754791
23,21,0.0083,0.6087,0.9524,7435,26452
25,23,0.0071,0.48,0.9565,5024,100696
15,18,0.0053,0.6,1.0,7286,185275
21,23,0.0077,0.6191,0.9565,4269,48861
15,12,0.0071,0.8,1.0,13048,17612
26,23,0.0136,0.8846,0.9565,12189,575373
11,12,0.0036,0.5454,1.0,6767,87672
17,16,0.0071,0.7059,0.9375,12549,466595
15,12,0.0059,0.6667,1.0,12241,326280
16,11,0.0059,0.625,1.0,7183,127725
10,12,0.0041,0.7,1.0,10272,444885
50,34,0.0166,0.56,0.9706,5362,516071
14,10,0.0065,0.7857,1.0,13838,305607
20,18,0.0095,0.8,1.0,15374,237679
55,33,0.0213,0.6546,0.8788,6111,291196
23,21,0.0089,0.6522,1.0,14950,267092
9,11,0.0047,0.8889,1.0,8418,117251
15,12,0.0077,0.8667,1.0,10651,501785
17,8,0.0089,0.8824,1.0,3764,434272
22,21,0.0059,0.4545,1.0,5622,154427
12,15,0.0047,0.6667,1.0,9205,306715
16,17,0.0071,0.75,1.0,13804,463443
13,15,0.0047,0.6154,0.9333,5691,106367
13,14,0.0053,0.6923,1.0,13943,593316
18,19,0.0077,0.7222,1.0,3241,515268
30,17,0.0148,0.8333,0.7647,3465,94954
10,14,0.0047,0.8,1.0,4009,207241
11,9,0.0059,0.9091,1.0,11420,410087
15,11,0.0071,0.8,1.0,10946,342364
14,10,0.0071,0.8571,1.0,10422,723654
11,9,0.0053,0.8182,1.0,6753,410877
11,10,0.0053,0.8182,1.0,11252,497621
88,63,0.0225,0.4318,0.6667,14310,41473
10,10,0.0053,0.9,1.0,12826,78998
14,12,0.0059,0.7143,1.0,14133,610560
11,12,0.0053,0.8182,1.0,12736,25445
102,101,0.0142,0.2353,0.9208,11298,502479
83,92,0.0136,0.2771,0.9891,14031,171304
16,11,0.0053,0.5625,1.0,2611,163904
12,10,0.0054,0.75,1.0,880,694370
25,26,0.0089,0.6,1.0,407,319374
13,8,0.0065,0.8461,1.0,13697,430530
10,8,0.0053,0.9,1.0,9458,729501
11,10,0.0059,0.9091,1.0,12978,186997
20,20,0.0095,0.8,1.0,10501,489122
10,8,0.0047,0.8,1.0,11200,236057
11,10,0.0065,1.0,1.0,14405,161983
10,8,0.0047,0.8,1.0,518,233520
13,14,0.0059,0.7692,1.0,15686,232407
32,23,0.0161,0.6875,1.0,5686,670288
11,11,0.0066,0.8182,1.0,6995,509842
15,18,0.0081,0.7333,1.0,2647,345250
13,21,0.0037,0.3846,1.0,2042,327532
109,61,0.0611,0.7615,0.3934,9367,740050
9,9,0.0059,0.8889,1.0,13475,399562
21,28,0.0044,0.2857,1.0,3401,598458
11,10,0.0052,0.6364,1.0,7906,633440
14,14,0.0066,0.6429,1.0,14769,276967
11,14,0.0037,0.4545,1.0,12901,80952
14,14,0.0059,0.5714,1.0,9239,715413
12,16,0.0052,0.5833,1.0,949,140457
16,29,0.0044,0.375,1.0,11317,677750
13,11,0.0067,0.6923,1.0,3013,387061
14,8,0.0065,0.6429,1.0,14222,496407
15,15,0.0073,0.6667,1.0,6335,241495
12,11,0.0065,0.75,1.0,6125,557687
15,14,0.0074,0.6667,1.0,7146,46959
14,12,0.0081,0.7857,1.0,1892,439316
20,8,0.0074,0.5,1.0,14843,532065
37,20,0.0161,0.5946,0.85,3339,727782
12,7,0.006,0.8333,1.0,3354,317675
25,30,0.006,0.4,1.0,14281,491069
24,23,0.0091,0.625,1.0,13362,339831
16,14,0.0055,0.5625,1.0,7836,566744
20,24,0.0049,0.4,1.0,5990,174606
16,13,0.0061,0.625,1.0,13289,608266
18,10,0.0103,0.9444,0.9,9991,547326
34,16,0.0109,0.5294,0.6875,2974,177480
32,14,0.0115,0.5938,0.6429,11635,347507
14,11,0.0079,0.9286,0.6364,6808,183230
24,7,0.0139,0.9583,0.7143,7162,327137
10,9,0.0047,0.8,1.0,6994,51014
20,25,0.0091,0.75,1.0,11693,384332
24,15,0.0073,0.5,0.9333,1875,340788
126,108,0.0199,0.2619,0.6389,7302,214800
10,8,0.0054,0.9,1.0,10021,247993
28,22,0.0129,0.7857,0.9091,10401,152316
10,9,0.0053,0.9,0.8889,1695,71271
19,11,0.0091,0.7895,0.8182,6967,219131
23,44,0.0066,0.3913,1.0,9651,183574
32,28,0.0132,0.5625,0.9286,11625,678578
23,28,0.0074,0.4348,1.0,6731,478949
37,33,0.0132,0.4865,1.0,1932,527938
17,13,0.0096,0.7647,1.0,4796,303520
28,26,0.0155,0.75,1.0,14698,101657
14,12,0.0089,0.8571,1.0,15624,674190
21,18,0.0066,0.4286,0.9444,13751,649076
14,14,0.0088,0.8571,1.0,11570,445343
12,10,0.0066,0.75,1.0,10469,663359
11,11,0.0059,0.7273,1.0,10342,746010
16,15,0.0086,0.875,1.0,14869,248761
20,23,0.0091,0.75,1.0,2107,109796
13,11,0.006,0.7692,1.0,13294,437747
11,13,0.0066,1.0,1.0,2454,317761
19,16,0.0078,0.6842,1.0,229,745200
21,20,0.0048,0.381,1.0,10590,25191
20,19,0.0085,0.7,1.0,4978,342670
12,13,0.0055,0.75,1.0,5879,394028
12,14,0.0043,0.5833,1.0,4588,544725
15,11,0.0067,0.7333,1.0,11398,193915
12,15,0.0055,0.75,1.0,15107,500456
14,10,0.0061,0.7143,1.0,12015,679397
31,25,0.0158,0.8387,0.84,14261,585839
11,12,0.0061,0.9091,1.0,12073,497017
16,9,0.0091,0.9375,0.8889,11586,746717
11,11,0.0043,0.6364,1.0,3718,50736
17,17,0.0061,0.5882,1.0,14131,652654
10,8,0.0055,0.9,1.0,8856,573138
8,10,0.0036,0.75,1.0,6605,389764
25,11,0.0142,0.96,0.5454,4249,437066
18,14,0.0065,0.6111,1.0,9199,395074
17,15,0.006,0.5882,1.0,5213,742789
18,12,0.0088,0.8333,0.9167,10591,375107
9,7,0.0047,0.8889,1.0,2947,636070
9,8,0.0035,0.6667,1.0,7861,424343
6,6,0.0035,1.0,1.0,12896,289430
10,7,0.0053,0.9,1.0,55,613135
31,32,0.0086,0.4516,1.0,14911,528574
12,9,0.0055,0.75,1.0,4915,450933
13,12,0.0068,0.8461,1.0,7375,660098
16,13,0.008,0.8125,1.0,1603,9906
21,19,0.008,0.6191,0.9474,4596,173606
9,9,0.0049,0.8889,1.0,8204,552620
14,10,0.0068,0.7857,1.0,215,119547
12,10,0.0062,0.8333,1.0,9372,226085
14,12,0.008,0.9286,1.0,674,470285
10,9,0.0049,0.8,1.0,6583,657577
12,10,0.0068,0.9167,1.0,6202,770701
13,10,0.0062,0.7692,1.0,9260,306342
16,13,0.0068,0.6875,1.0,13984,514996
18,14,0.008,0.7222,1.0,1991,210732
14,8,0.0068,0.7857,1.0,3320,500387
12,7,0.0068,0.9167,1.0,6110,362858
16,14,0.008,0.8125,0.9286,14707,638236
10,8,0.0061,1.0,1.0,14265,163920
42,37,0.0185,0.7143,1.0,13897,579302
10,13,0.0049,0.8,1.0,4400,76822
8,8,0.0049,1.0,1.0,11362,38420
14,11,0.0071,0.8571,1.0,15491,319126
11,12,0.0053,0.8182,1.0,4750,334010
18,8,0.01,0.9444,1.0,9467,206554
16,12,0.0059,0.625,0.9167,8179,641193
10,8,0.0067,0.9,1.0,13122,389959
12,10,0.0089,1.0,1.0,10665,578041
14,18,0.0074,0.7143,1.0,5139,257128
11,9,0.0066,0.8182,1.0,10144,509692
15,11,0.0089,0.8,1.0,3523,670296
14,10,0.0066,0.6429,1.0,12943,69724
11,9,0.0066,0.8182,1.0,15090,665872
13,12,0.0074,0.7692,1.0,6812,88452
15,12,0.0103,0.9333,1.0,11362,279673
17,17,0.0081,0.6471,1.0,3149,119908
9,15,0.0052,0.7778,1.0,4544,174801
6,7,0.0044,1.0,1.0,12556,1657
11,10,0.0081,1.0,1.0,14220,317111
31,40,0.0073,0.3226,1.0,8872,690255
67,60,0.0186,0.4627,0.9,4084,756667
96,95,0.0258,0.4479,0.9790000000000001,12771,532782
18,18,0.0078,0.7222,1.0,5215,417423
10,10,0.0042,0.7,1.0,7080,696703
19,21,0.0096,0.8421,1.0,1488,371853
11,10,0.0066,0.8182,1.0,1350,581786
39,43,0.0088,0.3077,1.0,4472,336438
8,14,0.0044,0.75,1.0,3901,629795
12,12,0.0066,0.75,1.0,15042,92358
15,11,0.0088,0.8,1.0,9027,471352
14,11,0.0081,0.7857,1.0,11069,305427
15,20,0.0088,0.8,1.0,9216,663957
24,25,0.0103,0.5833,1.0,6548,37351
46,51,0.0169,0.5,1.0,784,408945
49,59,0.0191,0.5306,0.9661,2648,595161
57,50,0.0184,0.4386,0.94,4318,641583
609,343,0.3878,0.8686,0.105,1330,586471
65,39,0.0176,0.3692,0.6154,2734,73271
13,14,0.0059,0.6154,1.0,10358,372177
10,10,0.0051,0.7,1.0,15568,179079
17,11,0.0081,0.6471,1.0,6048,37019
38,32,0.0088,0.3158,0.9375,13394,450892
60,39,0.0118,0.2667,0.7436,9115,707976
17,17,0.0059,0.4706,1.0,2546,53379
30,43,0.0088,0.4,0.9767,13593,774398
15,11,0.0096,0.8667,0.9091,10071,228716
9,12,0.0052,0.7778,1.0,2339,700004
28,39,0.0074,0.3571,1.0,8899,604645
107,39,0.0484,0.6168,0.3333,2487,275422
44,16,0.0205,0.6364,0.5625,5983,72963
39,20,0.0176,0.6154,0.7,15123,76260
58,29,0.0206,0.4828,0.5172,6555,338288
43,13,0.0162,0.5116,0.9231,2050,577492
53,30,0.0257,0.6604,0.4667,2404,492326
64,33,0.0316,0.6719,0.4545,9140,365355
32,19,0.0191,0.8125,0.6316,2612,200290
18,12,0.0096,0.7222,0.9167,3632,327368
17,20,0.0081,0.6471,1.0,324,15538
50,27,0.0117,0.32,0.7037,11011,736746
33,45,0.0088,0.3636,1.0,2149,493762
25,31,0.0081,0.44,1.0,9961,669676
18,20,0.0081,0.6111,1.0,3808,352270
14,18,0.0088,0.8571,0.9444,4726,699030
42,22,0.0104,0.4048,0.8182,25,399788
30,28,0.0147,0.6667,0.9643,13369,779788
22,19,0.0103,0.6364,0.9474,2231,658197
21,19,0.013999999999999999,0.9048,1.0,6085,536421
27,17,0.0155,0.7778,1.0,14174,520840
22,13,0.0096,0.5909,1.0,13243,453670
17,19,0.0081,0.6471,1.0,13775,218427
19,10,0.0118,0.8421,1.0,4154,71365
36,34,0.0176,0.6389,1.0,9338,123101
208,198,0.0544,0.3413,0.5,13590,681200
20,22,0.0099,0.65,1.0,12369,157021
13,14,0.0084,0.8461,1.0,9464,657842
14,15,0.0069,0.6429,1.0,8757,66365
43,52,0.0115,0.3488,1.0,3011,186502
15,16,0.0071,0.8,1.0,243,701118
16,17,0.0089,0.9375,1.0,11773,165057
17,15,0.0089,0.8824,0.9333,6358,639531
52,41,0.0195,0.6346,0.561,6848,622119
15,14,0.0056,0.6667,1.0,13737,548186
15,11,0.0071,0.8,1.0,4480,93690
24,20,0.01,0.7083,1.0,6099,315688
16,14,0.0071,0.75,0.9286,9150,775503
20,16,0.01,0.85,1.0,3621,274044
106,62,0.0254,0.4057,0.5968,14,621272
35,18,0.0136,0.6571,0.7778,8356,576724
22,17,0.0094,0.7273,0.9412,13439,361905
198,207,0.0514,0.4394,0.6667,7711,488302
709,425,0.0921,0.22,0.2447,12189,704868
192,134,0.0301,0.2656,0.5373,9417,107813
83,41,0.0283,0.5783,0.5366,5430,447105
58,43,0.0242,0.7069,0.7907,6396,165133
103,83,0.0177,0.2913,0.7108,11909,467952
76,83,0.0218,0.4868,0.6626,1588,521743
44,27,0.0189,0.7273,1.0,3316,265147
69,41,0.0171,0.4203,0.6829,43,252118
31,25,0.0142,0.7742,0.8,12661,384999
41,29,0.0124,0.5122,0.9655,6587,708640
25,20,0.0094,0.64,1.0,8322,117966
18,11,0.0089,0.8333,0.9091,12616,498072
26,20,0.0113,0.7308,1.0,12551,252250
15,11,0.0071,0.8,1.0,15305,146275
17,16,0.0089,0.8824,1.0,11563,544863
15,12,0.0083,0.9333,1.0,10743,510712
39,31,0.0142,0.6154,0.9677,11563,70238
12,12,0.0065,0.9167,1.0,8862,28381
15,12,0.0089,1.0,1.0,6253,223668
17,11,0.0083,0.8235,1.0,12445,26946
16,11,0.0077,0.8125,1.0,1234,36193
14,12,0.0071,0.8571,1.0,15128,564301
15,12,0.0083,0.9333,1.0,4075,282190
17,13,0.0077,0.7647,1.0,10029,220457
15,11,0.0077,0.8667,1.0,10589,191723
16,15,0.0077,0.8125,1.0,10336,388257
37,33,0.0101,0.4595,0.9697,15720,397619
14,14,0.0071,0.8571,1.0,15230,120937
25,23,0.0107,0.72,1.0,7102,637695
24,32,0.0053,0.375,1.0,10316,339181
18,14,0.0077,0.7222,0.9286,8842,683647
18,20,0.0106,1.0,1.0,1442,670
17,14,0.0071,0.7059,1.0,3339,237211
17,12,0.0083,0.8235,1.0,3996,630062
30,27,0.013000000000000001,0.7333,1.0,6161,452714
37,24,0.0236,0.8649,0.9583,4355,13793
12,20,0.0066,0.75,1.0,4344,518861
16,15,0.0059,0.5,1.0,11918,682165
12,17,0.0059,0.6667,1.0,2823,150325
14,11,0.0098,0.9286,1.0,1805,569943
16,21,0.0068,0.5625,1.0,12086,93325
21,19,0.0061,0.381,1.0,176,458579
10,10,0.006,0.8,1.0,13702,213425
13,15,0.0053,0.5385,1.0,8622,653390
27,21,0.01,0.6296,0.8095,13360,522200
31,17,0.0161,0.7097,0.7059,11036,663005
23,18,0.0124,0.7391,1.0,6864,387431
83,34,0.0416,0.6867,0.3529,15635,721740
48,35,0.0212,0.6042,0.5143,10874,236233
39,24,0.0161,0.5641,0.5417,14340,163609
51,36,0.0212,0.5686,0.3056,2416,490702
32,17,0.0227,0.9688,0.3529,12363,372578
16,12,0.0095,0.8125,1.0,6114,316764
38,25,0.0169,0.6053,0.68,5946,389135
31,23,0.0161,0.7097,0.6956,6396,188750
24,15,0.0125,0.7083,0.8667,14337,462289
40,21,0.0154,0.525,0.7143,13553,105283
27,17,0.0132,0.6667,0.8824,3951,663568
27,11,0.0132,0.6667,0.9091,11095,636544
32,21,0.011000000000000001,0.4688,1.0,3937,731127
26,24,0.0139,0.7308,0.75,6831,294233
43,30,0.0169,0.5349,0.6667,9702,577899
21,12,0.011000000000000001,0.7143,0.8333,10988,223836
27,15,0.0147,0.7407,0.9333,14818,729836
44,39,0.0176,0.5454,0.5385,4567,567845
44,26,0.0198,0.6136,0.6923,11785,485373
29,20,0.0147,0.6897,0.8,228,13512
28,16,0.0154,0.75,0.75,2369,714621
38,27,0.0191,0.6842,0.8518,10841,122301
44,44,0.0117,0.3636,0.8182,3641,57798
46,29,0.0242,0.7174,0.6897,4726,257507
40,24,0.0154,0.525,0.7083,5734,213522
28,23,0.0117,0.5714,0.8261,4608,47282
72,35,0.0278,0.5278,0.5714,4328,776709
31,24,0.0132,0.5806,0.8333,565,181104
37,35,0.0147,0.5405,0.6286,12499,716873
23,17,0.0132,0.7826,0.8824,8751,373995
44,28,0.0184,0.5682,0.6429,5512,762010
35,22,0.0154,0.6,0.4545,3282,690678
53,32,0.0257,0.6604,0.4375,15669,284067
64,49,0.0242,0.5156,0.5102,6158,633160
62,41,0.0125,0.2742,0.8049,11247,145150
72,37,0.0484,0.9167,0.3514,1460,346630
57,33,0.0139,0.3333,0.7879,7434,615567
99,60,0.0265,0.3636,0.4333,2999,578597
47,27,0.0199,0.5745,0.5185,14708,759897
16,14,0.0081,0.6875,1.0,11589,16501
35,35,0.0184,0.7143,0.9714,6013,279057
26,24,0.0125,0.6539,1.0,50,581092
47,45,0.0198,0.5745,0.9333,12061,429665
30,25,0.0154,0.7,0.88,2383,744235
15,13,0.0095,0.8667,1.0,4748,644465
20,21,0.0081,0.55,0.9524,14921,196739
15,16,0.0088,0.8,1.0,10218,599350
19,14,0.011000000000000001,0.7895,1.0,6946,235144
16,13,0.0088,0.75,1.0,10864,183500
20,13,0.0118,0.8,1.0,11894,208170
21,16,0.011000000000000001,0.7143,1.0,10392,367247
23,22,0.011000000000000001,0.6522,1.0,15292,518384
38,32,0.0235,0.8421,0.9688,9331,490793
37,25,0.022000000000000002,0.8108,1.0,8740,752681
25,32,0.0066,0.36,1.0,2684,498304
23,28,0.0074,0.4348,1.0,5275,694748
16,12,0.0088,0.75,1.0,11539,549986
20,19,0.0081,0.55,0.9474,7194,130815
14,23,0.0066,0.6429,1.0,10320,140562
27,28,0.0125,0.6296,1.0,7791,47798
13,15,0.0088,0.9231,1.0,14697,549623
25,27,0.0117,0.64,1.0,12059,112308
27,23,0.0139,0.7037,0.9129999999999999,3068,124708
15,15,0.0088,0.8,1.0,12633,44493
33,41,0.0154,0.6364,1.0,11132,59369
20,22,0.0074,0.5,1.0,7005,566770
25,28,0.0081,0.44,1.0,1998,289927
26,16,0.0162,0.8461,0.9375,8967,375842
67,55,0.031,0.6269,0.9818,1534,508063
13,16,0.0087,0.9231,1.0,6678,448010
16,106,0.0066,0.5625,1.0,14280,314115
188,212,0.02,0.1436,0.9198,9157,663096
188,189,0.0259,0.1862,0.9682,353,653022
170,285,0.017,0.1353,0.9825,8512,87510
22,29,0.0089,0.5454,1.0,6209,718230
25,37,0.0096,0.52,1.0,9874,401713
5,4,0.003,1.0,1.0,9776,678350
286,141,0.1246,0.5909,0.4114,5667,422653
302,136,0.1261,0.5662,0.4853,13887,299095
10,14,0.0048,0.8,0.9286,7477,270375
23,26,0.0054,0.3913,1.0,15319,561378
17,19,0.0054,0.5294,1.0,14881,185040
25,42,0.006,0.4,1.0,4899,336945
17,18,0.0066,0.6471,1.0,9403,124782
25,32,0.0049,0.32,1.0,10714,625200
12,15,0.0049,0.6667,1.0,7954,98263
41,53,0.0081,0.2683,0.9811,5672,75060
22,31,0.0059,0.3636,1.0,12947,434854
16,23,0.0059,0.5,1.0,5316,304551
26,28,0.0116,0.6154,0.8929,6413,686740
359,392,0.0255,0.0975,0.9592,12599,264592
36,46,0.0077,0.3611,0.9129999999999999,11837,215228
63,131,0.0101,0.2698,0.9847,2758,327547
12,20,0.0053,0.75,1.0,3690,442736
14,21,0.0053,0.6429,1.0,6484,597543
12,22,0.0059,0.8333,1.0,3663,662536
11,17,0.0065,1.0,1.0,8349,462855
12,19,0.0071,1.0,1.0,14144,242292
11,19,0.0053,0.8182,1.0,10418,367708
11,31,0.0047,0.7273,1.0,11562,31932
13,24,0.0065,0.8461,1.0,13785,434154
17,37,0.0053,0.5294,1.0,11985,228153
13,29,0.0047,0.6154,1.0,7799,16971
18,32,0.0071,0.6667,1.0,155,170531
12,21,0.0065,0.9167,1.0,12079,352024
18,39,0.0036,0.3333,1.0,11398,625963
15,26,0.0047,0.5333,1.0,3807,259296
18,35,0.0047,0.4444,1.0,15629,390170
16,22,0.0048,0.5,1.0,9498,576095
15,17,0.0048,0.5333,1.0,5368,399909
11,11,0.0059,0.7273,1.0,3934,131810
18,31,0.0029,0.2222,0.9677,6837,642523
16,23,0.0047,0.5,1.0,5571,665329
33,58,0.0074,0.303,0.9483,4252,215100
36,155,0.0066,0.25,1.0,4167,267074
12,25,0.0059,0.6667,1.0,9218,484984
22,50,0.0059,0.3636,1.0,8900,231740
26,17,0.0102,0.5385,1.0,10677,211334
32,25,0.0095,0.4063,1.0,7127,589839
25,26,0.0088,0.48,0.8461,14400,595891
23,24,0.0073,0.4348,1.0,15580,369392
37,33,0.0095,0.3514,0.9394,15426,170183
35,18,0.016,0.6286,0.7222,5400,216778
38,35,0.008,0.2895,0.9714,15647,644370
25,26,0.0066,0.36,1.0,8055,247889
47,28,0.0116,0.3404,0.8571,14874,154766
24,17,0.0102,0.5833,0.8824,14175,707888
36,29,0.0131,0.5,0.6552,4293,36525
51,49,0.0109,0.2941,0.9592,1907,461004
42,34,0.0102,0.3333,0.7647,3016,351924
34,32,0.0095,0.3823,0.9688,4079,222545
33,23,0.0153,0.6364,0.7826,12645,363486
18,19,0.0073,0.5556,1.0,11715,328155
29,30,0.008,0.3793,1.0,4436,743540
38,42,0.0087,0.3158,1.0,9028,543081
42,39,0.0116,0.381,0.7949,15577,734374
29,39,0.0095,0.4483,1.0,5457,107030
39,46,0.0066,0.2308,1.0,10081,162522
53,37,0.0153,0.3962,0.7838,412,254812
34,38,0.0095,0.3823,0.9474,11269,639020
51,50,0.0124,0.3333,0.96,13194,485932
32,32,0.0109,0.4688,0.9063,9333,711011
11,11,0.0052,0.6364,1.0,548,461337
21,14,0.0088,0.5714,1.0,12383,69299
15,15,0.0074,0.6667,1.0,11176,401089
24,33,0.0088,0.5,1.0,3454,681316
9,10,0.0059,0.8889,1.0,286,286970
20,24,0.0094,0.8,1.0,741,652307
30,35,0.0088,0.5,1.0,95,330931
19,23,0.0053,0.4737,1.0,15312,373767
20,21,0.0088,0.6,1.0,11081,384426
165,53,0.1175,0.9879,0.1509,8176,59019
44,15,0.0225,0.8636,0.5333,704,477510
249,132,0.1664,0.9076,0.8106,3840,406013
9,7,0.0066,1.0,1.0,14137,309572
81,59,0.0269,0.4568,0.3729,12407,480354
46,27,0.0279,0.8261,0.4074,15704,655182
155,85,0.1027,0.8968,0.2353,1019,770773
60,39,0.0148,0.3333,0.5128,14540,19387
68,3,0.0554,1.0,0.6667,4278,581202
153,61,0.1103,0.9804,0.1312,2127,200311
18,6,0.0125,0.9444,0.6667,15700,86325
69,64,0.0234,0.5652,0.7188,1755,253544
118,52,0.0611,0.8644,0.2308,6253,360583
247,106,0.1421,0.9595,0.1321,12163,491017
136,80,0.0654,0.8015,0.2125,5436,451325
28,15,0.0102,0.6071,0.6,7652,529139
24,15,0.0146,0.8333,0.4667,5982,450345
26,11,0.019,1.0,0.3636,1391,736103
29,18,0.0131,0.6207,0.6667,5749,501766
17,5,0.0117,0.9412,1.0,11408,283964
25,8,0.0183,1.0,0.5,9365,490021
19,7,0.013999999999999999,1.0,0.5714,4789,423183
25,16,0.0125,0.68,0.5625,2205,474678
10,8,0.0066,0.9,1.0,2368,599167
21,8,0.0125,0.8095,1.0,8809,606798
361,123,0.2537,0.9557,0.1463,6097,728316
705,225,0.4698,0.905,0.1378,12676,274965
593,166,0.4177,0.9578,0.1807,6113,617773
79,49,0.0309,0.5317,0.3674,10691,31900
501,171,0.3466,0.9381,0.1521,11266,350574
187,105,0.1059,0.77,0.18100000000000002,7053,553800
239,120,0.1532,0.8703,0.1583,7559,713999
1275,276,0.8759,0.9302,0.1123,5843,7949
304,87,0.2175,0.9671,0.1379,14030,612496
106,28,0.07,0.8962,0.2857,12473,562531
58,10,0.042,0.9828,0.6,10205,107505
118,44,0.0781,0.8983,0.25,7532,74439
110,35,0.0737,0.9091,0.2286,13632,344503
44,17,0.0294,0.9091,0.3529,1368,638364
50,18,0.0353,0.96,0.3889,4473,105235
417,106,0.2979,0.9688,0.1509,9375,427002
73,17,0.0537,1.0,0.2941,9420,495396
58,13,0.0428,1.0,0.3846,11671,313951
30,12,0.0199,0.9,0.6667,9659,135420
45,19,0.0287,0.8667,0.3158,3765,713641
10,14,0.005,0.7,1.0,695,183925
62,74,0.0209,0.5484,0.9865,1761,344745
41,42,0.0166,0.6585,1.0,6448,526033
55,49,0.0129,0.3818,0.8776,11258,182195
241,195,0.0412,0.278,0.5179,13274,514555
27,20,0.0162,0.8148,0.85,10343,714050
20,16,0.0103,0.85,0.9375,1155,575710
12,14,0.0089,1.0,1.0,15374,326036
14,17,0.0104,1.0,1.0,3972,276319
15,16,0.0108,1.0,0.9375,13045,115285
10,10,0.0047,0.8,1.0,9226,157136
13,9,0.0065,0.8461,1.0,14590,700822
12,8,0.0059,0.8333,1.0,14542,328592
12,11,0.0053,0.75,0.8182,2036,430577
8,9,0.0047,1.0,1.0,15382,232783
9,6,0.0047,0.8889,1.0,13315,472404
11,10,0.0053,0.8182,1.0,889,413561
18,11,0.0065,0.6111,1.0,14108,385992
12,11,0.0059,0.8333,1.0,4462,306699
12,13,0.0047,0.6667,1.0,13487,530613
9,8,0.0053,1.0,1.0,4934,766014
12,7,0.0065,0.9167,0.8571,7737,107110
11,7,0.0065,1.0,1.0,12526,417618
21,21,0.0081,0.5238,1.0,1664,194226
20,26,0.0111,0.75,1.0,2144,141607
21,18,0.0126,0.8095,0.9444,8278,221784
18,15,0.0095,0.7222,1.0,7052,113554
13,10,0.0081,0.8461,0.9,7582,713545
27,18,0.0103,0.5185,0.8333,11983,315594
20,22,0.0117,0.8,1.0,11338,761234
9,10,0.0059,0.8889,1.0,11171,571794
18,11,0.0088,0.6667,1.0,4682,634110
15,11,0.0088,0.8,1.0,5513,40702
27,17,0.011000000000000001,0.5556,0.9412,12503,447404
27,30,0.0095,0.4815,1.0,9386,78721
11,9,0.0073,0.9091,1.0,9771,12251
15,11,0.0088,0.8,1.0,14517,93813
18,17,0.0103,0.9444,1.0,1223,302529
14,12,0.0073,0.8571,1.0,575,349699
12,8,0.0059,0.8333,1.0,13610,698754
8,7,0.0041,0.875,1.0,13949,2103
16,12,0.0059,0.625,1.0,6911,367000
24,17,0.0083,0.5833,0.7647,2623,5766
21,14,0.0089,0.7143,1.0,6862,566679
13,11,0.0055,0.6923,1.0,7776,458541
38,25,0.015,0.6579,1.0,2645,644814
11,10,0.0048,0.7273,1.0,14359,124983
12,14,0.0072,1.0,0.9286,8825,606474
16,13,0.0072,0.75,1.0,15274,257036
77,54,0.0254,0.5454,0.9074,3396,34482
12,8,0.006,0.8333,1.0,13320,122329
13,12,0.0067,0.8461,1.0,9647,622604
19,14,0.0103,0.8947,1.0,7771,205904
68,61,0.0231,0.5588,0.9836,9672,149543
13,11,0.0065,0.8461,1.0,7259,713910
12,9,0.0065,0.9167,1.0,5783,440531
10,11,0.0049,0.8,1.0,14753,435508
17,18,0.0084,0.8235,1.0,15553,74714
32,31,0.012,0.625,1.0,3884,687597
14,15,0.006,0.7143,1.0,734,58791
10,9,0.0059,0.8,1.0,10249,312602
14,11,0.0079,0.7857,1.0,4048,7590
12,9,0.0066,0.75,1.0,4659,114828
16,13,0.0088,0.75,1.0,7589,398655
10,10,0.0053,0.9,1.0,1413,140393
14,12,0.0066,0.6429,1.0,7063,686340
19,21,0.0088,0.6316,1.0,1108,204352
34,34,0.0161,0.6471,1.0,12447,343683
33,27,0.0185,0.7576,0.963,9018,632384
17,17,0.0094,0.9412,1.0,13180,684010
11,10,0.0059,0.9091,1.0,13032,106978
15,10,0.0065,0.7333,1.0,15565,714106
15,15,0.0083,0.9333,0.9333,4532,477602
14,8,0.0065,0.7857,1.0,12490,603032
9,6,0.0041,0.7778,1.0,1933,287695
11,12,0.0047,0.7273,1.0,3657,175370
12,8,0.0053,0.75,1.0,5309,769854
44,36,0.0227,0.7046,0.8889,10425,609145
12,16,0.0074,0.8333,1.0,2796,693868
20,14,0.0103,0.7,1.0,8195,765802
19,16,0.0125,0.8947,0.9375,3202,678920
18,20,0.0103,0.7778,1.0,440,92306
33,27,0.0199,0.8182,0.7037,13951,585779
17,13,0.0103,0.8235,0.9231,2269,674285
61,67,0.0148,0.4098,0.9701,6845,83875
145,133,0.0266,0.3103,0.7068,13798,109510
35,49,0.0077,0.3714,0.9796,7723,450366
28,37,0.0065,0.3929,1.0,14373,140563
79,78,0.0148,0.3165,0.8846,6748,30896
48,42,0.0095,0.3333,0.9524,2969,363430
42,35,0.0089,0.3571,1.0,15549,316806
36,32,0.0095,0.4444,0.8438,4356,141507
72,65,0.0148,0.3472,0.8769,14044,605574
30,27,0.0095,0.5333,0.7407,4690,724570
36,29,0.0083,0.3889,0.8965,200,196731
123,87,0.0171,0.2358,0.7012,13421,295368
49,44,0.01,0.3469,0.9773,11029,171394
68,57,0.0124,0.3088,0.9123,5096,745978
44,28,0.0095,0.3636,0.9643,11108,304961
37,46,0.0065,0.2973,1.0,12665,528750
51,53,0.0089,0.2941,0.9245,15198,271321
19,17,0.0071,0.6316,1.0,10323,363050
30,25,0.0071,0.4,1.0,9579,536838
91,80,0.0142,0.2637,0.875,12680,172677
29,27,0.0106,0.6207,0.9259,6040,537002
73,59,0.0142,0.3288,0.6949,11996,345895
54,58,0.0095,0.2963,0.9828,5428,775603
176,128,0.0225,0.2159,0.6719,3008,271979
107,140,0.0236,0.2991,1.0,4775,12864
406,366,0.034,0.1133,0.8743,14988,421352
251,303,0.0443,0.239,0.9505,1929,213594
30,28,0.0093,0.4333,0.8214,10072,233303
58,51,0.01,0.2414,0.8235,12143,2618
64,60,0.0172,0.375,0.85,15233,321731
33,19,0.0071,0.3636,0.8421,6465,274024
35,20,0.0106,0.5143,0.8,14335,397163
239,204,0.016,0.113,0.8333,9589,186534
20,15,0.0059,0.5,1.0,11100,27255
32,25,0.0083,0.4375,0.92,1068,776087
28,28,0.0066,0.3214,1.0,13558,366370
25,23,0.011000000000000001,0.6,0.9129999999999999,513,390863
231,284,0.022000000000000002,0.1299,0.9789,11748,342795
12,62,0.0041,0.5833,1.0,5300,147313
13,38,0.0094,1.0,0.9737,620,584920
9,19,0.0065,1.0,1.0,5011,640474
7,29,0.0043,0.8571,1.0,6120,618539
82,246,0.0096,0.1585,0.9837,13930,157244
8,58,0.0037,0.625,1.0,9881,169709
23,56,0.0096,0.5652,0.9286,931,172646
117,257,0.0244,0.2821,0.8949,12237,306106
13,59,0.0089,0.9231,1.0,5775,358343
46,61,0.0126,0.3696,0.6557,3852,183571
9,15,0.0047,0.8889,1.0,15425,349707
59,43,0.0096,0.2203,0.8372,8373,616634
245,395,0.0233,0.1633,0.6329,14780,586922
13,13,0.0041,0.5385,1.0,8851,631378
23,24,0.0077,0.5652,1.0,9675,394842
70,54,0.01,0.2429,0.9074,11996,446789
49,48,0.0148,0.5102,0.9583,14299,540307
13,14,0.0053,0.6923,1.0,7955,483021
271,317,0.0391,0.2435,0.6341,12004,766201
39,25,0.0157,0.6667,0.92,9574,407615
21,9,0.0115,0.9048,0.5556,9056,412938
24,12,0.0136,0.9583,0.5833,12845,612506
18,17,0.0103,0.7778,0.7647,12628,680951
30,18,0.0174,0.8,0.4444,9162,727782
21,23,0.0123,0.8095,1.0,15295,664848
22,11,0.0138,0.8636,0.4545,9688,342590
258,330,0.0564,0.2984,0.6364,4323,721553
56,26,0.0285,0.6964,0.6539,2018,151347
14,13,0.008,0.7857,1.0,6616,550472
16,15,0.0104,0.875,0.9333,5603,773903
25,25,0.0096,0.52,0.92,10553,274252
13,13,0.0066,0.6923,1.0,2446,128943
13,16,0.0059,0.6154,1.0,3929,279593
36,12,0.0178,0.6667,0.75,2417,481646
12,12,0.0052,0.5833,1.0,406,456539
10,11,0.0067,0.9,1.0,10222,98791
14,36,0.0037,0.3571,1.0,8294,315287
13,26,0.0037,0.3846,1.0,2693,730928
12,33,0.0022,0.25,1.0,11387,744145
44,4,0.032,1.0,0.5,15565,474780
30,7,0.0218,1.0,0.5714,4085,335636
23,6,0.0141,1.0,0.8333,3527,348981
32,24,0.0074,0.375,0.9167,6377,369636
4,5,0.0024,1.0,1.0,1713,704055
13,6,0.0095,1.0,0.8333,7290,179791
50,25,0.0236,0.64,0.44,2187,265001
28,20,0.0133,0.6429,0.6,8105,134345
100,61,0.0266,0.45,0.5738,273,265660
192,116,0.0887,0.7813,0.5603,14494,11641
19,39,0.011000000000000001,0.7895,1.0,6255,166817
38,101,0.0118,0.4211,0.9901,9128,778383
25,29,0.0083,0.56,0.8621,10847,451452
12,12,0.0071,1.0,1.0,6221,186478
10,15,0.0059,1.0,1.0,1647,448535
10,15,0.0059,1.0,1.0,627,324629
9,24,0.0047,0.8889,1.0,8520,65416
130,314,0.0125,0.1615,0.9905,11165,521828
104,172,0.0119,0.1923,0.9302,10671,479036
42,125,0.0071,0.2857,0.992,7244,28351
68,162,0.0125,0.3088,0.9074,1645,152315
61,140,0.0071,0.1967,0.9786,9678,567228
39,108,0.0053,0.2308,1.0,13706,112438
43,118,0.0083,0.3256,0.9915,11631,59751
80,162,0.0083,0.175,0.963,1803,299934
45,120,0.0083,0.3111,0.9917,4092,531212
55,106,0.0083,0.2546,0.9717,312,446711
37,113,0.0083,0.3784,0.9912,11397,774000
16,13,0.0071,0.75,0.6154,6902,342050
34,43,0.0053,0.2647,0.9302,8306,97885
22,22,0.0089,0.5909,0.5454,870,637456
28,27,0.0142,0.8214,0.8148,7499,522645
18,34,0.0101,0.9444,1.0,14229,94010
52,48,0.0142,0.4615,0.625,10626,237199
15,31,0.0047,0.5333,1.0,6089,225856
12,27,0.008,0.9167,1.0,9731,417239
908,903,0.0966,0.1476,0.4563,7484,375337
41,42,0.0155,0.5122,0.6667,7538,109475
37,68,0.0236,0.8649,0.8235,576,132321
109,118,0.0192,0.2385,0.8305,15027,27840
13,26,0.0044,0.4615,0.9615,7780,412202
67,137,0.0096,0.19399999999999998,0.9562,15194,620730
40,60,0.0111,0.375,0.95,963,611350
21,24,0.0089,0.5714,0.9167,4144,531154
34,42,0.0126,0.5,0.8333,11985,606302
62,72,0.0148,0.3065,0.9861,4926,342620
97,64,0.0398,0.6701,0.5625,8196,536192
17,25,0.0061,0.5882,1.0,15445,404096
17,16,0.0092,0.8824,1.0,3767,121599
69,56,0.0219,0.5362,0.9821,6339,43533
14,15,0.0047,0.5714,1.0,8610,233125
18,11,0.0106,1.0,1.0,2440,546024
10,10,0.0053,0.9,1.0,4379,684583
22,20,0.0059,0.4545,1.0,2920,544907
11,15,0.0047,0.7273,1.0,8738,199482
21,19,0.0065,0.5238,1.0,8298,222338
15,12,0.0065,0.7333,1.0,3999,68605
179,42,0.1037,0.9776,0.6667,15362,211187
50,29,0.0213,0.58,0.7241,13087,753701
20,13,0.0081,0.55,1.0,1456,723553
26,10,0.0161,0.8461,0.6,3344,9986
211,119,0.0828,0.5355,0.7899,4818,544412
14,10,0.0073,0.8571,0.9,8862,520855
13,10,0.0067,0.8461,1.0,5218,572303
14,12,0.0073,0.8571,1.0,3050,738783
32,33,0.0091,0.4688,0.9394,13213,296685
25,11,0.0145,0.96,0.4545,7437,378645
15,14,0.0073,0.8,1.0,13049,2747
65,53,0.0103,0.2615,0.8868,7339,258091
15,13,0.0079,0.8667,1.0,12710,430256
10,9,0.0049,0.8,1.0,15448,209428
28,17,0.0139,0.8214,1.0,6829,481467
11,10,0.0049,0.7273,1.0,7852,607465
12,13,0.0042,0.5833,1.0,14160,334528
16,21,0.0061,0.625,1.0,14506,676793
14,11,0.0058,0.7143,1.0,2442,216393
20,12,0.0088,0.75,0.5833,14492,754561
21,15,0.0088,0.5714,0.8667,3556,72541
13,12,0.0055,0.6923,1.0,13639,659502
12,11,0.006,0.8333,1.0,1847,22499
16,16,0.0072,0.75,1.0,242,656574
66,54,0.0322,0.8029999999999999,0.9815,8881,427552
8,7,0.0049,1.0,1.0,8757,745770
17,11,0.0095,0.9412,0.9091,6877,167934
17,24,0.0074,0.5882,1.0,12203,712778
13,12,0.0088,0.9231,1.0,11285,449686
10,12,0.0044,0.6,0.9167,14886,378706
8,10,0.0059,1.0,1.0,1268,530292
9,13,0.0044,0.6667,0.9231,13440,778158
35,40,0.0087,0.3429,1.0,9463,136869
53,62,0.0153,0.3962,1.0,4488,280057
8,10,0.0052,0.875,1.0,875,19432
7,7,0.0037,0.7143,1.0,12400,483831
11,15,0.0059,0.7273,1.0,5480,767016
11,13,0.0052,0.6364,1.0,3843,642429
34,29,0.0132,0.5294,1.0,11,458824
19,21,0.0088,0.6316,1.0,13204,510961
29,37,0.0125,0.5862,0.9459,432,447757
12,10,0.0066,0.75,0.9,12125,316169
15,20,0.0037,0.3333,1.0,84,37994
34,30,0.0083,0.4118,0.9667,8038,487104
86,56,0.0319,0.6279,0.5,5605,124278
31,31,0.0083,0.4516,1.0,12953,548034
12,15,0.0047,0.6667,1.0,6272,250544
17,12,0.0103,0.8235,1.0,13246,737039
14,11,0.0071,0.8571,1.0,7819,333436
14,25,0.0052,0.5,1.0,13259,202424
13,26,0.0059,0.6154,1.0,2063,352167
17,17,0.0095,0.7647,1.0,9074,598983
19,11,0.013999999999999999,1.0,1.0,13780,66207
80,46,0.0465,0.7875,0.6087,7789,669449
19,20,0.0088,0.6316,1.0,12215,28103
905,583,0.1723,0.2586,0.5437,4752,394311
32,31,0.013999999999999999,0.5938,0.9677,13529,261286
41,21,0.0178,0.7073,0.7143,6213,53067
38,27,0.0162,0.5789,0.8518,1944,216964
27,28,0.0124,0.7407,1.0,7928,403957
16,65,0.0037,0.3125,1.0,2868,378302
28,33,0.0068,0.3214,1.0,1048,511434
13,11,0.008,1.0,1.0,5312,724057
183,102,0.043,0.38799999999999996,0.5294,5254,695107
26,4,0.0157,1.0,1.0,3660,380401
15,11,0.0067,0.7333,0.9091,3548,679661
74,46,0.0254,0.5811,0.3043,9549,329992
210,181,0.0282,0.18100000000000002,0.8232,15207,487322
43,45,0.011000000000000001,0.3488,0.9111,12750,517451
16,16,0.0073,0.625,0.9375,12924,729046
198,284,0.0463,0.3182,1.0,9614,523096
204,209,0.0251,0.1667,0.7943,13184,520488
88,115,0.0184,0.2841,0.8696,10840,40795
15,13,0.0081,0.7333,0.6154,7826,711886
19,13,0.0103,0.7368,0.6923,5787,615665
102,127,0.0243,0.3235,0.9921,11873,713350
24,14,0.0125,0.7083,0.5714,9800,676058
189,214,0.0515,0.3704,0.9392,7942,173675
21,9,0.0132,0.8571,0.6667,6926,761033
174,180,0.0191,0.1494,0.9778,1736,222882
99,174,0.0066,0.0909,0.9713,5986,723554
233,211,0.0536,0.3133,0.7109,14151,272961
29,18,0.0103,0.4828,0.8333,11987,482403
57,78,0.0088,0.2105,1.0,9481,55797
22,29,0.0065,0.4091,0.9309999999999999,13472,330517
102,112,0.0158,0.2157,0.6696,2923,355074
42,63,0.0086,0.2857,0.9841,6172,215021
83,76,0.0101,0.1687,0.9342,3246,577702
43,36,0.0122,0.3954,0.7222,6072,447807
75,73,0.0144,0.2667,0.8493,8714,311378
79,90,0.0143,0.2532,0.9667,11618,343563
168,174,0.0144,0.1191,0.9023,15417,432459
120,96,0.0187,0.2167,0.8438,2645,214636
96,112,0.0151,0.2188,0.9554,4801,183507
214,220,0.0187,0.1215,0.9273,12235,679801
367,270,0.0301,0.1144,0.6852,3733,26825
365,268,0.0287,0.1096,0.6567,12772,199042
142,151,0.0165,0.162,0.8808,9665,337375
28,13,0.0112,0.6786,0.6923,4031,521555
40,18,0.0213,0.9,0.5556,9462,180072
22,18,0.0104,0.7727,1.0,1088,632482
43,51,0.0088,0.2791,0.9216,9970,265902
21,16,0.0101,0.6667,0.875,1545,17663
61,35,0.0159,0.3607,0.5143,273,685452
38,22,0.0137,0.5,0.7727,8590,24098
18,20,0.0115,0.8889,0.65,6297,92802
14,34,0.0072,0.7143,0.8529,8669,317437
23,27,0.0144,0.8696,0.7037,9426,410040
13,20,0.0065,0.6923,1.0,10767,331500
21,18,0.0115,0.7619,0.8889,6328,770139
18,20,0.0123,0.9444,0.95,10514,725231
17,24,0.0108,0.8824,1.0,8525,482732
9,21,0.0058,0.8889,1.0,13997,577283
18,22,0.008,0.6111,1.0,4300,77097
17,22,0.0102,0.8235,1.0,14237,124523
18,14,0.0123,0.9444,0.9286,43,168327
17,21,0.0102,0.8235,0.9048,15680,663365
18,23,0.0116,0.8889,0.8696,3193,70667
15,19,0.0087,0.8,0.9474,2316,600693
11,15,0.0073,0.9091,1.0,3362,443414
16,15,0.0102,0.875,0.8667,14993,779129
13,23,0.008,0.8461,0.9129999999999999,15716,194044
12,19,0.0087,1.0,0.9474,2790,768064
13,17,0.0087,0.9231,0.9412,2429,301989
12,42,0.0036,0.4167,1.0,4734,531861
28,8,0.0164,0.9643,0.625,10689,83580
19,15,0.0066,0.5789,1.0,9370,715879
43,34,0.0137,0.5116,0.7941,10874,308475
69,41,0.0137,0.3188,0.5122,15080,155531
61,42,0.0143,0.3771,0.6667,9807,699840
40,31,0.0156,0.625,0.5806,6474,482977
36,23,0.0144,0.6389,0.6956,8899,552944
71,43,0.0368,0.7042,0.6279,4267,127401
12,11,0.0066,0.75,0.9091,14342,131533
37,34,0.0197,0.8649,0.4706,4891,176290
134,200,0.026000000000000002,0.2687,0.9,3371,557254
219,206,0.0944,0.5982,0.6602,3056,154614
15,16,0.0089,0.8,0.625,14357,310878
67,80,0.0155,0.3134,0.95,11515,272352
11,9,0.0074,0.9091,1.0,6854,27938
72,67,0.0177,0.3333,0.9851,1552,581990
23,13,0.0125,0.7391,0.9231,4304,197385
13,12,0.0066,0.6923,0.9167,7066,76504
13,14,0.0044,0.4615,1.0,3391,757889
19,14,0.0074,0.5263,0.7857,4428,39467
25,10,0.017,0.92,0.7,3048,433065
81,46,0.0452,0.7531,0.5870000000000001,173,538819
17,19,0.0052,0.4118,1.0,8435,705208
47,32,0.0236,0.6809,0.9063,13445,762099
69,54,0.0118,0.2319,0.9259,13164,35880
109,59,0.0545,0.6789,0.4407,13752,510763
64,37,0.0243,0.5156,0.5676,3241,685306
59,42,0.0324,0.7458,0.5476,14101,386335
34,18,0.0169,0.6765,0.8333,11161,435706
49,33,0.0249,0.6939,0.8182,11638,719291
52,32,0.0147,0.3846,0.7188,2225,633349
56,31,0.0213,0.5179,0.4839,4075,324466
24,25,0.0139,0.7917,0.88,3455,694335
57,43,0.025,0.5965,0.7442,4493,440324
42,25,0.025,0.8095,0.56,13397,72183
56,37,0.0227,0.5536,0.7568,6057,360411
51,35,0.0206,0.5489999999999999,0.7714,11470,97639
29,16,0.013999999999999999,0.6552,0.75,15064,83376
29,16,0.013999999999999999,0.6552,0.75,3777,71139
110,71,0.0272,0.3364,0.6761,1767,372731
62,34,0.0243,0.5323,0.6176,12720,1378
76,51,0.0243,0.4342,0.5294,8987,220884
91,58,0.031,0.4615,0.431,6560,296208
33,23,0.0148,0.6061,0.8261,3140,210307
186,121,0.073,0.5323,0.3554,14344,377482
125,83,0.0177,0.192,0.7349,8294,60541
68,38,0.0184,0.3677,0.6579,2843,660710
55,32,0.0133,0.3273,0.5938,11903,434331
25,18,0.013999999999999999,0.76,0.7778,14991,632211
36,23,0.0155,0.5833,0.8261,3404,347511
12,13,0.0087,1.0,0.9231,253,65232
9,14,0.0052,0.7778,1.0,10672,428126
16,8,0.0103,0.875,0.875,11837,730763
87,71,0.0368,0.5747,0.6197,1716,165169
10,9,0.0066,0.9,1.0,494,64062
307,377,0.0176,0.0782,0.9973,15358,433465
13,16,0.0066,0.6923,1.0,13404,382182
11,8,0.0073,0.9091,1.0,2360,401205
10,8,0.0066,0.9,0.875,15085,223888
14,11,0.0074,0.7143,0.9091,13882,651181
20,15,0.0096,0.65,0.8667,12832,504450
22,18,0.0088,0.5454,0.9444,8635,693860
19,12,0.0118,0.8421,0.5833,68,776538
14,10,0.0081,0.7857,1.0,15188,447623
12,16,0.0066,0.75,0.9375,8462,580314
17,10,0.0088,0.7059,0.9,12455,237644
11,8,0.0066,0.8182,1.0,5788,187268
30,17,0.0132,0.6,0.6471,6134,632288
25,16,0.0132,0.72,0.625,3484,149394
14,10,0.008,0.9286,0.8,7926,647479
25,22,0.0148,0.8,1.0,12583,649995
18,24,0.0077,0.7222,0.9583,6316,261908
14,5,0.0103,1.0,0.8,15031,420414
19,24,0.0066,0.4737,1.0,14416,460345
51,20,0.0236,0.6274,0.65,1955,267274
13,13,0.0052,0.5385,1.0,9212,282083
39,40,0.0099,0.4359,0.975,7319,100872
15,18,0.0047,0.5333,1.0,6296,77471
9,13,0.0041,0.7778,1.0,3350,68569
15,14,0.0044,0.4,1.0,5068,445876
12,18,0.0051,0.5833,1.0,9059,663734
16,20,0.0066,0.5625,1.0,1337,592316
27,27,0.0047,0.2963,1.0,10002,189110
75,125,0.0059,0.1067,1.0,1799,167032
12,13,0.0081,0.9167,1.0,12590,690297
16,13,0.0103,0.875,0.9231,10836,35288
19,20,0.0081,0.5789,1.0,3358,608159
16,27,0.0052,0.4375,0.9259,9853,184924
11,7,0.0081,1.0,0.7143,602,759992
9,4,0.0066,1.0,1.0,6695,430351
12,10,0.0081,0.9167,0.7,1831,764703
19,19,0.0081,0.5789,0.9474,11519,471229
8,9,0.0052,0.875,1.0,2873,670524
12,17,0.0044,0.5,1.0,2754,270767
12,15,0.0052,0.5833,0.8,6445,533273
11,12,0.0066,0.8182,0.9167,12894,665219
9,12,0.0052,0.7778,0.9167,8615,567857
11,8,0.0052,0.6364,1.0,6767,580662
38,46,0.0192,0.6842,0.4348,1191,107681
17,21,0.0066,0.5294,0.9524,16,698850
21,29,0.0096,0.6191,0.5862,5582,304720
17,10,0.0118,0.9412,1.0,6311,132108
51,57,0.0118,0.3137,0.5439,11958,394561
33,36,0.0222,0.9091,0.25,4952,435298
27,32,0.0066,0.3333,0.9063,4050,535138
18,28,0.0052,0.3889,0.9643,8333,338479
10,17,0.0074,1.0,0.9412,8822,120482
25,28,0.0089,0.48,0.7857,7937,689763
18,26,0.0074,0.5556,0.9615,7419,656446
22,38,0.0081,0.5,1.0,3631,537648
18,39,0.0066,0.5,0.9231,11751,199904
14,27,0.0052,0.5,0.963,10360,232459
19,24,0.0059,0.4211,0.9583,11962,186329
20,22,0.0066,0.45,0.9091,7976,232240
33,32,0.0185,0.7576,0.3125,1919,594876
6,12,0.0036,1.0,1.0,5021,500737
40,4,0.0237,1.0,0.5,2569,740442
12,19,0.0041,0.5833,1.0,6845,410984
28,7,0.016,0.9643,0.4286,6269,584178
21,4,0.0124,1.0,0.75,12185,389808
42,15,0.0248,1.0,0.2,9599,596968
23,18,0.0083,0.6087,1.0,280,598800
14,12,0.0065,0.7857,1.0,1315,574546
14,12,0.0065,0.7857,1.0,10091,123936
22,3,0.013000000000000001,1.0,1.0,981,351270
333,62,0.1968,1.0,0.0484,1885,688495
22,8,0.013000000000000001,1.0,0.375,15398,225162
32,11,0.0189,1.0,0.2727,9207,391455
22,5,0.013000000000000001,1.0,0.6,11762,256952
40,3,0.0237,1.0,0.6667,9664,101565
34,7,0.0201,1.0,0.4286,10859,403132
11,12,0.0047,0.7273,1.0,10516,193818
68,11,0.0402,1.0,0.2727,11017,360653
13,10,0.0059,0.7692,1.0,460,569916
12,9,0.0059,0.8333,1.0,2395,491062
29,10,0.0172,1.0,0.3,773,391645
32,7,0.0189,1.0,0.4286,2077,83051
42,8,0.0248,1.0,0.375,1036,596574
32,7,0.0189,1.0,0.4286,2338,182644
38,2,0.0279,1.0,1.0,7693,110453
62,37,0.0197,0.4355,0.4865,11549,720452
39,24,0.0153,0.5385,0.7083,15302,373057
19,6,0.0131,0.9474,0.8333,5048,530137
32,12,0.0168,0.7188,0.8333,7276,735499
12,9,0.0081,0.9167,0.8889,2999,704627
18,11,0.0103,0.9444,0.5454,6495,652512
26,13,0.0121,0.7692,0.6923,11753,128508
14,17,0.0059,0.7143,1.0,2113,57128
14,10,0.0047,0.5714,1.0,3495,561163
23,33,0.0053,0.3913,1.0,291,310227
40,33,0.0065,0.275,0.9091,15351,408556
13,7,0.0066,0.8461,0.5714,15255,346992
35,20,0.0133,0.6286,0.95,12351,504060
134,80,0.0483,0.597,0.575,12662,494689
19,12,0.0103,0.8947,0.6667,6707,492623
36,25,0.015,0.6944,0.44,3206,464949
33,22,0.0102,0.5152,0.7273,4012,638118
34,23,0.0168,0.8235,0.5652,2478,626821
57,44,0.024,0.7193,0.8864,14479,683533
79,40,0.0158,0.3418,0.625,10049,441531
19,6,0.0112,1.0,0.6667,1679,736393
91,47,0.0277,0.5165,0.4043,14980,516376
17,8,0.0095,0.9412,0.75,11413,312484
29,12,0.0095,0.5517,0.75,1018,140891
22,10,0.0124,0.9546,0.7,8002,338272
28,14,0.0148,0.8929,0.3571,727,511672
42,22,0.013000000000000001,0.5238,0.7727,12571,554267
10,5,0.0059,0.8,1.0,7215,104091
20,14,0.0095,0.65,0.6429,2019,744981
33,22,0.0176,0.7273,0.4091,8516,85442
20,14,0.0103,0.7,0.9286,9850,42887
50,27,0.0117,0.32,0.6667,1366,457017
23,18,0.0125,0.7391,0.6667,15592,110166
49,29,0.0199,0.551,0.4483,5988,666733
98,55,0.0213,0.2959,0.5273,13515,604584
30,18,0.0183,0.8333,0.5556,8300,314515
22,16,0.0125,0.7727,0.5625,12503,491335
23,16,0.011000000000000001,0.6522,0.5625,9325,566447
28,20,0.0154,0.75,0.65,2061,190406
27,17,0.011000000000000001,0.5556,0.7059,12077,563456
39,32,0.0176,0.6154,0.5938,8631,230566
38,22,0.0147,0.5263,0.8636,4095,514698
66,46,0.0242,0.5,0.3261,920,638244
61,37,0.0228,0.5082,0.5946,4487,442629
43,28,0.0191,0.6047,0.8571,15546,726106
42,20,0.0147,0.4762,0.9,617,173165
52,42,0.0176,0.4615,0.6905,1188,521093
46,28,0.0132,0.3913,0.8214,9822,340783
26,18,0.0073,0.3846,1.0,7835,349677
24,23,0.0073,0.4167,0.9565,10849,178043
44,26,0.03,0.9318,0.9615,9691,208459
47,18,0.0169,0.4894,0.9444,15263,247087
36,22,0.0184,0.6944,0.8636,7062,226916
67,30,0.0323,0.6567,0.4,12884,359422
51,22,0.0221,0.5882,0.8182,14410,681300
116,58,0.0404,0.4741,0.3103,12385,511158
59,26,0.0243,0.5593,0.7308,5538,719028
91,39,0.036000000000000004,0.5385,0.7179,13716,64180
54,22,0.0206,0.5185,0.7273,13020,233444
44,24,0.0228,0.7046,0.7083,293,417177
40,22,0.0213,0.725,0.6818,10242,69678
97,47,0.0243,0.3402,0.6596,7796,110526
26,22,0.0147,0.7692,0.7273,15727,327640
