index,V15,V16,V17,V21,spf_id
3348,0.0498,0.2415,0.1818,1.0,629535
9912,0.7647,0.3793,0.2069,1.0,114895
271,0.971,0.3426,0.3333,1.0,53197
2451,0.7287,0.4413,0.1556,1.0,764094
2047,0.0695,0.4486,0.0662,1.0,575797
8538,0.62,0.3417,0.1264,1.0,966188
3672,0.4896,0.33899999999999997,0.0795,1.0,266314
3729,0.2253,0.34,0.5,1.0,785504
4123,0.3912,0.2189,0.5,1.0,714926
5678,0.0877,0.4261,0.0976,1.0,209468
7306,0.1257,0.2326,0.25,1.0,504707
7480,0.5987,0.5562,0.1563,1.0,364738
10373,0.0545,0.2593,0.2222,1.0,188443
13540,0.6888,0.1981,0.15,1.0,409616
13383,0.5347,0.2533,0.2308,1.0,993161
5664,0.7931,0.446,0.1136,1.0,490669
5891,0.1849,0.4772,0.1343,1.0,863648
13052,0.1067,0.4599,0.1918,1.0,239588
7116,0.0972,0.2171,0.28,1.0,500286
574,0.0877,0.3549,0.4444,1.0,94883
954,0.0202,0.2406,0.3235,1.0,671972
296,0.051,0.4138,0.3103,1.0,318288
9667,0.0747,0.3801,0.4737,1.0,476998
8052,0.0972,0.3231,0.2564,1.0,483912
11345,0.0889,0.3232,0.2727,1.0,78626
12324,0.0015,0.1739,0.3913,1.0,905490
6002,0.0015,0.2766,0.359,1.0,948976
8488,0.2668,0.213,0.3333,1.0,907673
9313,0.1034,0.3902,0.0837,1.0,700841
4583,0.0714,0.2186,0.3421,1.0,181598
9195,0.7808,0.2121,0.2121,1.0,677129
1425,0.1312,0.3565,0.2063,1.0,731680
8715,0.2322,0.0595,0.2917,1.0,822970
14151,0.0707,0.2357,0.3571,1.0,723999
3365,0.1629,0.3029,0.371,1.0,821993
12358,0.9257,0.2888,0.2791,1.0,733268
7232,0.0177,0.3162,0.3077,1.0,310218
5681,0.2395,0.4676,0.1408,1.0,839783
2069,0.0,0.5625,0.2083,1.0,411012
12769,0.0049,0.2717,0.5217,1.0,49443
3505,0.6224,0.2852,0.1852,1.0,206872
9578,0.1212,0.25,0.3333,1.0,351509
4854,0.086,0.25,0.4615,1.0,120754
6888,0.0455,0.32,0.2,1.0,805847
6152,0.5325,0.4167,0.381,1.0,306731
6438,0.0663,0.3946,0.1837,1.0,809360
12810,0.2183,0.3846,0.5385,1.0,863293
13523,0.8537,0.3039,0.3529,1.0,878823
15212,0.1659,0.375,1.0,0.5,495915
6739,0.9231,0.2857,0.6364,1.0,826755
8277,0.6426,0.3626,0.5385,1.0,650057
6348,0.0154,0.21899999999999997,0.1667,1.0,189156
2501,0.013000000000000001,0.251,0.3333,1.0,970680
10320,0.0618,0.3583,0.4167,1.0,339433
425,0.9284,0.3856,0.2647,1.0,272733
7489,0.4484,0.3992,0.3333,1.0,892959
1693,0.4036,0.3462,0.4615,0.0,615206
464,0.4254,0.4889,0.4,1.0,826190
13965,0.7181,0.3021,0.6667,1.0,455270
4904,0.1456,0.2889,0.4,1.0,693003
4297,0.95,0.2429,0.7,1.0,805165
3088,0.2482,0.2208,0.6364,1.0,446970
15300,0.9192,0.2323,0.8182,1.0,348995
12055,0.1495,0.2143,0.5833,1.0,777025
2155,0.5772,0.2929,0.8182,1.0,322452
1620,0.1103,0.2926,0.15,1.0,759433
14306,0.9669,0.3125,0.4,1.0,856183
11452,0.0411,0.3462,0.4615,1.0,297347
5383,0.0531,0.4375,0.5714,1.0,673382
193,0.0459,0.2222,0.8889,1.0,142963
6451,0.0362,0.3776,0.8461,1.0,181180
9524,0.0607,0.24600000000000002,0.3214,1.0,918055
10005,0.5821,0.4938,0.4,1.0,832491
5404,0.7332,0.4167,0.3333,1.0,235171
5803,0.7355,0.375,0.6667,1.0,905910
15003,0.5272,0.2857,0.8571,0.0,625540
7307,0.4433,0.2509,0.2903,1.0,698847
1200,0.1849,0.2464,0.3913,1.0,739308
11710,0.1771,0.4121,0.0569,1.0,471631
9659,0.0594,0.4012,0.0904,1.0,524717
14347,0.9808,0.6708,0.1566,1.0,619409
10141,0.97,0.2427,0.4706,1.0,322375
12868,0.0425,0.2857,0.875,0.0,351181
11294,0.094,0.4103,0.0519,1.0,215978
12640,0.0838,0.2969,0.75,1.0,579957
13930,0.6638,0.2083,0.5625,1.0,965623
10072,0.7974,0.4143,0.35,1.0,765854
12471,0.2188,0.2839,0.375,1.0,305764
12039,0.1848,0.2702,0.3056,1.0,546679
8058,0.5719,0.465,0.3846,1.0,80701
8890,0.4692,0.3535,0.25,1.0,112184
6654,0.0499,0.3529,0.2464,1.0,231789
12773,0.2338,0.2227,0.19399999999999998,1.0,90704
12625,0.1261,0.2622,0.5909,1.0,453205
1751,0.0205,0.1746,0.7778,0.0,443808
952,0.8203,0.3077,0.4483,1.0,321168
3303,0.7385,0.35100000000000003,0.3077,1.0,869217
9349,0.9231,0.3987,0.1628,1.0,167012
15332,0.8442,0.2829,0.4211,1.0,205825
9565,0.4421,0.2031,0.5,1.0,480917
8331,0.7778,0.3929,0.5833,1.0,489570
10015,0.1491,0.3619,0.4762,1.0,860770
3170,0.2202,0.3214,0.5,1.0,107668
8801,0.5433,0.2152,0.1165,1.0,377661
2359,0.049,0.305,0.2281,1.0,340383
5184,0.2754,0.2267,0.6667,1.0,502877
11255,0.1812,0.3981,0.1066,1.0,227501
11610,0.3174,0.3104,0.4643,1.0,540112
1616,0.5646,0.4271,0.5,1.0,737115
6270,0.0353,0.268,0.5294,1.0,820108
9134,0.11699999999999999,0.4091,0.3438,1.0,280892
4097,0.1418,0.2593,0.3714,1.0,215036
15362,0.0024,0.3373,0.3214,1.0,740052
4855,0.2123,0.3056,0.2813,1.0,425972
4538,0.0024,0.2877,0.0714,1.0,256042
4564,0.0071,0.2878,0.1,1.0,492855
14999,0.0047,0.3333,0.2333,1.0,363323
14556,0.1376,0.2982,0.2667,1.0,867320
7853,0.8916,0.3278,0.45,1.0,143058
13200,0.1355,0.4024,0.1765,1.0,129411
7378,0.1309,0.3724,0.1429,1.0,563626
335,0.1262,0.4303,0.3333,1.0,153454
12915,0.1272,0.3333,0.3333,1.0,563533
6368,0.3408,0.2667,0.4,1.0,871429
11481,0.0059,0.3796,0.2963,1.0,478583
13798,0.125,0.5507,0.1739,1.0,636449
11081,0.1002,0.4296,0.1839,1.0,591299
14402,0.0118,0.4089,0.375,1.0,384828
7111,0.106,0.3941,0.1471,1.0,965286
9421,0.0106,0.1864,0.2903,1.0,464838
828,0.2188,0.3157,0.2045,1.0,929102
11552,0.2474,0.5187,0.2023,1.0,825615
8308,0.0495,0.3291,0.2407,1.0,595397
3807,0.1508,0.4063,0.4688,1.0,253066
13791,0.8969,0.3478,0.3478,1.0,72841
758,0.154,0.3889,0.0422,1.0,86152
15036,0.1475,0.2222,0.2778,1.0,966485
8582,0.1219,0.2308,0.3462,1.0,147761
10834,0.4417,0.3281,0.4783,1.0,966946
8573,0.6533,0.3083,0.3,1.0,387907
480,0.6613,0.4573,0.0393,1.0,19199
12936,0.0353,0.292,0.1,1.0,932020
9937,0.2533,0.3519,0.3548,1.0,127771
10769,0.0442,0.2431,0.4444,1.0,739171
5651,0.5712,0.2571,0.7143,1.0,10422
419,0.6618,0.4189,0.0448,1.0,670235
12431,0.0604,0.2729,0.2453,1.0,622239
4956,0.4345,0.3217,0.3939,1.0,7214
5878,0.3941,0.3383,0.1803,1.0,277831
1593,0.0912,0.3065,0.3871,1.0,446106
12265,0.0265,0.25,0.2857,1.0,295926
2149,0.0236,0.2842,0.5263,1.0,996815
15228,0.027999999999999997,0.4915,0.3462,1.0,152950
12336,0.0236,0.2441,0.2941,1.0,152459
10599,0.0206,0.4647,0.1636,1.0,405286
1433,0.0192,0.4531,0.3333,1.0,756005
8800,0.0221,0.2222,0.4091,1.0,807793
7422,0.025,0.2328,0.4286,1.0,245709
6822,0.6124,0.5376,0.7368,0.0,54937
14070,0.0103,0.2222,0.5,0.0,386718
10230,0.0547,0.435,0.64,1.0,52228
15676,0.0576,0.3512,0.2143,1.0,336738
7623,0.2851,0.3636,0.9167,0.0,358337
4072,0.2142,0.625,0.8571,0.0,542686
9474,0.0576,0.552,0.1243,1.0,246414
10603,0.2083,0.6213,0.2808,1.0,633768
5152,0.1004,0.6764,0.7609,1.0,53435
15572,0.1195,0.4475,0.2364,1.0,75199
5872,0.0,0.5847,0.34,1.0,327274
11448,0.1389,0.5119,0.3429,1.0,581686
15546,0.0148,0.3864,0.55,1.0,934372
7470,0.0044,0.4167,0.2857,1.0,363551
2243,0.0236,0.3173,0.6154,1.0,707779
11799,0.2127,0.4815,0.3333,1.0,277956
1767,0.0443,0.5714,0.6429,1.0,405658
12318,0.0929,0.3808,0.5588,1.0,110714
1989,0.2445,0.4306,0.4444,1.0,302166
12841,0.2327,0.5071,0.7143,1.0,316863
12993,0.257,0.525,0.6,0.0,973512
7389,0.7577,0.4803,0.8421,1.0,33451
10085,0.0369,0.6042,1.0,0.5,973164
12822,0.0133,0.2525,0.8182,1.0,611137
8952,0.2729,0.5536,0.8571,0.0,254135
9669,0.1976,0.5888,0.2529,1.0,339386
2969,0.1193,0.7566,0.8824,1.0,67738
5007,0.5678,0.5204,0.7188,1.0,294018
12006,0.0502,0.3854,0.6667,1.0,42759
15201,0.2866,0.5256,0.9231,0.0,527450
7454,0.3835,0.3452,0.5833,0.0,869804
4005,0.0015,0.5006,0.28300000000000003,1.0,587569
2312,0.3319,0.4115,0.5789,0.0,880225
8609,0.5443,0.3554,1.0,0.5,980646
6528,0.6431,0.3823,0.3529,1.0,749354
15228,0.7463,0.4551,0.5417,1.0,173214
6250,0.1612,0.4833,0.6,1.0,212396
3076,0.0723,0.4177,0.3188,1.0,554160
9318,0.0752,0.4852,0.3704,1.0,960302
14500,0.5847,0.5067,0.36,1.0,195078
854,0.941,0.5333,0.9375,1.0,210843
5921,0.5965,0.2828,0.8182,0.0,786321
1918,0.1991,0.45,0.35,1.0,188359
12092,0.0,0.5167,0.1167,1.0,834785
10064,0.0147,0.5551,0.1569,1.0,41184
14099,0.0148,0.5436,0.2292,1.0,393839
11801,0.0118,0.6461,0.3594,1.0,414511
5401,0.3186,0.6322,0.4533,1.0,149871
3920,0.0502,0.8648,0.3454,1.0,530198
4686,0.3338,0.5084,0.2614,1.0,455257
5004,0.2574,0.4265,0.3922,1.0,706736
111,0.0,0.496,0.0946,1.0,368796
1294,0.003,0.5391,0.2841,1.0,418665
7746,0.2378,0.4005,0.3441,1.0,771658
2860,0.1817,0.4974,0.3509,1.0,430530
178,0.0962,0.4457,0.2932,1.0,456516
6012,0.0399,0.3095,0.2339,1.0,706583
7196,0.3609,0.4422,0.7561,1.0,798077
8024,0.2127,0.3247,0.2353,1.0,408871
9510,0.2032,0.557,0.24600000000000002,1.0,522997
13723,0.0974,0.4875,0.5652,1.0,14414
10627,0.2482,0.39799999999999996,0.1884,1.0,900580
12665,0.2482,0.5876,0.6471,1.0,232453
11857,0.2323,0.4417,0.8333,1.0,154894
4401,0.2788,0.4441,0.2577,1.0,599866
8483,0.09,0.5546,0.4857,1.0,603619
8265,0.2596,0.4202,0.8235,0.0,761483
8648,0.20800000000000002,0.6189,0.5909,1.0,827048
15733,0.2541,0.4714,0.35,1.0,971080
13098,0.6785,0.5386,0.3333,1.0,893406
13176,0.2024,0.3544,0.7895,0.0,777501
5691,0.0206,0.5,0.6429,1.0,837137
7682,0.3131,0.5571,0.7143,1.0,445718
7904,0.1684,0.3407,0.5385,0.0,512694
3892,0.3575,0.45,1.0,0.5,700362
2156,0.055999999999999994,0.4926,0.76,0.0,151324
11580,0.1581,0.4066,0.5385,0.0,386292
5963,0.1755,0.4483,0.2759,1.0,779326
10020,0.0162,0.3929,0.4286,1.0,418695
12164,0.1108,0.3776,0.5,1.0,598720
15370,0.2876,0.4938,0.3433,1.0,499467
11722,0.6824,0.3958,0.7059,1.0,635015
6433,0.8881,0.3434,0.8182,1.0,934797
6800,0.324,0.4812,0.7368,1.0,569543
10345,0.3314,0.5914,0.8125,0.0,52558
13879,0.0266,0.3854,0.375,1.0,841373
1762,0.433,0.4337,0.5,1.0,898982
13150,0.1165,0.4297,0.5,0.0,823174
14837,0.705,0.6635,0.7353,0.0,212963
4768,0.0957,0.2778,0.4167,1.0,528211
13626,0.243,0.5702,1.0,0.5,367302
3250,0.1985,0.3636,0.7857,1.0,924471
769,0.1252,0.4455,0.9091,0.0,708975
9131,0.5243,0.513,0.7857,1.0,470351
7740,0.0722,0.5670000000000001,0.2973,1.0,595232
5227,0.7118,0.6245,0.6207,0.0,365208
123,0.1593,0.5152,0.9167,0.0,449635
13399,0.5258,0.5454,0.5909,1.0,465063
817,0.2493,0.3978,0.8095,1.0,87423
11963,0.0546,0.4221,0.3929,1.0,562618
15120,0.1711,0.4259,0.3704,1.0,404758
2777,0.0,0.3342,0.1868,1.0,986464
3501,0.7552,0.6667,0.9524,1.0,346877
3474,0.0782,0.4772,0.5135,1.0,280914
8931,0.3658,0.5893,0.8571,0.0,656215
7758,0.1534,0.3921,0.95,0.0,657775
12642,0.1696,0.6168,1.0,0.5,512472
5259,0.0458,0.5408,0.3726,1.0,277942
9815,0.3264,0.3951,0.5556,1.0,263282
11211,0.2872,0.4107,0.8571,0.0,70219
10216,0.2121,0.6181,0.5625,1.0,988813
9686,0.6613,0.7306,0.625,0.0,327185
8584,0.0811,0.4667,0.8333,1.0,755845
11912,0.2088,0.5385,0.7692,0.0,227624
2561,0.0723,0.5804,0.4231,0.0,357068
7787,0.4749,0.7437,1.0,0.5,224360
1479,0.3097,0.6039,0.7857,0.0,551943
1164,0.0443,0.3546,0.5,0.0,856410
8683,0.1296,0.4515,0.9063,0.0,838199
13328,0.0619,0.3462,0.65,1.0,541211
12514,0.0796,0.4091,0.2727,0.0,296336
1667,0.0428,0.4077,0.7692,1.0,319875
938,0.2552,0.49700000000000005,0.7333,0.0,349924
15074,0.1224,0.3222,0.9,0.0,572224
11445,0.0251,0.5294,0.5882,1.0,89247
15095,0.1445,0.49,1.0,0.5,35887
4292,0.2714,0.4476,0.2381,0.0,869215
3459,0.1711,0.4727,0.9091,1.0,146561
9538,0.2625,0.4737,0.6842,0.0,172335
4854,0.0605,0.35,0.8,0.0,74106
5871,0.1211,0.2878,0.3721,1.0,335630
9947,0.1078,0.4421,0.6333,1.0,784857
11426,0.0295,0.4818,0.8095,1.0,441201
7199,0.223,0.4636,0.9091,0.0,857491
13939,0.1021,0.4491,0.6667,1.0,88102
15135,0.1165,0.3333,0.8182,1.0,99706
499,0.1254,0.2717,0.6956,1.0,651879
13225,0.1093,0.4177,0.5882,0.0,860264
11875,0.0502,0.4788,0.5185,1.0,895968
10853,0.0192,0.1875,0.5714,1.0,336069
6944,0.0473,0.5617,0.4444,1.0,297421
12102,0.1195,0.3939,0.8182,1.0,648818
3612,0.0325,0.4872,0.6923,1.0,842577
15740,0.4136,0.40399999999999997,0.4,0.0,245105
13983,0.1578,0.3905,1.0,0.5,692946
2391,0.0103,0.5156,0.75,1.0,591119
13301,0.0619,0.4363,0.7059,0.0,569685
14762,0.0118,0.3563,0.23600000000000002,1.0,283374
4176,0.0118,0.455,0.5,1.0,138482
4527,0.0457,0.4954,0.1329,1.0,713539
14044,0.0665,0.2667,0.5333,1.0,321467
4478,0.0369,0.5582,0.3443,1.0,926935
4866,0.0059,0.5611,0.7647,1.0,327347
7096,0.0398,0.3287,0.375,1.0,740860
13801,0.0384,0.2679,0.7,1.0,306932
809,0.003,0.3333,0.9,1.0,890475
7944,0.0354,0.4383,0.6364,1.0,172559
7293,0.0133,0.5069,0.5625,0.0,507550
11698,0.0782,0.5699,0.5833,1.0,98039
1397,0.0192,0.4111,0.9,0.0,878343
15540,0.071,0.4396,0.6191,1.0,614959
2550,0.0251,0.5125,0.625,0.0,700614
14445,0.034,0.5392,0.7059,0.0,249650
1201,0.0399,0.3886,0.3659,1.0,491775
7090,0.0,0.4219,0.75,0.0,972506
14662,0.0355,0.5695,0.2188,1.0,920567
15042,0.0281,0.4074,0.25,1.0,815820
6610,0.0251,0.3667,0.8333,1.0,258828
1075,0.0266,0.382,0.6087,1.0,505716
15657,0.0222,0.2198,0.5385,1.0,109320
4396,0.0,0.3235,0.3529,1.0,565573
12110,0.1281,0.381,0.5833,1.0,782483
3775,0.1853,0.3543,0.84,0.0,724564
1133,0.1542,0.4833,0.75,0.0,79727
12463,0.1747,0.4447,0.3962,0.0,150878
7827,0.1513,0.3772,0.6316,0.0,400435
5958,0.2129,0.6849,0.5961,0.0,455727
5868,0.3069,0.5298,0.7619,0.0,258116
9461,0.3015,0.5667,0.4,0.0,113365
2664,0.2662,0.7551,0.5306,0.0,321937
6492,0.2364,0.3706,0.4231,1.0,332179
15381,0.2056,0.3875,0.2667,1.0,448837
4364,0.1953,0.6725,0.0612,1.0,478929
12896,0.2173,0.5489,0.1842,1.0,131352
13825,0.2059,0.5663,0.0962,1.0,452507
4447,0.239,0.38,0.5,1.0,173233
13073,0.2185,0.5182,0.6842,1.0,137442
5541,0.3559,0.4222,0.36,1.0,231413
13257,0.21,0.5235,0.1032,1.0,317280
3770,0.2273,0.5211,0.1964,1.0,716316
2544,0.6691,0.3455,0.9091,1.0,692933
9204,0.7585,0.25,0.7273,1.0,12053
4209,0.0,0.4352,0.75,1.0,288775
3557,0.8118,0.1477,0.7273,1.0,579769
2720,0.7844,0.5307,0.2712,1.0,42083
6713,0.4585,0.1556,0.9,0.0,500332
9805,0.3735,0.2308,0.8667,1.0,644344
6310,0.7426,0.5397,0.1863,1.0,475998
14890,0.8219,0.4518,0.6,0.0,560116
4476,0.9185,0.3131,0.6111,0.0,187983
12232,0.4182,0.3609,1.0,0.5,705634
3683,0.2408,0.2292,0.6667,1.0,351060
4762,0.7527,0.35,0.8,1.0,228666
249,0.7599,0.2159,0.7273,1.0,313427
9486,0.2033,0.3878,0.5,1.0,739790
688,0.9575,0.1169,0.6364,1.0,386533
8364,0.2293,0.0278,0.8889,1.0,428222
5892,0.4831,0.2222,0.8889,1.0,542347
2315,0.0058,0.2222,0.8,1.0,56837
3843,0.7340000000000001,0.2448,0.8461,1.0,136449
11740,0.1427,0.1795,0.6923,1.0,589445
12130,0.6143,0.19,1.0,0.5,418242
5356,0.6215,0.2273,0.9091,0.0,209896
13806,0.7541,0.2083,0.8889,1.0,7499
2844,0.6532,0.2424,0.8182,1.0,212246
11179,0.659,0.2,0.9091,0.0,402787
6257,0.6619,0.1852,0.75,1.0,482435
3545,0.6446,0.2571,0.7,1.0,343310
4490,0.6417,0.2121,0.5454,1.0,50852
635,0.6388,0.0972,0.8889,1.0,690341
10686,0.6518,0.3636,0.8182,1.0,295670
9243,0.6921,0.0818,0.9091,1.0,651798
4409,0.6979,0.303,0.9167,1.0,149907
2705,0.8003,0.1719,1.0,0.5,678921
5730,0.8565,0.4398,0.8841,1.0,95612
1022,0.5292,0.2957,0.5616,0.0,949403
3286,0.6934,0.0992,0.7778,1.0,650901
15639,0.7254,0.2007,1.0,0.5,676260
11500,0.3074,0.2392,0.8824,1.0,648420
13812,0.7123,0.2159,0.7143,1.0,919620
2163,0.3438,0.2915,0.6842,1.0,443237
3779,0.0779,0.3794,0.3958,1.0,363025
9349,0.0581,0.1973,0.7059,1.0,416140
1817,0.0284,0.9439,0.0083,1.0,687810
9110,0.0,0.4732,0.9087,0.0,777426
13138,0.0043,0.5273,0.9227,0.0,189103
12286,0.0,0.4583,0.9289,0.0,471115
15535,0.0,0.7612,0.5367,0.0,75615
6139,0.0,0.5289,0.8839,0.0,499558
13951,0.0,0.8767,0.2452,0.0,337794
837,0.0014,0.5403,0.9955,1.0,483747
13202,0.0,0.5214,0.9238,0.0,980449
4822,0.0,0.7499,0.5703,0.0,428374
7383,0.0585,0.4854,0.9620000000000001,1.0,848284
4836,0.0585,0.4907,0.9282,1.0,794705
9551,0.0586,0.8429,0.2594,0.0,744280
10853,0.0586,0.5179,0.8829,1.0,974725
11062,0.0529,0.6342,0.9912,1.0,883537
12614,0.0586,0.5347,0.8364,1.0,91127
4426,0.0585,0.7906,0.4627,0.0,415862
2803,0.0557,0.8817,0.2892,0.0,427016
4404,0.0584,0.5443,0.8809,1.0,694371
7395,0.0557,0.5019,0.9639,1.0,127145
12972,0.0585,0.4678,0.8621,1.0,691260
1574,0.0613,0.4386,0.9626,0.0,175100
11366,0.0586,0.4373,0.9895,0.0,802322
9524,0.0558,0.5027,0.915,1.0,723781
4784,0.0557,0.5398,0.7936,1.0,773955
11466,0.0557,0.4881,0.9444,1.0,323846
9660,0.0586,0.4094,0.8079,0.0,475310
1252,0.0558,0.894,0.2062,0.0,631723
4847,0.0558,0.509,0.9538,1.0,662770
9242,0.0558,0.5215,0.5789,0.0,435579
4209,0.2029,0.5117,0.8621,1.0,775825
9975,0.0558,0.365,0.8268,0.0,971817
15327,0.0558,0.4025,0.8324,0.0,366714
9602,0.0586,0.4924,0.9558,0.0,500063
6665,0.0586,0.4622,0.8235,0.0,326392
10506,0.0586,0.47600000000000003,0.9448,0.0,355811
4172,0.0501,0.5,0.9771,0.0,374672
1739,0.0586,0.5223,0.9832,1.0,941747
12381,0.0558,0.5345,0.9143,0.0,600558
1197,0.0586,0.409,0.9483,0.0,833599
11268,0.0587,0.4957,0.9206,1.0,870449
3426,0.0614,0.494,0.9884,1.0,257961
13215,0.0557,0.5799,0.9459,1.0,856211
13401,0.0558,0.4841,0.867,0.0,26026
5608,0.0586,0.5479,0.8762,1.0,149217
8114,0.0558,0.4762,0.6863,1.0,332873
10164,0.0586,0.4844,0.9551,0.0,212976
3469,0.0586,0.5432,0.7667,0.0,525672
10795,0.0557,0.529,0.9358,1.0,621525
15201,0.0614,0.5249,0.9942,0.0,581552
10807,0.0558,0.8268,0.409,0.0,313316
11874,0.0557,0.5249,0.9314,0.0,478002
15237,0.053,0.518,0.9945,0.0,122957
1986,0.0558,0.5916,0.9942,0.0,135065
7552,0.0558,0.6009,0.9942,0.0,694487
9467,0.0585,0.5981,0.9591,0.0,956138
10898,0.0585,0.6021,0.8871,0.0,254058
8703,0.0556,0.4192,0.9063,1.0,450597
12013,0.0557,0.4139,0.9429,1.0,91001
14933,0.0557,0.5876,0.7865,0.0,651168
11604,0.0586,0.6156,0.8962,0.0,144603
13890,0.0556,0.4451,0.5094,1.0,448175
11722,0.0556,0.5824,0.9302,0.0,362008
10306,0.0556,0.529,0.8106,0.0,3557
4939,0.0529,0.4831,0.9643,1.0,374012
4003,0.0557,0.512,0.9102,1.0,352161
5671,0.0613,0.505,0.9321,1.0,770933
14188,0.0556,0.4701,0.8895,1.0,540203
13566,0.0556,0.4084,0.9737,1.0,82039
6577,0.0586,0.5488,0.8516,1.0,460137
7915,0.0585,0.5172,0.821,1.0,103651
3866,0.0557,0.4898,0.8216,1.0,587136
8104,0.0585,0.4892,0.9375,1.0,215231
7055,0.0557,0.4647,0.9503,1.0,571630
7763,0.0557,0.4171,0.9737,0.0,464157
11718,0.0556,0.5176,0.8633,0.0,914529
2983,0.0556,0.4953,0.9739,0.0,153261
14789,0.0557,0.4562,0.8869,1.0,540477
15363,0.0586,0.43799999999999994,0.9867,0.0,568338
12022,0.0613,0.4634,0.9494,1.0,516257
13142,0.0613,0.4563,0.9620000000000001,1.0,168518
7683,0.0585,0.4568,0.9042,1.0,366778
8221,0.0557,0.5101,0.9048,1.0,58206
1137,0.0585,0.49700000000000005,0.9669,0.0,2989
2953,0.0585,0.5411,0.8935,1.0,443056
13307,0.0586,0.4382,0.9182,1.0,707637
7636,0.0585,0.5047,0.9412,0.0,312629
10308,0.0585,0.5942,0.9167,1.0,389872
2781,0.0556,0.5822,0.8389,1.0,636857
6830,0.0585,0.5282,0.9197,1.0,34878
7246,0.0557,0.5493,0.9286,1.0,328873
9568,0.0556,0.5048,0.9012,1.0,81557
1540,0.0557,0.5084,0.9745,1.0,951776
15420,0.0556,0.5391,0.9623,1.0,735991
7844,0.0586,0.5676,0.8706,1.0,546877
8208,0.0556,0.5647,0.8125,1.0,860873
10583,0.0528,0.5581,0.8722,1.0,903091
2905,0.0586,0.4717,0.9371,1.0,955474
14699,0.0556,0.495,0.961,0.0,424990
11664,0.0557,0.4512,0.9367,0.0,958828
1273,0.0585,0.8473,0.5511,0.0,516801
5746,0.0585,0.5596,0.9536,1.0,324033
8757,0.0585,0.5058,0.9408,0.0,271525
8896,0.0586,0.562,0.9341,1.0,71037
6020,0.0585,0.5815,0.8837,1.0,303136
11827,0.0557,0.5849,0.9576,1.0,646072
12160,0.0585,0.6119,0.8849,1.0,854551
5627,0.0585,0.5908,0.9535,1.0,906530
3514,0.0585,0.5907,0.8909,1.0,401885
5999,0.0556,0.5253,0.4839,0.0,69244
8539,0.0584,0.3404,0.3378,0.0,145084
3442,0.0557,0.5838,0.9484,1.0,743295
11419,0.0556,0.5758,0.9398,1.0,589577
9868,0.0585,0.4014,0.3758,0.0,308534
7606,0.0556,0.3431,0.3613,0.0,285817
10973,0.0585,0.6278,0.9394,1.0,725109
10527,0.0556,0.4843,0.5,0.0,904060
6582,0.0556,0.4618,0.483,0.0,429313
2304,0.0556,0.5876,0.9427,1.0,838799
8244,0.0584,0.6469,0.9,1.0,1192
13174,0.0556,0.6246,0.9551,0.0,922286
3761,0.0613,0.6144,0.8772,1.0,71697
5933,0.0557,0.6434,0.9744,1.0,497436
10255,0.1327,0.6288,0.8974,0.0,862706
3784,0.0585,0.379,0.3608,0.0,405341
8732,0.0556,0.6637,0.9398,1.0,629923
2900,0.0557,0.4768,0.5,0.0,608923
1181,0.0585,0.2981,0.3681,0.0,635518
9132,0.0586,0.3379,0.3571,0.0,75423
12171,0.0557,0.5526,0.993,1.0,55519
5019,0.0557,0.35,0.4014,0.0,717150
5330,0.0557,0.4946,0.5786,0.0,304348
1200,0.1271,0.5601,0.8857,1.0,75647
8759,0.1071,0.6502,0.7822,1.0,905741
13096,0.0557,0.4668,0.6471,0.0,502223
13060,0.0557,0.5793,0.9054,1.0,996433
12663,0.0557,0.6448,0.858,1.0,15334
5288,0.0557,0.41600000000000004,0.4927,0.0,1233
4766,0.0557,0.4915,0.5743,0.0,283547
7040,0.0574,0.3822,0.3399,0.0,874545
10919,0.0574,0.5016,0.5133,0.0,333888
12819,0.0573,0.4957,0.4336,0.0,791387
9557,0.1856,0.4818,0.4872,0.0,517648
11408,0.1894,0.4812,0.6786,0.0,30928
7376,0.0676,0.3638,0.3712,0.0,629650
15188,0.0631,0.4088,0.3333,0.0,448558
5664,0.0573,0.3931,0.3451,0.0,907005
5730,0.0632,0.4079,0.3636,0.0,761285
7947,0.1515,0.614,0.5273,1.0,641045
4042,0.0734,0.4938,0.4504,0.0,701926
9560,0.1968,0.4261,0.3636,0.0,703714
9219,0.0676,0.4206,0.4091,0.0,710957
12928,0.0603,0.4065,0.3521,0.0,608262
9397,0.0544,0.3508,0.3333,0.0,713065
10544,0.0882,0.4155,0.3884,0.0,68925
9624,0.0749,0.4024,0.3952,0.0,998626
15654,0.0707,0.3818,0.373,0.0,42642
389,0.069,0.4501,0.3778,0.0,253926
636,0.0764,0.3542,0.3853,0.0,754218
4418,0.0602,0.4144,0.3287,0.0,516832
7322,0.0822,0.4022,0.4017,0.0,307197
9861,0.075,0.3545,0.3884,0.0,902923
9538,0.0809,0.3855,0.395,0.0,347348
748,0.0573,0.3404,0.3534,0.0,697245
6684,0.0735,0.3916,0.3512,0.0,415812
10622,0.0603,0.3819,0.3427,0.0,497139
5981,0.0632,0.4032,0.3835,0.0,886508
14949,0.0705,0.3564,0.3721,0.0,449693
6868,0.0618,0.3669,0.3333,0.0,264009
10743,0.0602,0.3987,0.3688,0.0,678622
5005,0.0573,0.3995,0.3529,0.0,658005
10669,0.0573,0.3535,0.363,0.0,528271
6576,0.0603,0.3752,0.414,0.0,943154
875,0.0575,0.3912,0.414,0.0,909962
9079,0.0604,0.455,0.4837,0.0,495227
14451,0.0605,0.4568,0.5168,0.0,131018
15034,0.1782,0.6234,0.4211,0.0,852789
11669,0.0574,0.3884,0.4,0.0,915694
5409,0.0605,0.3514,0.396,0.0,756024
5481,0.0575,0.3333,0.3701,0.0,340708
2739,0.1873,0.5917,0.3333,0.0,894577
790,0.1856,0.6139,0.3784,0.0,48486
13203,0.0575,0.3622,0.3846,0.0,170244
6993,0.0604,0.3697,0.4,0.0,41723
3757,0.0574,0.3789,0.4013,0.0,57039
6071,0.0574,0.4018,0.3974,0.0,594531
12939,0.0575,0.3443,0.3974,0.0,99340
8004,0.0604,0.3849,0.414,0.0,476194
15538,0.0603,0.3514,0.3758,0.0,91066
9413,0.0575,0.4029,0.4387,0.0,403571
9366,0.0633,0.3191,0.3807,0.0,863340
14861,0.0633,0.397,0.4076,0.0,806219
15311,0.0574,0.4072,0.4351,0.0,442795
3426,0.0575,0.3906,0.3913,0.0,380124
3832,0.1414,0.6186,0.9157,1.0,621260
9143,0.0604,0.436,0.4314,0.0,993273
3013,0.1443,0.5898,0.8831,1.0,995665
14827,0.0574,0.358,0.3974,0.0,99147
12240,0.1534,0.6149,0.8816,1.0,709605
10249,0.1475,0.667,0.9740000000000001,1.0,83333
12008,0.0604,0.3996,0.3851,0.0,892753
3824,0.0574,0.3855,0.3885,0.0,992929
467,0.13699999999999998,0.6823,0.9405,1.0,741936
773,0.0604,0.4433,0.3815,0.0,448532
1962,0.0604,0.4556,0.3931,0.0,512027
12536,0.0575,0.4225,0.4,0.0,510483
9081,0.0604,0.4089,0.3728,0.0,713087
4513,0.0575,0.4577,0.4035,0.0,81003
4230,0.0604,0.4083,0.3785,0.0,922859
5250,0.0604,0.4176,0.3765,0.0,479211
7443,0.0575,0.413,0.3855,0.0,126934
5584,0.0605,0.4332,0.3918,0.0,684377
7674,0.0574,0.4816,0.4167,0.0,802760
2031,0.0575,0.4233,0.3771,0.0,88196
4255,0.1605,0.7061,0.975,0.0,608447
633,0.0604,0.4403,0.3829,0.0,539480
4116,0.0546,0.4654,0.375,0.0,389542
15179,0.0604,0.435,0.3757,0.0,2919
1578,0.0605,0.4748,0.3918,0.0,38158
3405,0.0574,0.4627,0.3864,0.0,606261
12799,0.0605,0.4877,0.4,0.0,934758
7421,0.0605,0.4498,0.3588,0.0,353643
3676,0.0605,0.4362,0.3721,0.0,480834
5865,0.0605,0.4008,0.3543,0.0,744827
7766,0.0574,0.5404,0.4637,0.0,307790
2878,0.0604,0.4603,0.3886,0.0,953920
9863,0.0605,0.4871,0.3966,0.0,155756
9982,0.0574,0.4368,0.3785,0.0,229772
9893,0.0604,0.4527,0.382,0.0,521251
7515,0.0574,0.4393,0.3931,0.0,474950
4850,0.2802,0.0,0.5,0.0,724742
9608,0.0604,0.4086,0.3873,0.0,492375
15715,0.0574,0.4544,0.3743,0.0,925585
8768,0.0633,0.4306,0.3886,0.0,91680
11662,0.0605,0.4557,0.4104,0.0,66898
1047,0.0604,0.4081,0.3988,0.0,452254
7489,0.0574,0.5599,0.4888,0.0,311944
11574,0.0574,0.4285,0.3815,0.0,601998
1886,0.0546,0.4604,0.3778,0.0,88734
680,0.0574,0.4438,0.3646,0.0,718556
8683,0.0604,0.4486,0.4167,0.0,195870
4197,0.1608,0.526,0.75,0.0,733193
4178,0.0604,0.4627,0.4094,0.0,927642
14038,0.0605,0.4277,0.35,0.0,121666
2801,0.0574,0.4286,0.3842,0.0,300083
849,0.0574,0.4441,0.3886,0.0,859124
5741,0.0604,0.3973,0.3684,0.0,548402
2926,0.0574,0.3975,0.3729,0.0,570379
2663,0.0605,0.4162,0.3864,0.0,223360
11428,0.0604,0.4237,0.3918,0.0,853463
2887,0.0633,0.4417,0.4286,0.0,653002
5833,0.0574,0.4668,0.4286,0.0,144869
5947,0.0604,0.387,0.3616,0.0,47822
2422,0.1443,0.6459999999999999,0.8936,0.0,509890
8356,0.0575,0.4293,0.3771,0.0,233042
15126,0.0605,0.4294,0.3941,0.0,449194
13217,0.0605,0.4709,0.4235,0.0,664096
12635,0.0575,0.4716,0.4046,0.0,172219
6923,0.0633,0.4272,0.3714,0.0,19844
2908,0.0604,0.4401,0.3955,0.0,345444
1371,0.0574,0.3901,0.358,0.0,288909
13890,0.0603,0.4063,0.34299999999999997,0.0,11101
13751,0.0604,0.4707,0.3785,0.0,108607
7246,0.2872,0.0,0.5,0.0,362927
3327,0.0604,0.5007,0.3842,0.0,564250
930,0.0575,0.4319,0.3333,0.0,72199
9746,0.0574,0.4657,0.3954,0.0,359788
7016,0.0546,0.4562,0.3771,0.0,755324
11104,0.0575,0.4636,0.3931,0.0,968361
14132,0.0574,0.4594,0.42200000000000004,0.0,958948
12545,0.0605,0.4508,0.3757,0.0,622787
12810,0.0574,0.4654,0.3652,0.0,645412
11058,0.0604,0.4893,0.3989,0.0,105322
10128,0.0604,0.4932,0.3837,0.0,71834
12522,0.0633,0.4422,0.3988,0.0,567782
2046,0.1885,0.5883,0.7093,1.0,833470
4406,0.0605,0.5003,0.4157,0.0,669894
2644,0.0575,0.46399999999999997,0.3943,0.0,518514
9368,0.0574,0.4111,0.3663,0.0,469978
1786,0.0574,0.4405,0.3559,0.0,857709
1414,0.0604,0.4934,0.3743,0.0,394700
12836,0.0574,0.4331,0.3509,0.0,211485
15425,0.0604,0.4325,0.3846,0.0,886443
2146,0.0604,0.4336,0.3584,0.0,997767
9210,0.0604,0.4182,0.3631,0.0,64823
11567,0.1915,0.5314,0.9355,1.0,580476
1136,0.0574,0.46799999999999997,0.3785,0.0,696239
11879,0.0574,0.4771,0.4068,0.0,761285
2262,0.0604,0.4235,0.3503,0.0,578686
6983,0.0604,0.41,0.3486,0.0,952878
4931,0.0575,0.473,0.3873,0.0,503287
12776,0.0604,0.5253,0.4651,0.0,970910
8793,0.0545,0.4644,0.3829,0.0,340800
10489,0.2165,0.5246,0.4848,0.0,427962
1331,0.0574,0.4595,0.3815,0.0,314596
7346,0.0574,0.4926,0.3931,0.0,930747
7009,0.0574,0.4495,0.33899999999999997,0.0,601028
7547,0.2194,0.5399,0.4118,0.0,623354
14213,0.0546,0.4678,0.3943,0.0,764021
12310,0.0604,0.4516,0.3785,0.0,688620
7007,0.0574,0.5008,0.4124,0.0,286192
1528,0.0575,0.5054,0.4195,0.0,184628
15403,0.0575,0.4565,0.3714,0.0,581191
10201,0.0604,0.4121,0.3699,0.0,656111
4490,0.0604,0.413,0.3829,0.0,730083
10481,0.0604,0.4569,0.4,0.0,28106
12911,0.2168,0.4769,0.52,0.0,271067
13827,0.0605,0.42,0.3943,0.0,149988
1823,0.0575,0.451,0.3864,0.0,885132
5025,0.0605,0.4975,0.4128,0.0,576913
3458,0.0604,0.4858,0.3778,0.0,8907
11172,0.0605,0.4369,0.3882,0.0,151797
14283,0.0604,0.4291,0.3373,0.0,944692
15586,0.0605,0.4322,0.3452,0.0,234052
672,0.0604,0.38799999999999996,0.345,0.0,472751
7696,0.0605,0.4572,0.3669,0.0,784207
14327,0.0604,0.4663,0.3869,0.0,624156
15221,0.0604,0.4317,0.3758,0.0,614460
6519,0.0605,0.4724,0.3823,0.0,61356
9653,0.1237,0.3965,0.4,0.0,974176
10837,0.1252,0.3669,0.4355,0.0,965899
14554,0.0603,0.4818,0.3274,0.0,665373
1509,0.1164,0.3961,0.3841,0.0,124238
11822,0.1177,0.4201,0.4154,0.0,278603
1567,0.1265,0.3394,0.3954,0.0,909310
7738,0.1309,0.3685,0.3828,0.0,82391
2653,0.1221,0.4075,0.4118,0.0,558408
3594,0.1001,0.39899999999999997,0.3841,0.0,769778
10576,0.0941,0.4587,0.4173,0.0,935447
4379,0.0896,0.4759,0.3158,0.0,315181
9818,0.1279,0.3952,0.4193,0.0,335594
422,0.1075,0.4571,0.3643,0.0,945664
13483,0.0044,0.8487,0.1591,0.0,129736
3727,0.003,0.4692,0.6027,0.0,499434
1947,0.0,0.5232,0.5579999999999999,0.0,918960
4362,0.0014,0.489,0.494,0.0,895747
7080,0.0189,0.8856,0.1806,0.0,796222
820,0.2437,0.5204,0.3597,0.0,724446
11643,0.2861,0.4331,0.431,0.0,493985
6879,0.27899999999999997,0.3787,0.4286,0.0,720471
12493,0.2581,0.395,0.384,0.0,413804
13479,0.2761,0.4951,0.9273,1.0,699951
11502,0.2695,0.4556,0.405,0.0,288901
6595,0.3001,0.5601,0.9187,0.0,648139
4473,0.2917,0.5734,0.9007,1.0,32882
6556,0.2893,0.5720000000000001,0.8561,1.0,537100
12702,0.7107,0.4347,0.185,1.0,88049
9435,0.6097,0.3151,0.6667,0.0,331244
11682,0.4897,0.6457,0.28,0.0,516648
5689,0.3034,0.2143,0.5714,0.0,834189
12751,0.8395,0.265,0.6923,1.0,340790
5318,0.2485,0.4167,0.5,0.0,736108
12747,0.5882,0.15,0.8,0.0,897966
6846,0.8532,0.4375,0.5,0.0,807606
503,0.85,0.25,1.0,0.5,401608
14415,0.5552,0.5,0.6667,1.0,96673
7597,0.8895,0.25,1.0,0.5,575008
12538,0.1458,0.52,1.0,0.5,381249
5434,0.8177,0.4,0.8,0.0,524806
98,0.2035,0.4815,0.3333,0.0,171548
13306,0.5921,0.3333,0.5,0.0,106329
8069,0.8838,0.2857,0.4286,0.0,581613
9575,0.9146,0.3333,0.5,0.0,615103
7864,0.9057,0.35,1.0,0.5,829413
3526,0.1959,0.625,0.5,0.0,54021
3763,0.2312,0.4,0.8,0.0,798214
12281,0.8557,0.2667,0.6,0.0,874430
8392,0.6259,0.32,1.0,0.5,992109
10558,0.8601,0.375,0.6667,0.0,423142
14930,0.7393,0.25,1.0,0.5,33622
1511,0.4683,0.4,0.6,0.0,904939
3500,0.2599,0.3333,0.75,1.0,133391
2411,0.8118,0.3333,0.75,0.0,505821
12056,0.7603,0.25,0.75,0.0,15864
5422,0.1856,0.3333,1.0,0.5,267570
2516,0.732,0.5,0.3333,0.0,33900
15559,0.0928,0.375,1.0,0.5,918985
1715,0.8026,0.5,0.5,0.0,266002
5934,0.4728,0.3929,0.5714,0.0,34615
2187,0.4757,0.5758,0.5454,0.0,327953
10683,0.9087,0.4286,0.5714,0.0,466152
8481,0.9515,0.7208,0.6,0.0,65808
4437,0.8073,0.3333,0.6667,0.0,258645
4353,0.6985,0.3571,0.5714,0.0,537553
9245,0.4728,0.575,0.625,0.0,860889
761,0.9602,0.48,0.5,0.0,995655
5631,0.1593,0.3571,0.5714,0.0,66007
12694,0.2298,0.4333,0.8333,0.0,930781
5675,0.7202,0.2,0.8,0.0,574984
3235,0.7227,0.15,0.8,0.0,170682
14952,0.8645,0.5556,1.0,0.5,867147
14378,0.8304,0.15,0.8,0.0,217333
13193,0.7894,0.5,1.0,0.5,84003
1770,0.9808,0.4,0.8333,0.0,956011
2762,0.5567,0.25,0.6667,0.0,875685
13554,0.8612,0.5278,1.0,0.5,7307
10064,0.4602,0.5429,0.7143,0.0,204680
3956,0.4381,0.4667,0.8333,1.0,308384
12990,0.4498,0.6191,0.4286,0.0,11123
3292,0.9144,0.2,0.8,0.0,383536
14665,0.4439,0.4667,0.8333,0.0,574331
7652,0.8778,0.4667,0.8333,0.0,718477
10401,0.4433,0.3438,0.5,0.0,280794
9823,0.8468,0.4333,0.8333,0.0,10347
13041,0.215,0.45,0.4,0.0,203576
2014,0.4521,0.4896,0.6667,0.0,925724
1757,0.9765,0.4286,0.5714,0.0,877887
1113,0.3809,0.5952,0.8571,0.0,420832
12191,0.4456,0.55,0.625,0.0,68682
13645,0.7158,0.4286,0.5714,0.0,543952
12330,0.8809,0.2,0.8,0.0,867176
10703,0.1735,0.2917,0.6667,0.0,162492
10087,0.1723,0.3667,0.8333,0.0,407428
13046,0.4397,0.65,0.6,0.0,609839
6504,0.1134,0.5938,1.0,0.5,607571
3779,0.3118,0.5357,0.875,0.0,578140
8248,0.4397,0.525,0.4,0.0,779910
4629,0.3412,0.5143,0.7143,0.0,608348
118,0.7985,0.2,0.8,0.0,792404
14263,0.2047,0.4667,0.8333,0.0,25966
1003,0.0207,0.3825,0.4516,1.0,85521
15272,0.0015,0.5673,0.2632,1.0,256990
4445,0.0296,0.45899999999999996,0.1639,1.0,46737
13352,0.0296,0.4103,0.2308,1.0,624136
12724,0.0266,0.3333,0.1358,1.0,729164
1694,0.0739,0.6281,0.2838,1.0,999024
11549,0.9816,0.2244,0.063,1.0,937432
15292,0.0325,0.3287,0.1667,1.0,713993
10669,0.0325,0.4457,0.28,1.0,597931
14492,0.031,0.4326,0.2,1.0,514608
7903,0.0325,0.3421,0.1842,1.0,438157
1337,0.0325,0.3739,0.1087,1.0,27806
7547,0.0353,0.3917,0.1333,1.0,532162
6719,0.0325,0.3643,0.1786,1.0,951519
396,0.0383,0.2,0.2778,1.0,612547
2097,0.0353,0.4074,0.3333,1.0,246976
708,0.0651,0.3391,0.2069,1.0,177773
5557,0.0459,0.5167,0.3,1.0,52330
11827,0.0532,0.4444,0.3333,1.0,750594
11112,0.223,0.5347,0.2222,0.0,842575
8948,0.3378,0.5357,0.4375,0.0,731035
375,0.2385,0.4509,0.2857,0.0,963842
6683,0.2448,0.25,0.1481,0.0,132222
5322,0.2603,0.3,0.2,0.0,661860
15506,0.3091,0.3818,0.2273,0.0,355205
10394,0.2318,0.3248,0.6923,0.0,744112
12785,0.0743,0.4199,0.1513,1.0,249078
8308,0.1484,0.4902,0.5294,1.0,166711
390,0.9164,0.3172,0.1936,1.0,132020
10873,0.9164,0.3864,0.1136,1.0,772604
5818,0.9164,0.3681,0.1068,1.0,508499
4285,0.9164,0.39899999999999997,0.1053,1.0,690074
2748,0.9151,0.3442,0.0733,1.0,510624
15373,0.9148,0.5317,0.1194,1.0,758978
11077,0.915,0.5947,0.1028,1.0,910998
6404,0.9091,0.6445,0.1478,1.0,125439
13362,0.9135,0.2911,0.18,1.0,461328
7295,0.9106,0.4886,0.1058,1.0,850619
11529,0.9106,0.4944,0.1236,1.0,116998
6921,0.9135,0.3251,0.1111,1.0,606216
13525,0.9106,0.5046,0.0736,1.0,573875
5407,0.9106,0.405,0.0982,1.0,111879
9968,0.9106,0.4155,0.0863,1.0,893930
9062,0.9091,0.3099,0.1183,1.0,694732
9528,0.9076,0.4194,0.0759,1.0,852274
4384,0.9063,0.4603,0.1,1.0,17635
5642,0.9047,0.3333,0.2308,1.0,173457
5930,0.9048,0.3182,0.3182,1.0,860958
3904,0.9019,0.3492,0.2857,1.0,242351
13031,0.9004,0.4571,0.4667,1.0,152912
1061,0.9004,0.4219,0.3333,1.0,137226
11593,0.9003,0.2813,0.2857,1.0,302118
15087,0.9003,0.3929,0.5714,1.0,971550
3983,0.9032,0.275,0.3,1.0,55932
4195,0.8974,0.42,0.6667,1.0,105317
7976,0.0445,0.1439,0.9167,1.0,968182
8966,0.4019,0.7516,0.7917,0.0,189682
2081,0.4976,0.4675,0.6364,1.0,680321
9899,0.2853,0.3218,0.3333,1.0,155846
9740,0.2705,0.19699999999999998,0.9167,1.0,757445
13631,0.4339,0.5292,0.52,1.0,722683
553,0.9923,0.1484,0.9286,1.0,692875
6412,0.5624,0.2902,0.4138,1.0,290838
77,0.0389,0.25,0.45,1.0,192550
8073,0.0735,0.2569,0.2391,1.0,336448
5288,0.2661,0.2261,0.3103,1.0,537233
15628,0.8835,0.3333,0.4091,0.0,931960
1032,0.5982,0.2355,0.1892,1.0,952796
8428,0.882,0.2727,0.6875,1.0,110692
13667,0.7628,0.2552,0.75,1.0,640124
5598,0.4031,0.3303,0.6818,1.0,71809
10402,0.5691,0.3214,0.8571,1.0,174463
6491,0.9061,0.4634,0.1951,0.0,486064
6147,0.6371,0.2874,0.6842,1.0,637483
7947,0.1419,0.4911,0.7778,0.0,629544
11668,0.6696,0.4444,0.3704,0.0,398051
5757,0.7759999999999999,0.3038,0.65,1.0,650139
8265,0.1215,0.3025,0.64,1.0,218515
9556,0.1454,0.5268,0.875,0.0,880628
13877,0.4538,0.3487,0.8667,1.0,548970
13817,0.8842,0.375,0.8,1.0,593600
11007,0.7979,0.3383,0.3684,1.0,847770
7290,0.8617,0.2917,0.75,0.0,673617
8294,0.4556,0.1786,0.875,0.0,753097
9319,0.6698,0.4722,0.8889,1.0,366005
12347,0.4468,0.375,0.875,1.0,368413
6834,0.8793,0.3889,0.75,0.0,674960
5232,0.6686,0.2041,1.0,0.5,729079
8334,0.4402,0.4722,0.8889,0.0,933786
8019,0.0853,0.4286,0.875,1.0,642406
1318,0.8852,0.2556,0.9,0.0,991112
2972,0.2237,0.36,1.0,0.5,414426
7187,0.1429,0.4133,1.0,0.5,935928
13770,0.9031,0.3128,0.8667,0.0,227448
13482,0.0591,0.303,0.8182,1.0,987901
9371,0.1572,0.1984,0.6429,1.0,953774
9261,0.5936,0.3951,0.8824,1.0,781344
5888,0.8331,0.3496,0.8461,0.0,178183
5518,0.0627,0.32,1.0,0.5,191465
6501,0.845,0.2556,0.9,1.0,9744
2427,0.6584,0.3852,0.3,1.0,169849
7906,0.6631,0.25,1.0,0.5,332172
13407,0.4085,0.2546,0.9091,1.0,169377
5099,0.3806,0.3769,0.7692,0.0,567737
7509,0.6052,0.2361,0.8889,0.0,788794
7435,0.0783,0.2571,0.7,1.0,781797
5024,0.6311,0.4394,0.5454,1.0,246543
7286,0.3389,0.2222,0.5,1.0,436192
4269,0.8805,0.4336,0.5909,1.0,601500
13048,0.7033,0.3056,1.0,0.5,423190
12189,0.7917,0.3498,0.9565,0.0,893643
6767,0.9196,0.2778,0.5,1.0,876177
12549,0.4355,0.2333,0.8,1.0,953681
12241,0.0638,0.275,0.8333,1.0,661417
7183,0.2518,0.2091,0.9091,1.0,994786
10272,0.1385,0.3333,0.5833,1.0,919069
5362,0.0758,0.2868,0.8485,1.0,958169
13838,0.1532,0.4,0.9091,0.0,477804
15374,0.1232,0.3611,0.8889,1.0,750823
6111,0.0615,0.3659,0.8056,0.0,566942
14950,0.7385,0.4159,0.7143,1.0,363177
8418,0.6386,0.2045,0.7273,1.0,225570
10651,0.8639,0.3141,0.9231,0.0,275443
3764,0.6402,0.3,0.5333,0.0,650615
5622,0.1396,0.4,0.4762,1.0,727087
9205,0.7340000000000001,0.25,0.5333,1.0,910788
13804,0.706,0.2941,0.7059,1.0,256267
5691,0.1765,0.4018,0.5714,1.0,236430
13943,0.0284,0.254,0.6429,1.0,378337
3241,0.1837,0.3401,0.6842,1.0,948721
3465,0.7811,0.3723,0.52,0.0,350249
4009,0.0355,0.3036,0.5714,1.0,352113
11420,0.9443,0.3111,0.9,0.0,750118
10946,0.3314,0.1667,0.9167,0.0,743640
10422,0.5065,0.4583,0.8333,0.0,385757
6753,0.4326,0.284,1.0,0.5,332924
11252,0.519,0.2444,0.9,1.0,247348
14310,0.013000000000000001,0.485,0.9048,1.0,731705
12826,0.0036,0.2444,0.9,1.0,855313
14133,0.0095,0.5083,0.8333,1.0,616010
12736,0.0036,0.3426,0.75,1.0,577055
11298,0.0319,0.4937,0.2581,1.0,318545
14031,0.0426,0.4625,0.2528,1.0,126154
2611,0.0532,0.3333,0.8182,1.0,87336
880,0.805,0.2333,0.9,1.0,376094
407,0.1116,0.3462,0.5769,1.0,516177
13697,0.8566,0.1136,0.7273,0.0,173345
9458,0.8982,0.25,0.8889,0.0,146235
12978,0.2227,0.26,1.0,0.5,685913
10501,0.4007,0.2188,0.8,1.0,502135
11200,0.1688,0.2031,1.0,0.5,300904
14405,0.9585,0.2182,0.9091,0.0,305686
518,0.4686,0.1406,1.0,0.5,347909
15686,0.6026,0.2143,0.7143,1.0,635029
5686,0.305,0.2589,0.9565,1.0,824359
6995,0.368,0.3232,0.8182,1.0,173289
2647,0.9764,0.3636,0.6111,1.0,782122
2042,0.027999999999999997,0.2762,0.2381,1.0,153680
9367,0.2813,0.5582,0.2892,0.0,790944
13475,0.6333,0.2778,0.8889,1.0,579738
3401,0.031,0.3333,0.2143,1.0,236925
7906,0.0841,0.1571,0.7,1.0,515033
14769,0.3024,0.3333,0.6429,1.0,539114
12901,0.0325,0.2143,0.3571,1.0,75246
9239,0.7120000000000001,0.3929,0.5714,1.0,620607
949,0.0414,0.3036,0.4375,1.0,51711
11317,0.0251,0.2988,0.2069,1.0,561115
3013,0.76,0.3232,0.8182,1.0,599122
14222,0.9377,0.2222,0.8889,0.0,49252
6335,0.8619,0.3267,0.6667,1.0,628416
6125,0.4622,0.3232,0.8182,1.0,500333
7146,0.0415,0.45,0.7143,1.0,946010
1892,0.679,0.3258,0.9167,1.0,637982
14843,0.7204,0.35,0.8,0.0,97266
3339,0.2982,0.7193,0.7727,0.0,690873
3354,0.6973,0.2286,0.7,0.0,1561
14281,0.075,0.3567,0.3333,1.0,167882
13362,0.8111,0.3536,0.6522,1.0,489411
7836,0.431,0.3175,0.6429,1.0,729417
5990,0.4327,0.4271,0.3333,1.0,127997
13289,0.0693,0.3769,0.7692,1.0,990437
9991,0.8667,0.2418,0.5294,0.0,786497
2974,0.3321,0.4444,0.6111,0.0,99244
11635,0.2461,0.4795,0.4737,0.0,837573
6808,0.3539,0.4396,0.5385,0.0,726461
7162,0.177,0.3391,0.2174,0.0,942895
6994,0.3609,0.2917,0.8889,1.0,549308
11693,0.7215,0.32799999999999996,0.6,1.0,181271
1875,0.457,0.3929,0.8571,1.0,430360
7302,0.2482,0.5701,0.4783,1.0,786566
10021,0.9795,0.2778,0.8889,0.0,729306
10401,0.7871,0.3409,0.9091,0.0,714503
1695,0.6316,0.2222,0.8889,0.0,24906
6967,0.8818,0.5852,0.6,0.0,445903
9651,0.3004,0.4293,0.2045,1.0,607106
11625,0.0486,0.6004,0.6923,1.0,30209
6731,0.8191,0.3893,0.3571,1.0,854170
1932,0.1426,0.3552,0.5454,1.0,460399
4796,0.1103,0.2899,1.0,0.5,34276
14698,0.9690000000000001,0.2216,0.8077,1.0,440692
15624,0.2441,0.2292,1.0,0.5,699857
13751,0.0676,0.3726,0.5294,1.0,753482
11570,0.6289,0.2083,0.8571,1.0,390418
10469,0.47200000000000003,0.3,0.9,1.0,788991
10342,0.9706,0.2159,0.7273,1.0,413870
14869,0.6777,0.2143,0.9333,1.0,15090
2107,0.2101,0.2899,0.6522,1.0,297791
13294,0.8659,0.2,0.9091,1.0,481260
2454,0.1995,0.2587,0.8461,1.0,129863
229,0.3225,0.2596,0.8125,1.0,670567
10590,0.0519,0.45,0.4,1.0,561014
4978,0.0629,0.3647,0.7368,1.0,419468
5879,0.8277,0.3162,0.6923,1.0,381313
4588,0.301,0.3571,0.5,1.0,818215
11398,0.9575,0.3058,1.0,0.5,760857
15107,0.8311,0.4148,0.6,1.0,753445
12015,0.6464,0.34,1.0,0.5,337986
14261,0.307,0.359,0.8077,0.0,394193
12073,0.0765,0.2917,0.8333,1.0,492763
11586,0.4721,0.3167,0.5333,0.0,853750
3718,0.6990000000000001,0.2208,0.6364,1.0,552453
14131,0.1129,0.3647,0.5882,1.0,167787
8856,0.48,0.2083,0.8889,0.0,51843
6605,0.0722,0.4333,0.6,1.0,424029
4249,0.1471,0.6458,0.25,0.0,51064
9199,0.5638,0.2467,0.7857,1.0,46580
5213,0.8407,0.4733,0.6667,1.0,883478
10591,0.242,0.3091,0.7333,0.0,671756
2947,0.8903,0.3214,0.875,0.0,537677
7861,0.6561,0.3333,0.75,1.0,151201
12896,0.6009,0.3056,1.0,0.5,918224
55,0.8371,0.2857,0.7778,0.0,31859
14911,0.7515,0.5022,0.4375,1.0,43037
4915,0.2165,0.2346,1.0,0.5,600674
7375,0.441,0.3636,0.9167,1.0,521224
1603,0.4785,0.1893,1.0,0.5,893309
4596,0.8967,0.3675,0.7222,1.0,149123
8204,0.9213,0.2778,0.8889,1.0,192264
215,0.7438,0.3818,0.9091,0.0,237380
9372,0.2512,0.4,1.0,0.5,941479
674,0.1182,0.2756,0.9231,0.0,190200
6583,0.4754,0.2917,0.8889,1.0,102218
6202,0.4261,0.3636,0.9091,0.0,503278
9260,0.6761,0.34,1.0,0.5,536660
13984,0.3911,0.2727,0.8461,1.0,554648
1991,0.1244,0.2308,0.9286,1.0,277070
3320,0.8485,0.2727,0.7273,0.0,462822
6110,0.7651,0.2597,0.6364,0.0,484502
14707,0.7589,0.3254,1.0,0.5,420101
14265,0.7789,0.275,0.8,0.0,51700
13897,0.7217,0.309,0.8108,1.0,367176
4400,0.4938,0.3654,0.6154,1.0,18186
11362,0.7694,0.0781,1.0,0.5,31133
15491,0.5318,0.2955,0.9167,0.0,408259
4750,0.9835,0.2222,0.75,1.0,455081
9467,0.6572,0.4412,0.4706,0.0,323807
8179,0.8502,0.4273,0.9091,1.0,445015
13122,0.7944,0.2778,0.8889,0.0,485112
10665,0.9083,0.3,0.8333,0.0,523886
5139,0.8479,0.3278,0.5556,1.0,185253
10144,0.6696,0.2469,1.0,0.5,236481
3523,0.8269,0.4318,0.9167,0.0,264948
12943,0.6313,0.2,0.9,1.0,199266
15090,0.6706,0.3827,1.0,0.5,215789
6812,0.4595,0.2667,0.8333,1.0,552980
11362,0.2931,0.3631,0.8571,0.0,440922
3149,0.9808,0.2139,0.6471,1.0,195681
4544,0.8542,0.2,0.4667,1.0,236677
12556,0.8792,0.2381,0.8571,1.0,719345
14220,0.9029,0.4364,0.9091,0.0,365889
8872,0.4913,0.3175,0.25,1.0,819600
4084,0.5947,0.2975,0.5741,1.0,591658
12771,0.4351,0.3999,0.4624,1.0,296496
5215,0.8812,0.2436,0.7222,1.0,913788
7080,0.8789,0.1286,0.7,1.0,756906
1488,0.6483,0.3452,0.7619,1.0,475465
1350,0.4105,0.2556,0.9,1.0,463027
4472,0.8399,0.3392,0.2791,1.0,724331
3901,0.7665,0.3214,0.4286,1.0,23878
15042,0.45799999999999996,0.2593,0.75,1.0,199935
9027,0.8443,0.1591,0.9167,0.0,975246
11069,0.8012,0.1901,1.0,0.5,623121
9216,0.301,0.3,0.6,1.0,966470
6548,0.5448,0.5086,0.56,1.0,370095
784,0.5205,0.4621,0.451,1.0,69767
2648,0.5308,0.3151,0.4561,1.0,243647
4318,0.3348,0.5225,0.5319,1.0,655039
1330,0.0704,0.5594,0.068,0.0,639510
2734,0.5792,0.7257,1.0,0.5,977443
10358,0.0293,0.4643,0.5714,1.0,430523
15568,0.0147,0.2714,0.7,1.0,985291
6048,0.1909,0.2562,1.0,0.5,87981
13394,0.8763,0.4111,0.4,1.0,609937
9115,0.0809,0.5323,0.5517,1.0,20774
2546,0.4978,0.4044,0.4706,1.0,57181
13593,0.9632,0.5258,0.2857,1.0,888262
10071,0.5412,0.5462,0.7692,0.0,420181
2339,0.5926,0.25,0.5833,1.0,372490
8899,0.45,0.4487,0.2564,1.0,590606
2487,0.1437,0.5921,0.19699999999999998,0.0,391077
5983,0.3006,0.5556,0.3214,0.0,179371
15123,0.1836,0.494,0.5833,0.0,963026
6555,0.1189,0.6357,0.5357,0.0,948890
2050,0.2309,0.4697,0.5454,0.0,91009
2404,0.2335,0.6571,0.4,0.0,285941
9140,0.3515,0.6496,0.3488,0.0,487750
2612,0.4632,0.6282,0.4615,0.0,441025
3632,0.4485,0.2727,0.8461,0.0,40514
324,0.4537,0.2909,0.55,1.0,230331
11011,0.2742,0.5526,0.8421,1.0,337406
2149,0.456,0.3018,0.2667,1.0,429753
9961,0.0513,0.3431,0.3548,1.0,560942
3808,0.0852,0.2591,0.55,1.0,213020
4726,0.8147,0.1569,0.7059,1.0,655896
25,0.4865,0.3987,0.9444,1.0,74289
13369,0.7618,0.43700000000000006,0.7407,1.0,473671
2231,0.0898,0.4444,0.7778,1.0,177130
6085,0.8706,0.2742,1.0,0.5,686754
14174,0.3171,0.2689,0.8095,0.0,825238
13243,0.2227,0.4024,1.0,0.5,198743
13775,0.7345,0.311,0.5789,1.0,804456
4154,0.5206,0.275,0.625,0.0,76138
9338,0.6478,0.2801,0.6765,1.0,854461
13590,0.8897,0.5466,0.7172,1.0,219255
12369,0.1239,0.2657,0.5909,1.0,398080
9464,0.7305,0.2727,0.7857,1.0,551134
8757,0.0291,0.1556,0.6,1.0,489251
3011,0.1086,0.4282,0.2885,1.0,71407
243,0.3101,0.276,0.75,1.0,611566
11773,0.1324,0.302,0.8824,1.0,223683
6358,0.1395,0.3905,0.9333,0.0,39015
6848,0.66,0.3939,0.6970000000000001,0.0,152307
13737,0.2018,0.2,0.7143,1.0,527275
4480,0.2241,0.2273,0.9167,0.0,705280
6099,0.1608,0.2353,0.85,1.0,886719
9150,0.3962,0.3205,0.9231,1.0,751026
3621,0.9008,0.3456,0.9412,0.0,426456
14,0.2231,0.6474,0.8605,0.0,560568
8356,0.0354,0.4224,0.6087,0.0,661163
13439,0.3613,0.4883,1.0,0.5,234951
7711,0.1076,0.7306,0.6304,1.0,647760
12189,0.1901,0.7126,0.6667,0.0,768290
9417,0.3353,0.7018,0.7083,1.0,396588
5430,0.2054,0.5218,0.4583,0.0,334978
6396,0.1064,0.5904,0.8293,0.0,911476
11909,0.2305,0.5537,0.5085,1.0,598221
1588,0.0862,0.5563,0.6727,1.0,528206
3316,0.1123,0.3623,0.8438,0.0,10462
43,0.2057,0.5961,0.9655,0.0,471919
12661,0.0673,0.4375,0.8333,0.0,926502
6587,0.3459,0.6429,0.75,1.0,470629
8322,0.4569,0.2781,0.8,1.0,88032
12616,0.5534,0.2733,0.6667,0.0,823533
12551,0.7482,0.3316,0.95,1.0,80710
15305,0.9324,0.2045,0.9167,0.0,626709
11563,0.6643,0.3083,0.9375,1.0,737750
10743,0.4763,0.256,0.8571,0.0,959941
11563,0.9846,0.5347,0.8,1.0,12055
8862,0.7941,0.2349,0.9167,1.0,542732
6253,0.7094,0.2056,0.8,0.0,471397
12445,0.6552,0.2597,0.7857,0.0,833533
1234,0.6709999999999999,0.2308,0.8461,0.0,608718
15128,0.5521,0.2083,1.0,0.5,887777
4075,0.7618,0.3155,0.8571,0.0,530930
10029,0.6465,0.2663,1.0,0.5,986394
10589,0.7101,0.2028,0.8461,0.0,4383
10336,0.7595,0.3231,0.8667,1.0,950841
15720,0.7156,0.4816,0.5313,1.0,675211
15230,0.0924,0.256,0.8571,1.0,303616
7102,0.0699,0.3647,0.7826,1.0,759695
10316,0.263,0.3333,0.2813,1.0,149260
8842,0.7228,0.284,1.0,0.5,803739
1442,0.065,0.3111,0.9,1.0,798780
3339,0.271,0.3571,0.8571,1.0,316612
3996,0.0544,0.3155,0.8571,0.0,300032
6161,0.0947,0.3131,0.8148,1.0,963375
4355,0.3785,0.3709,0.7188,0.0,165178
4344,0.6459999999999999,0.3278,0.45,1.0,31144
11918,0.6667,0.375,0.5333,1.0,396834
2823,0.6647,0.5221,0.4706,1.0,176867
1805,0.879,0.2448,0.8461,0.0,580556
12086,0.1029,0.2963,0.4286,1.0,562701
176,0.2303,0.5855,0.4211,1.0,521874
13702,0.8127,0.375,0.8,1.0,97433
8622,0.239,0.4095,0.4667,1.0,49790
13360,0.5613,0.2941,1.0,0.5,609121
11036,0.8304,0.6061,0.5454,0.0,314385
6864,0.1213,0.3595,0.9444,1.0,868075
15635,0.5504,0.7354,0.2105,0.0,724065
10874,0.5716,0.7529,0.6207,0.0,778247
14340,0.9561,0.5,0.5909,0.0,374708
2416,0.3319,0.605,0.3793,0.0,194201
12363,0.2544,0.4086,0.1936,0.0,359285
6114,0.4589,0.3526,0.9231,0.0,495488
5946,0.3965,0.5371,0.7391,0.0,67691
6396,0.4047,0.6534,0.7273,0.0,447200
14337,0.4091,0.5249,0.7647,0.0,614590
13553,0.4018,0.6413,0.7143,0.0,65630
3951,0.41200000000000003,0.4259,0.8333,0.0,886635
11095,0.2478,0.4056,0.5556,0.0,469459
3937,0.1906,0.6254,0.7143,1.0,733839
6831,0.4106,0.5702,0.9474,0.0,176555
9702,0.4047,0.6804,0.8696,0.0,634696
10988,0.4141,0.3,0.6667,0.0,113013
14818,0.4097,0.6357,0.7,0.0,947142
4567,0.4067,0.6806,0.875,0.0,29448
11785,0.4106,0.6543,0.6667,0.0,588764
228,0.4164,0.6094,0.8,0.0,628940
2369,0.4158,0.5318,0.5714,0.0,518309
10841,0.4106,0.6722,0.8846,0.0,241141
3641,0.0616,0.4653,0.4444,1.0,203817
4726,0.4531,0.5849,0.6061,0.0,645190
5734,0.4164,0.6387,0.8095,0.0,17896
4608,0.3827,0.3618,0.8421,1.0,76275
4328,0.4217,0.5882,0.5263,0.0,125806
565,0.4472,0.6833,0.9,1.0,192370
12499,0.39,0.6546,0.9091,1.0,815387
8751,0.442,0.5667,0.8333,0.0,228249
5512,0.4493,0.6756,0.72,0.0,718426
3282,0.4185,0.4952,0.4762,0.0,932818
15669,0.3123,0.6429,0.4,0.0,916567
6158,0.4223,0.7479,0.7576,0.0,649540
11247,0.3642,0.5758,0.5152,1.0,931696
1460,0.2889,0.5513,0.19699999999999998,0.0,305844
7434,0.3573,0.415,0.7308,1.0,192945
2999,0.3756,0.6111,0.7222,0.0,751675
14708,0.972,0.5529,0.5185,0.0,123861
11589,0.5369,0.3377,0.7857,1.0,59510
6013,0.3137,0.3247,0.7353,1.0,945203
50,0.8088,0.5245,0.7083,1.0,818484
12061,0.8473,0.3122,0.6429,1.0,817030
2383,0.9309999999999999,0.2727,0.9546,1.0,546945
4748,0.3877,0.2367,1.0,0.5,970187
14921,0.3187,0.35,0.55,1.0,685037
10218,0.8471,0.2656,0.75,1.0,878907
6946,0.2863,0.3667,0.9333,0.0,94637
10864,0.8943,0.3526,0.9231,1.0,713559
11894,0.9456,0.2933,0.8125,0.0,932564
10392,0.5074,0.3208,0.9375,1.0,24550
15292,0.9546,0.2788,0.6818,1.0,12213
9331,0.6456,0.2954,0.9688,0.0,296550
8740,0.3495,0.2387,0.8333,0.0,919840
2684,0.0088,0.3889,0.2813,1.0,155443
5275,0.0206,0.4929,0.3571,1.0,361251
11539,0.3348,0.1736,1.0,0.5,433462
7194,0.0441,0.3788,0.6111,1.0,511108
10320,0.2794,0.2174,0.3913,1.0,662636
7791,0.8766,0.2668,0.6071,1.0,941763
14697,0.2258,0.3222,0.8,1.0,838314
12059,0.195,0.4653,0.5926,1.0,832202
3068,0.0602,0.2807,0.9048,1.0,875016
12633,0.0997,0.2056,0.8,1.0,839649
11132,0.325,0.3972,0.5122,1.0,645625
7005,0.3442,0.5,0.4545,1.0,290066
1998,0.5162,0.5454,0.3929,1.0,576054
8967,0.5841,0.3,0.6818,0.0,60589
1534,0.8909,0.5436,0.7778,1.0,531678
6678,0.3685,0.2865,0.75,1.0,865771
14280,0.4922,0.4497,0.0849,1.0,287330
9157,0.0843,0.5322,0.1385,1.0,939492
353,0.3089,0.32899999999999996,0.1913,1.0,297269
8512,0.0547,0.5896,0.0821,1.0,601978
6209,0.1316,0.22699999999999998,0.4138,1.0,678903
9874,0.4272,0.2204,0.3514,1.0,907989
9776,0.3743,0.25,0.8,0.0,921004
5667,0.0575,0.4254,0.3432,0.0,40251
13887,0.0605,0.4727,0.386,0.0,430299
7477,0.0447,0.3365,0.6154,1.0,98707
15319,0.0374,0.4103,0.3462,1.0,655251
14881,0.0434,0.3216,0.4737,1.0,571633
4899,0.0519,0.2667,0.2381,1.0,482958
9403,0.0856,0.4141,0.6111,1.0,449393
10714,0.8123,0.4063,0.25,1.0,270575
7954,0.6839,0.1,0.5333,1.0,233278
5672,0.4353,0.3846,0.2115,1.0,860369
12947,0.8076,0.2339,0.2581,1.0,767673
5316,0.8468,0.3967,0.3478,1.0,453751
6413,0.1456,0.4725,0.64,1.0,565208
12599,0.1106,0.4945,0.0931,1.0,641191
11837,0.0,0.5366,0.3095,1.0,11340
2758,0.0012,0.48700000000000004,0.1318,1.0,484196
3690,0.0024,0.3889,0.45,1.0,149442
6484,0.0107,0.3386,0.4286,1.0,186220
3663,0.0166,0.3182,0.4545,1.0,684417
8349,0.0071,0.2513,0.6471,1.0,987229
14144,0.0083,0.1272,0.6316,1.0,510140
10418,0.0107,0.3567,0.4737,1.0,619374
11562,0.0071,0.2097,0.2581,1.0,555183
13785,0.0071,0.4508,0.4583,1.0,45670
11985,0.0047,0.3604,0.2432,1.0,694956
7799,0.0024,0.306,0.2759,1.0,109076
155,0.0,0.2083,0.375,1.0,404502
12079,0.0,0.303,0.5238,1.0,389768
11398,0.0024,0.4145,0.1539,1.0,26630
3807,0.0047,0.39899999999999997,0.3077,1.0,897658
15629,0.0,0.325,0.2286,1.0,607450
9498,0.0338,0.2955,0.3636,1.0,818420
5368,0.0302,0.3309,0.4706,1.0,886750
3934,0.0161,0.3636,0.7273,1.0,612569
6837,0.0,0.3083,0.1333,1.0,51871
5571,0.0024,0.28800000000000003,0.3478,1.0,607842
4252,0.1035,0.4309,0.1818,1.0,991305
4167,0.0369,0.3613,0.0581,1.0,661350
9218,0.2055,0.33,0.32,1.0,519949
8900,0.105,0.425,0.16,1.0,251733
10677,0.3119,0.4958,0.8235,1.0,760111
7127,0.809,0.5908,0.52,1.0,961998
14400,0.7507,0.6098,0.5454,1.0,335900
15580,0.8204,0.2917,0.4167,1.0,221505
15426,0.3945,0.5831,0.4193,1.0,783382
5400,0.7929999999999999,0.5629,0.5909,0.0,354328
15647,0.5802,0.4626,0.3235,1.0,461681
8055,0.5641,0.2778,0.3462,1.0,932935
14874,0.5604,0.6094,0.6667,1.0,225009
14175,0.4927,0.5095,0.9333,1.0,697651
4293,0.4621,0.5731,0.9474,1.0,538699
1907,0.4898,0.583,0.3192,1.0,239823
3016,0.5846,0.456,0.5385,1.0,250288
4079,0.4061,0.5236,0.4193,1.0,9979
12645,0.4433,0.5238,0.8571,0.0,296940
11715,0.5583,0.4368,0.5263,1.0,779162
4436,0.5051,0.4485,0.3667,1.0,973519
9028,0.5313,0.4762,0.2857,1.0,789646
15577,0.5196,0.5706,0.5161,1.0,465194
5457,0.5429,0.3925,0.3333,1.0,270850
10081,0.5321,0.3599,0.1956,1.0,509208
412,0.5204,0.624,0.7241,1.0,533167
11269,0.5088,0.4231,0.3611,1.0,292303
13194,0.5058,0.5221,0.3542,1.0,602101
9333,0.4026,0.5012,0.5172,1.0,868481
548,0.7699,0.2727,0.6364,1.0,170088
12383,0.4302,0.3214,0.8571,1.0,802506
11176,0.2485,0.34,0.6667,1.0,867145
3454,0.0648,0.3838,0.3636,1.0,239521
286,0.1127,0.3,0.8,1.0,826146
741,0.3113,0.2109,0.6667,1.0,684725
95,0.1602,0.4133,0.4286,1.0,61988
15312,0.2736,0.3285,0.3913,1.0,131766
11081,0.3994,0.2579,0.5714,1.0,523060
8176,0.3389,0.3313,0.0491,0.0,334178
704,0.6224,0.4408,0.2105,0.0,143392
3840,0.3181,0.9275,0.4735,0.0,497899
14137,0.4212,0.2222,0.7778,0.0,2750
12407,0.1119,0.5295,0.5946,0.0,578633
15704,0.8015,0.6124,0.2895,0.0,383605
1019,0.6637,0.6018,0.1439,0.0,528628
14540,0.816,0.555,1.0,0.5,61415
4278,0.0782,0.0368,0.0294,0.0,237929
2127,0.65,0.45,0.0533,0.0,813233
15700,0.7437,0.5735,0.2353,0.0,792470
1755,0.3613,0.3155,0.8478,1.0,196775
6253,0.7689,0.5621,0.1177,0.0,218921
12163,0.6763,0.4891,0.0591,0.0,372258
5436,0.6206,0.4846,0.156,0.0,943759
7652,0.738,0.5098,0.5294,0.0,518201
5982,0.9445,0.5571,0.35,0.0,216575
1391,0.8,0.3462,0.1539,0.0,930582
5749,0.4599,0.6389,0.6667,0.0,603579
11408,0.4846,0.3875,0.3125,0.0,218133
9365,0.3431,0.43,0.16,0.0,310701
4789,0.6162,0.3158,0.2105,0.0,225992
2205,0.2979,0.4967,0.5294,0.0,872891
2368,0.5081,0.3611,0.8889,0.0,344448
8809,0.3603,0.5662,0.4706,0.0,204330
6097,0.6544,0.3064,0.0522,0.0,941449
12676,0.5302,0.4035,0.0486,0.0,428598
6113,0.5794,0.4034,0.0528,0.0,715563
10691,0.2279,0.5251,0.4286,0.0,29296
11266,0.6401,0.4542,0.0553,0.0,908493
7053,0.6427,0.6414,0.1319,0.0,401687
7559,0.6348,0.6116,0.0913,0.0,267469
5843,0.0872,0.5709,0.0261,0.0,511916
14030,0.6435,0.4753,0.0408,0.0,132323
12473,0.6775,0.5487,0.0842,0.0,929426
10205,0.4513,0.4327,0.1053,0.0,828164
7532,0.5228,0.5479999999999999,0.1038,0.0,243938
13632,0.6622,0.54,0.08,0.0,914544
1368,0.7709,0.4583,0.15,0.0,928820
4473,0.5809,0.3274,0.1458,0.0,485691
9375,0.3112,0.4963,0.0396,0.0,447667
9420,0.4177,0.4466,0.0685,0.0,149237
11671,0.4144,0.5793,0.0862,0.0,769204
9659,0.5589999999999999,0.4491,0.2963,0.0,207014
3765,0.3373,0.5256,0.1539,0.0,737527
695,0.8436,0.4388,0.5,1.0,919617
1761,0.8494,0.5524,0.4658,1.0,209222
6448,0.6995,0.4136,0.6429,1.0,816699
11258,0.6552,0.433,0.4884,1.0,708384
13274,0.9256,0.6685,0.6634,1.0,566090
10343,0.7814,0.516,0.7727,0.0,495115
1155,0.616,0.4353,0.8824,0.0,821224
15374,0.2528,0.25,0.8571,1.0,243453
3972,0.3622,0.1723,0.8235,1.0,13727
13045,0.8796,0.2356,1.0,0.5,558856
9226,0.7848,0.175,0.8,1.0,251300
14590,0.1494,0.3131,0.8182,0.0,616101
14542,0.7516,0.2,0.8,0.0,22405
2036,0.7232,0.2593,1.0,0.5,953430
15382,0.7101,0.3333,0.8889,1.0,461067
13315,0.9401,0.3542,0.75,0.0,558634
889,0.7718,0.2333,0.9,1.0,223204
14108,0.6485,0.281,1.0,0.5,152475
4462,0.7445,0.3636,0.9091,1.0,502930
13487,0.3545,0.1827,0.6154,1.0,735374
4934,0.1885,0.25,0.8889,0.0,379817
7737,0.914,0.3788,0.5454,0.0,761236
12526,0.0842,0.2597,0.6364,0.0,319935
1664,0.51,0.2641,0.5238,1.0,340889
2144,0.2439,0.3385,0.5769,1.0,585165
8278,0.8234,0.3149,1.0,0.5,147450
7052,0.4721,0.3436,0.8667,1.0,317590
7582,0.5337,0.3131,0.8182,0.0,457965
11983,0.2614,0.4619,0.9333,1.0,580285
11338,0.8693,0.3977,0.7273,1.0,629257
11171,0.6701,0.25,0.8,1.0,165611
4682,0.8664,0.25,0.9167,0.0,443420
5513,0.7507,0.4394,0.9167,0.0,450370
12503,0.4144,0.5792,0.9375,1.0,273379
9386,0.9897,0.4462,0.4333,1.0,409198
9771,0.4956,0.3667,0.9,0.0,352046
14517,0.7861,0.3485,0.9167,0.0,424138
1223,0.7939,0.2734,1.0,0.5,157012
575,0.5886,0.2361,1.0,0.5,756928
13610,0.6166,0.175,0.8,0.0,962885
13949,0.3886,0.3265,1.0,0.5,475885
6911,0.4088,0.2333,0.8333,1.0,973754
2623,0.7621,0.3901,0.9286,0.0,78581
6862,0.6627,0.3333,0.9333,0.0,416927
7776,0.6937,0.2525,0.8182,1.0,925018
2645,0.6014,0.2384,1.0,0.5,842997
14359,0.6304,0.2625,0.8,1.0,609057
8825,0.3623,0.2051,0.9231,1.0,277950
15274,0.5235,0.2372,0.9231,1.0,928808
3396,0.9383,0.4062,0.8571,1.0,814101
13320,0.7729,0.2,0.8,0.0,642094
9647,0.1247,0.2424,0.9167,1.0,94627
7771,0.1596,0.3487,0.8235,0.0,673148
9672,0.1007,0.4368,0.6333,1.0,504188
7259,0.625,0.3223,1.0,0.5,984178
5783,0.2026,0.303,0.8182,0.0,550587
14753,0.17800000000000002,0.2273,0.7273,1.0,996711
15553,0.6194,0.2421,0.7778,1.0,854813
3884,0.1715,0.2645,0.6452,1.0,448223
734,0.3529,0.24,0.6667,1.0,596884
10249,0.8297,0.2361,0.8889,1.0,987945
4048,0.3352,0.2975,1.0,0.5,352760
4659,0.8809,0.3333,1.0,0.5,855247
7589,0.3358,0.2436,0.9231,1.0,442515
1413,0.26,0.4,0.9,1.0,42227
7063,0.7434,0.0926,0.75,1.0,575182
1108,0.187,0.2738,0.5714,1.0,901329
12447,0.8194,0.2299,0.6471,1.0,271825
9018,0.2393,0.3061,0.9615,1.0,144863
13180,0.758,0.2868,0.9412,1.0,400181
13032,0.6623,0.27,1.0,0.5,75315
15565,0.3294,0.2182,0.9091,0.0,713200
4532,0.5627,0.301,1.0,0.5,514239
12490,0.8799,0.1932,0.7273,0.0,160247
1933,0.9411,0.2143,0.8571,0.0,808689
3657,0.5719,0.2188,0.6667,1.0,106686
5309,0.73,0.1806,0.8889,0.0,459202
10425,0.5352,0.3568,0.9688,1.0,700813
2796,0.3564,0.3375,0.625,1.0,6606
8195,0.3304,0.2704,1.0,0.5,876615
3202,0.3206,0.302,0.8824,0.0,107219
440,0.7882,0.3214,0.7,1.0,579051
13951,0.2912,0.4055,0.7037,0.0,956200
2269,0.5678,0.256,0.8571,0.0,190610
6845,0.1549,0.7052,0.3846,1.0,28522
13798,0.3002,0.5993,0.4787,1.0,752716
7723,0.1324,0.4776,0.2708,1.0,588215
14373,0.3061,0.4988,0.2973,1.0,620400
6748,0.2801,0.5861,0.3623,1.0,742248
2969,0.2778,0.5359,0.4,1.0,200199
15549,0.2801,0.4267,0.4286,1.0,480576
4356,0.1265,0.4954,0.5926,1.0,681658
14044,0.292,0.4779,0.4386,1.0,814897
4690,0.1336,0.4563,0.8,1.0,70600
200,0.1182,0.5385,0.5385,1.0,290465
13421,0.2825,0.6026,0.4754,1.0,623432
11029,0.2884,0.3707,0.3954,1.0,105159
5096,0.1088,0.5339,0.4038,1.0,260588
11108,0.1277,0.5556,0.5926,1.0,967924
12665,0.2872,0.3972,0.2391,1.0,762586
15198,0.1064,0.5605,0.3061,1.0,276564
10323,0.1111,0.3971,0.7059,1.0,995788
9579,0.2991,0.3333,0.48,1.0,579620
12680,0.3026,0.5042,0.3429,1.0,534158
6040,0.2991,0.5644,0.72,1.0,533659
11996,0.2967,0.563,0.5854,1.0,680508
5428,0.2908,0.39799999999999996,0.2807,1.0,551931
3008,0.0969,0.5196,0.4419,1.0,653920
4775,0.3917,0.4882,0.2286,1.0,921769
14988,0.4346,0.6698,0.1437,1.0,259667
1929,0.4804,0.6469,0.2083,1.0,632158
10072,0.264,0.5920000000000001,0.5652,1.0,336351
12143,0.2178,0.5255,0.3333,1.0,522654
15233,0.212,0.6234,0.4706,1.0,422103
6465,0.1053,0.5469,0.75,1.0,462590
14335,0.1194,0.6563,0.8889,0.0,87415
9589,0.0827,0.6904,0.1588,1.0,621529
11100,0.1183,0.42,0.6667,1.0,279896
1068,0.0768,0.5745,0.6087,1.0,509870
13558,0.1703,0.3214,0.3214,1.0,993782
513,0.0323,0.273,0.7143,1.0,694461
11748,0.0896,0.6448,0.1079,1.0,526820
5300,0.0012,0.2673,0.1129,1.0,316723
620,0.013000000000000001,0.2661,0.3514,1.0,510004
5011,0.0188,0.3275,0.4737,1.0,798687
6120,0.013000000000000001,0.4195,0.2069,1.0,915965
13930,0.0,0.3853,0.0537,1.0,994814
9881,0.0,0.4897,0.0862,1.0,990585
931,0.0,0.6154,0.25,1.0,570087
12237,0.0,0.5619,0.1435,1.0,547821
5775,0.0,0.5636,0.2034,1.0,404043
3852,0.0,0.6368,0.425,1.0,385022
15425,0.0023,0.15,0.5333,1.0,488284
8373,0.0754,0.3654,0.3611,1.0,397334
14780,0.0035,0.4677,0.16,1.0,654900
8851,0.0462,0.4286,0.5385,1.0,927667
9675,0.0024,0.359,0.5417,1.0,676119
11996,0.0366,0.4382,0.3469,1.0,983960
14299,0.0261,0.433,0.5435,1.0,729849
7955,0.0071,0.2619,0.6429,1.0,954556
12004,0.2835,0.475,0.3284,1.0,618519
9574,0.2324,0.5920000000000001,0.8846,0.0,8896
9056,0.109,0.4632,0.2632,0.0,609732
12845,0.9846,0.5031,0.3043,0.0,610105
12628,0.7456,0.3352,0.9286,0.0,732671
9162,0.8331,0.4844,0.3333,0.0,960906
15295,0.0508,0.3555,0.7391,1.0,580223
9688,0.4949,0.4211,0.2632,0.0,352483
4323,0.2094,0.7878,0.3667,1.0,555563
2018,0.1504,0.5913,0.4359,0.0,122158
6616,0.5927,0.3776,0.8461,1.0,932538
5603,0.0609,0.3316,1.0,0.5,985673
10553,0.0593,0.5385,0.5652,1.0,896423
2446,0.1876,0.4188,0.6923,1.0,586714
3929,0.2171,0.2969,0.5,1.0,266960
2417,0.3269,0.6667,0.375,0.0,816714
406,0.1391,0.3214,0.5833,1.0,747844
10222,0.0341,0.3636,0.8182,1.0,482768
8294,0.0325,0.4167,0.1389,1.0,330656
2693,0.0355,0.3385,0.1923,1.0,675024
11387,0.0296,0.2525,0.0909,1.0,42651
15565,0.5546,0.0682,0.0454,0.0,503736
4085,0.1439,0.375,0.1333,0.0,208352
3527,0.2638,0.287,0.2174,0.0,10644
6377,0.3436,0.5227,0.5454,1.0,335842
1713,0.7167,0.1,0.8,1.0,227055
7290,0.091,0.4615,0.3846,0.0,189539
2187,0.2289,0.6335,0.3438,0.0,43726
8105,0.8588,0.5833,0.6667,0.0,902503
273,0.6517,0.4768,0.7778,0.0,228575
14494,0.6217,0.8011,0.4333,0.0,112647
6255,0.8882,0.3299,0.3846,1.0,229747
9128,0.1941,0.4775,0.16,1.0,305756
10847,0.4564,0.5457,0.56,1.0,312446
6221,0.2537,0.2153,1.0,0.5,757181
1647,0.7777,0.24,0.6667,1.0,812492
627,0.6011,0.2267,0.6667,1.0,979745
8520,0.6283,0.1198,0.3333,1.0,293621
11165,0.6568,0.4514,0.0675,1.0,646222
10671,0.0,0.4959,0.125,1.0,214577
7244,0.0,0.4993,0.0968,1.0,549099
1645,0.0,0.3686,0.1429,1.0,956457
9678,0.7694,0.5097,0.0876,1.0,547143
13706,0.0,0.2706,0.0833,1.0,424215
11631,0.0,0.4206,0.1197,1.0,743956
1803,0.0,0.4583,0.0897,1.0,763254
4092,0.0,0.4022,0.1177,1.0,997363
312,0.0,0.4771,0.1359,1.0,960548
11397,0.0,0.4503,0.125,1.0,600600
6902,0.4576,0.3646,0.6667,0.0,923798
8306,0.0948,0.5306,0.225,1.0,919168
870,0.2672,0.6539,0.9231,0.0,414700
7499,0.8651,0.3419,0.9565,0.0,568284
14229,0.5169,0.3616,0.5,1.0,438773
10626,0.971,0.5,0.8,1.0,985183
6089,0.4967,0.254,0.2581,1.0,924299
9731,0.9337,0.2391,0.4074,1.0,726515
7484,0.0216,0.3238,0.3252,1.0,43279
7538,0.0931,0.6088,0.75,1.0,731311
576,0.2143,0.1814,0.5714,1.0,619404
15027,0.2587,0.4965,0.2653,1.0,574581
7780,0.071,0.2867,0.24,1.0,651090
15194,0.0133,0.5373,0.0992,1.0,928880
963,0.405,0.5099,0.2632,1.0,399092
4144,0.1227,0.303,0.5454,1.0,954107
11985,0.2675,0.563,0.4857,1.0,664213
4926,0.2344,0.4463,0.2676,1.0,447123
8196,0.0894,0.5718,0.5538,0.0,553286
15445,0.2241,0.44799999999999995,0.4,1.0,746656
3767,0.3995,0.2042,0.9375,1.0,923569
6339,0.6319,0.4816,0.6727,1.0,711514
8610,0.3621,0.4667,0.5333,1.0,594060
2440,0.10400000000000001,0.4495,0.6111,0.0,599473
4379,0.9905,0.3,0.9,1.0,9498
2920,0.4107,0.265,0.5,1.0,398367
8738,0.6785,0.3583,0.5333,1.0,267062
8298,0.9314,0.3445,0.5789,1.0,248615
3999,0.8357,0.2349,0.9167,1.0,306164
15362,0.1102,0.4322,0.16,0.0,261813
13087,0.6613,0.5189,0.7241,0.0,861937
1456,0.7829999999999999,0.4545,0.8461,1.0,203706
3344,0.7551,0.4394,0.2727,0.0,953049
4818,0.5191,0.4333,0.8319,0.0,895601
8862,0.0521,0.2315,0.75,0.0,998392
5218,0.9236,0.3455,0.9091,0.0,275706
3050,0.5738,0.4931,1.0,0.5,23348
13213,0.6505,0.4022,0.4839,1.0,85348
7437,0.0787,0.3333,0.2083,0.0,602323
13049,0.3632,0.5059,0.8571,1.0,971921
7339,0.1233,0.4881,0.3617,1.0,827233
12710,0.1673,0.3965,1.0,0.5,928624
15448,0.7127,0.2361,0.8889,1.0,512935
6829,0.5685,0.6036,0.7391,0.0,353862
7852,0.4146,0.2875,0.8,1.0,83284
14160,0.9952,0.1868,0.5385,1.0,985362
14506,0.3915,0.3095,0.4762,1.0,199143
2442,0.7418,0.2546,0.9091,1.0,565232
14492,0.3614,0.4952,0.4667,0.0,513786
3556,0.2786,0.5449,0.9231,1.0,455197
13639,0.8136,0.2778,0.75,1.0,174303
1847,0.0896,0.1909,0.9091,1.0,519571
242,0.9203,0.22399999999999998,0.75,1.0,364532
8881,0.0255,0.7209,1.0,0.5,913406
8757,0.5543,0.0714,0.875,0.0,866768
6877,0.3913,0.45,0.625,0.0,917756
12203,0.6794,0.375,0.4167,1.0,115067
11285,0.8235,0.2361,1.0,0.5,366439
14886,0.6941,0.3636,0.5454,1.0,100077
1268,0.7338,0.175,0.8,1.0,545278
13440,0.7265,0.3194,0.5,1.0,489329
9463,0.9243,0.3979,0.3,1.0,123469
4488,0.7467,0.4954,0.3387,1.0,457119
875,0.5243,0.3571,0.7,1.0,754613
12400,0.6162,0.2857,0.7143,1.0,719993
5480,0.6,0.325,0.5333,1.0,330424
3843,0.4838,0.2528,0.5385,1.0,462499
11,0.6662,0.2988,0.6207,1.0,675075
13204,0.1838,0.2341,0.5714,1.0,907322
432,0.6441,0.3025,0.4857,1.0,934487
12125,0.4129,0.3333,1.0,0.5,923853
84,0.41,0.27,0.25,1.0,284177
8038,0.3503,0.4483,0.4828,1.0,411907
5605,0.8855,0.7718,0.5185,0.0,388392
12953,0.9266,0.39399999999999996,0.4516,1.0,823935
6272,0.9279,0.4333,0.5333,1.0,694038
13246,0.0133,0.2798,0.8571,0.0,154806
7819,0.4014,0.2197,0.9167,0.0,175962
13259,0.6637,0.2057,0.28,1.0,333368
2063,0.9295,0.3317,0.3077,1.0,763472
9074,0.1085,0.2715,0.7647,1.0,14221
13780,0.4823,0.1962,0.5789,0.0,689182
7789,0.3687,0.4444,0.4444,0.0,175287
12215,0.8687,0.375,0.6,1.0,193158
4752,0.5184,0.7328,0.7382,1.0,337593
13529,0.9292,0.5632,0.6333,1.0,410821
6213,0.5919,0.5264,0.5172,0.0,188586
1944,0.9277,0.4427,0.9565,1.0,725571
7928,0.3928,0.6321,0.7143,1.0,557594
2868,0.7406,0.2308,0.0769,1.0,289481
1048,0.0345,0.4276,0.2727,1.0,197613
5312,0.5089,0.5035,0.8461,0.0,599598
5254,0.5867,0.6763,0.7606,0.0,864436
3660,0.2817,0.4231,0.1539,0.0,422557
3548,0.1201,0.4091,0.9091,0.0,792631
9549,0.6324,0.5598,0.3256,0.0,1623
15207,0.0906,0.6521,0.255,1.0,115011
12750,0.4126,0.6179,0.3659,1.0,955539
12924,0.2243,0.3933,0.6667,1.0,441310
9614,0.0485,0.83,0.2218,1.0,81746
13184,0.0826,0.5232,0.2048,1.0,499019
10840,0.075,0.5496,0.25,1.0,178136
7826,0.0736,0.4205,0.7273,0.0,715467
5787,0.1075,0.4524,0.6429,0.0,703348
11873,0.0721,0.3213,0.2619,1.0,515876
9800,0.0662,0.5441,0.4706,0.0,414931
7942,0.1441,0.4289,0.3483,1.0,287821
6926,0.1294,0.4074,0.3333,0.0,330921
1736,0.0559,0.6154,0.1477,1.0,24571
5986,0.0279,0.2308,0.0532,1.0,124984
14151,0.1057,0.4378,0.4867,1.0,67940
11987,0.3025,0.5048,0.9333,1.0,222288
9481,0.4368,0.5577,0.1539,1.0,105251
13472,0.7446,0.3416,0.3333,1.0,375129
2923,0.4095,0.4315,0.2933,1.0,339920
6172,0.7331,0.45299999999999996,0.1936,1.0,756337
3246,0.7831,0.49700000000000005,0.1972,1.0,646668
6072,0.2917,0.5747,0.6539,1.0,496667
8714,0.1638,0.5710000000000001,0.3226,1.0,116990
11618,0.2984,0.4529,0.2299,1.0,93848
15417,0.1825,0.5226,0.1274,1.0,974773
2645,0.7471,0.5223,0.321,1.0,843709
4801,0.6327,0.4326,0.1963,1.0,78064
12235,0.20800000000000002,0.6241,0.1275,1.0,794295
3733,0.1621,0.5757,0.22699999999999998,1.0,578120
12772,0.1621,0.6759999999999999,0.2273,1.0,113023
9665,0.7736,0.6541,0.1729,1.0,179313
4031,0.3669,0.3977,0.4737,0.0,269958
9462,0.45799999999999996,0.5556,0.2778,0.0,140886
1088,0.9411,0.4052,0.9444,1.0,347308
9970,0.069,0.3848,0.2553,1.0,123953
1545,0.7094,0.4388,1.0,0.5,57409
273,0.7772,0.6338,0.8182,0.0,867394
8590,0.2278,0.5479999999999999,0.8947,0.0,618620
6297,0.013000000000000001,0.3269,0.8125,0.0,736332
8669,0.013000000000000001,0.2931,0.3448,1.0,856523
9426,0.013000000000000001,0.4053,0.95,0.0,563887
10767,0.0115,0.3722,0.45,1.0,568593
6328,0.0216,0.4102,1.0,0.5,84012
10514,0.0216,0.5913,0.8947,1.0,281752
8525,0.0188,0.3611,0.625,1.0,665350
13997,0.0072,0.3452,0.381,1.0,507328
4300,0.0291,0.3471,0.5,1.0,399645
14237,0.0218,0.461,0.6364,1.0,429826
43,0.0072,0.3982,0.7647,0.0,350522
15680,0.0218,0.5188,0.7368,1.0,962145
3193,0.0073,0.3219,0.8,1.0,278987
2316,0.0189,0.41200000000000003,0.6667,1.0,952657
3362,0.0131,0.22,0.6667,1.0,194371
14993,0.0277,0.3736,0.9286,0.0,153912
15716,0.0131,0.3939,0.5238,1.0,733285
2790,0.0146,0.3472,0.6667,1.0,726429
2429,0.0073,0.3229,0.75,1.0,300531
4734,0.0131,0.3905,0.1191,1.0,866073
10689,0.9685,0.5185,0.1852,0.0,308681
9370,0.0931,0.3576,0.7333,1.0,397333
10874,0.6005,0.5909,0.8148,1.0,456281
15080,0.4657,0.3636,0.9546,0.0,994847
9807,0.6733,0.4208,0.8214,1.0,421302
6474,0.405,0.5489,0.72,0.0,826325
8899,0.4275,0.5870000000000001,0.6956,0.0,342939
4267,0.7,0.7341,0.54,0.0,320614
14342,0.6451,0.4,0.9,1.0,203331
4891,0.5373,0.6836,0.5,0.0,423404
3371,0.4686,0.6823,0.2,1.0,328711
3056,0.8724,0.8888,0.9632,1.0,557559
14357,0.1536,0.4417,0.8333,0.0,306165
11515,0.0795,0.4749,0.2763,1.0,597792
6854,0.2227,0.3444,0.9,0.0,656571
1552,0.1047,0.6061,0.3636,1.0,963438
4304,0.1738,0.6078,0.7059,0.0,360458
7066,0.1226,0.4444,0.8182,1.0,942578
3391,0.109,0.2619,0.4286,1.0,121522
4428,0.1431,0.3636,0.9091,1.0,241216
3048,0.1359,0.5217,0.3043,0.0,423372
173,0.6785,0.6703,0.4426,0.0,57738
8435,0.11699999999999999,0.3534,0.3684,1.0,465393
13445,0.7991,0.43,0.9063,0.0,494190
13164,0.1147,0.4212,0.32,1.0,981544
13752,0.1399,0.7074,0.3514,0.0,577194
3241,0.19,0.583,0.6364,0.0,467455
14101,0.19,0.6383,0.5227,0.0,58809
11161,0.2106,0.4029,0.6522,0.0,574989
11638,0.6305,0.7070000000000001,0.7941,0.0,203401
2225,0.6994,0.48700000000000004,0.8696,1.0,40590
4075,0.6906,0.4529,0.5172,0.0,661077
3455,0.7067,0.4187,0.8636,1.0,884064
4493,0.7797,0.6903,0.9412,0.0,368013
13397,0.6535,0.4664,0.4118,0.0,227240
6057,0.7273,0.7558,0.9032,0.0,405960
11470,0.6417,0.5225,0.9643,0.0,262720
15064,0.4985,0.4386,0.6316,0.0,703761
3777,0.5052,0.4386,0.6316,0.0,95498
1767,0.1162,0.6346,0.7708,1.0,690637
12720,0.2183,0.5844,0.6364,0.0,970839
8987,0.2371,0.5129,0.8182,0.0,374223
6560,0.2068,0.6352,0.5952,0.0,932956
3140,0.223,0.4658,0.95,0.0,567169
14344,0.1209,0.6086,0.4343,0.0,846063
8294,0.1374,0.5785,0.3934,1.0,697349
2843,0.2047,0.6736,1.0,0.5,440934
11903,0.1195,0.5322,0.9474,1.0,246068
14991,0.2935,0.4511,0.7368,0.0,591598
3404,0.1313,0.41100000000000003,0.9048,0.0,644461
253,0.3115,0.2639,1.0,0.5,361793
10672,0.0766,0.449,0.5,1.0,325959
11837,0.3132,0.4286,0.5,0.0,452810
1716,0.3074,0.4627,0.88,0.0,79644
494,0.4611,0.1852,1.0,0.5,818836
15358,0.8226,0.4727,0.0638,1.0,591122
13404,0.1586,0.4167,0.5625,1.0,666063
2360,0.2144,0.1625,0.8,0.0,240038
15085,0.6195,0.4444,0.7778,0.0,57836
13882,0.4787,0.47,1.0,0.5,812861
12832,0.5515,0.6509,1.0,0.5,823544
8635,0.539,0.6373,0.7059,1.0,765311
68,0.2887,0.3393,0.4375,0.0,436176
15188,0.3338,0.3818,0.9091,0.0,874510
8462,0.3853,0.4593,0.6,1.0,763678
12455,0.4632,0.4259,0.75,0.0,316280
5788,0.4324,0.2778,0.8889,0.0,337444
6134,0.45,0.6919,0.6111,0.0,493834
3484,0.3756,0.4667,0.5556,0.0,101206
7926,0.3808,0.4135,0.6154,0.0,225051
12583,0.0354,0.4545,0.9091,1.0,94685
6316,0.1684,0.2642,0.5652,1.0,912161
15031,0.2401,0.3929,0.2857,0.0,607781
14416,0.5609,0.3148,0.375,1.0,416781
1955,0.9102,0.7524,0.4063,0.0,728393
9212,0.966,0.3956,0.5385,1.0,991628
7319,0.7322,0.4495,0.4359,1.0,872765
6296,0.644,0.2431,0.4444,1.0,544665
3350,0.0673,0.6044,0.5385,1.0,459667
5068,0.2757,0.1905,0.4286,1.0,547266
9059,0.8975,0.3254,0.3889,1.0,409229
1337,0.7771,0.3,0.45,1.0,608467
10002,0.6576,0.5324,0.2963,1.0,708261
1799,0.0791,0.41700000000000004,0.064,1.0,225681
12590,0.5074,0.3566,0.8461,1.0,6387
10836,0.4402,0.2202,0.8571,0.0,908151
3358,0.0619,0.3864,0.55,1.0,64706
9853,0.5041,0.5257,0.28,1.0,253497
602,0.0192,0.2909,0.4545,0.0,658862
6695,0.2661,0.1111,0.4444,0.0,83039
1831,0.2779,0.4545,0.6364,0.0,174578
11519,0.1863,0.39899999999999997,0.6111,1.0,915645
2873,0.2306,0.4286,0.7778,1.0,872231
2754,0.0369,0.3726,0.3529,1.0,601655
6445,0.1508,0.5,0.5833,1.0,290192
12894,0.9534,0.4242,0.8182,1.0,243947
8615,0.1936,0.5584,0.6364,1.0,924159
6767,0.1478,0.3036,0.875,1.0,371534
1191,0.1183,0.4211,0.7692,0.0,165613
16,0.1596,0.4167,0.45,1.0,287056
5582,0.235,0.4299,0.7647,1.0,730046
6311,0.0591,0.3625,0.625,0.0,852758
11958,0.0236,0.5464,0.5161,1.0,599180
4952,0.507,0.5185,0.3,0.0,77553
4050,0.1641,0.5364,0.3103,1.0,443634
8333,0.1626,0.3862,0.2593,1.0,410933
8822,0.1641,0.3688,0.625,1.0,222211
7937,0.1493,0.4129,0.5454,1.0,547670
7419,0.5647,0.452,0.4,1.0,147937
3631,0.3917,0.4569,0.2895,1.0,234194
11751,0.1818,0.5525,0.25,1.0,296469
10360,0.6031,0.3901,0.2692,1.0,340085
11962,0.3208,0.3641,0.3478,1.0,847026
7976,0.1523,0.4,0.45,1.0,119103
1919,0.3237,0.536,0.4,0.0,560674
5021,0.0047,0.2639,0.5,1.0,371940
2569,0.7325,0.25,0.05,0.0,126451
6845,0.0024,0.2632,0.3684,1.0,320511
6269,0.0,0.2222,0.1111,0.0,2039
12185,0.0,0.1746,0.1429,0.0,567540
9599,0.1657,0.2698,0.0714,0.0,113239
280,0.0059,0.6587,0.7778,1.0,759302
1315,0.0047,0.2803,0.9167,1.0,316533
10091,0.0047,0.3864,0.9167,1.0,68580
981,0.0213,0.1818,0.1364,0.0,818111
1885,0.0284,0.2042,0.009000000000000001,0.0,414659
15398,0.8475,0.2121,0.1364,0.0,677871
9207,0.0721,0.2917,0.0938,0.0,898890
11762,0.0592,0.2273,0.1364,0.0,430716
9664,0.0415,0.1875,0.05,0.0,581756
10859,0.3112,0.1569,0.0882,0.0,593616
10516,0.0237,0.4271,0.6667,1.0,638001
11017,0.3345,0.152,0.0441,0.0,939283
460,0.5035,0.24,1.0,0.5,710691
2395,0.3794,0.3778,0.9,0.0,219260
773,0.0746,0.3333,0.1035,0.0,924098
2077,0.129,0.4479,0.0938,0.0,555152
1036,0.9361,0.5318,0.0714,0.0,293964
2338,0.6773,0.3333,0.0938,0.0,110272
7693,0.0279,0.2895,0.0526,0.0,406551
11549,0.4672,0.57,0.6667,0.0,589717
15302,0.5839,0.563,0.8095,0.0,841555
5048,0.3018,0.3889,0.2778,0.0,398893
7276,0.3002,0.6783,0.4348,0.0,698509
2999,0.1202,0.4205,0.7273,0.0,199498
6495,0.0509,0.2451,0.3529,0.0,315713
11753,0.2206,0.5389,0.45,0.0,429851
2113,0.0107,0.4647,0.5882,1.0,840034
3495,0.0047,0.5625,0.8,1.0,129296
291,0.0047,0.4377,0.2727,1.0,767187
15351,0.0047,0.4121,0.3667,1.0,344267
15255,0.895,0.2045,0.3636,0.0,453968
12351,0.6972,0.6818,0.8636,0.0,704322
12662,0.345,0.4639,0.575,0.0,560016
6707,0.1489,0.4927,0.4706,0.0,442792
3206,0.1103,0.48,0.44,0.0,828234
4012,0.3241,0.5368,0.9412,0.0,707989
2478,0.9269,0.4313,0.4643,0.0,169664
14479,0.6405,0.4622,0.9512,0.0,964448
10049,0.1474,0.4978,0.9259,0.0,559204
1679,0.8158,0.2763,0.2105,0.0,518054
14980,0.294,0.5734,0.4043,0.0,8678
11413,0.9173,0.4479,0.375,0.0,15297
1018,0.9834,0.5347,0.5625,0.0,843879
8002,0.7612,0.483,0.3333,0.0,872999
727,0.4634,0.41600000000000004,0.2,0.0,272794
12571,0.8135,0.7273,0.7727,0.0,432130
7215,0.5484,0.4,0.625,0.0,473407
2019,0.2874,0.4872,0.6923,0.0,782153
8516,0.1792,0.5602,0.375,0.0,72340
9850,0.2771,0.6539,0.9286,0.0,777606
1366,0.3123,0.5243,0.8889,1.0,853804
15592,0.5059,0.7059,0.7059,0.0,937488
5988,0.1779,0.5755,0.4815,0.0,601579
13515,0.2669,0.6813,1.0,0.5,17830
8300,0.3997,0.624,0.4,0.0,257907
12503,0.5712,0.5621,0.5294,0.0,8546
9325,0.721,0.6,0.6,0.0,614734
2061,0.8429,0.696,0.6191,0.0,333098
12077,0.2258,0.5833,0.8,0.0,784078
8631,0.4032,0.3026,0.7917,0.0,57608
4095,0.3979,0.4632,0.95,0.0,966591
920,0.3142,0.5778,0.4545,0.0,900146
4487,0.3965,0.5176,0.7097,0.0,885568
15546,0.0308,0.5497,0.9231,0.0,906421
617,0.0337,0.5278,0.9,0.0,517312
1188,0.0308,0.602,0.8276,1.0,7487
9822,0.0308,0.5145,0.7826,1.0,824326
7835,0.4436,0.6222,0.5556,1.0,590018
10849,0.2346,0.5591,0.4545,1.0,354410
9691,0.0322,0.5589999999999999,0.6098,0.0,364073
15263,0.1912,0.3862,0.7391,0.0,821856
7062,0.3632,0.5053,0.76,0.0,256579
12884,0.7691,0.6042,0.2727,0.0,116953
14410,0.3515,0.4463,0.6,0.0,255683
12385,0.5397,0.6414,0.3273,0.0,350353
5538,0.2015,0.5152,0.5758,0.0,797886
13716,0.35,0.5109,0.5714,0.0,202700
13020,0.3662,0.3906,0.5714,0.0,369828
293,0.2118,0.4554,0.5484,0.0,806310
10242,0.2132,0.3287,0.5172,0.0,241219
7796,0.2015,0.5904,0.9394,0.0,556248
15727,0.1162,0.6781,0.8,0.0,771370
