V1,V3,V9,l_id,index
42,270900,76,238,52257
645,2538079,84,13293,71286
829,1553913,99,3390,20589
853,369370,99,14214,35496
1289,498078,37,3240,61736
430,100250,64,13551,69938
413,138468,23,11575,12777
190,210936,124,17344,31464
330,429227,53,16576,50745
74,779144,53,18988,56979
106,813452,76,4124,7087
505,106604,97,5513,45457
46,179258,102,14449,49652
581,230644,62,19326,19826
451,368143,36,8541,26786
669,491552,50,5064,61763
156,713788,11,6746,32512
90,751059,79,9046,67556
82,844704,92,11085,43053
1601,21349,96,474,41715
17,42683,87,11192,56031
43,86284,101,11283,16338
63,115485,107,7950,408
82,149044,92,1165,16598
75,184350,123,2605,7660
1363,2128884,77,7196,27805
1358,2356396,75,583,12389
1404,5202306,97,6210,36123
1281,4332564,33,4486,55145
49,4822354,51,12425,56838
830,1874382,99,8885,57073
91,2378173,47,714,53200
161,2891780,80,16164,16121
1328,2691161,70,12919,27836
1251,3874199,15,11510,2147
733,3957796,55,4477,13992
12,304433,55,13228,22813
162,505964,77,16062,49392
0,1701480,73,4466,70938
1617,183688,79,13035,5270
1152,284144,90,5133,80741
1259,1918092,65,7832,24250
1545,19815,66,3630,34719
1580,3884411,88,17224,74150
450,1009978,96,11719,63282
1625,1702442,67,10035,45410
1495,3509718,85,14097,47492
958,3550754,91,10028,25588
1536,43036,67,3509,2917
780,1686880,95,18970,58436
1140,2379116,100,11631,9807
13,2512899,51,3830,15357
11,2845229,72,10904,21750
1589,3826564,69,8602,28199
765,4157586,95,3950,74239
1268,5437033,88,17236,44159
333,5683008,120,15433,48437
1287,1005865,85,19567,18147
1088,1094617,94,1739,17567
1255,718602,99,7098,2431
707,807870,81,5309,72712
1186,238656,100,2285,77189
626,2071945,84,15704,83496
1503,893849,87,19892,64452
1152,969900,99,5965,6649
1533,1031539,77,8720,72976
788,1060712,84,6585,32013
34,914648,95,12599,14640
1604,1194800,73,10352,81673
1610,1944129,71,6215,16051
1617,2095494,77,16524,19665
1589,2493647,81,14117,24372
482,11430396,99,3591,21323
1067,237702,58,1810,8573
623,309514,62,10814,20380
446,200561,80,1200,76732
375,519677,90,9436,37519
125,1334420,101,14931,25681
124,2377039,64,1566,57679
1321,513812,16,6453,68221
817,66196,47,19390,53981
808,161967,97,6245,39021
1327,126951,89,9225,72996
64,417618,21,15038,28806
57,33796,55,3486,2752
921,638468,94,2369,3646
830,837868,106,2226,11892
1201,3496093,78,11100,29544
1227,3980733,92,17867,21636
959,4178002,68,15286,68800
320,4383724,63,3077,12525
34,132507,44,5204,33908
159,273320,72,14120,29207
1265,31580,49,5904,5752
1343,106512,87,16594,30332
557,2425687,91,7393,34988
1058,367429,103,1396,66981
780,1044544,99,12463,60733
971,1246698,100,14842,73285
374,2670756,95,4436,66968
1027,2928247,111,7402,62551
1554,3375744,89,11943,4435
179,1280228,49,7075,32427
980,333332,66,10768,33353
1579,562576,46,12918,14301
225,719009,71,19226,63405
1465,1837263,19,7139,18011
1360,2094748,89,1114,7821
1155,2124816,87,1487,28094
1325,1959035,84,9728,75959
1260,552783,84,9686,55797
1245,702370,68,7522,17106
1687,150712,23,6287,50337
1507,188768,90,3969,80393
1688,247330,30,16962,31354
1685,297096,45,8851,46069
1687,348227,38,7567,8666
1571,435871,80,5746,28002
757,487568,89,3624,39969
1568,564536,88,15700,20148
1571,689792,91,3762,8829
1575,815462,86,17165,62464
1579,939827,90,15567,39820
1395,1108752,64,1323,27094
5,1137189,94,12411,61394
1578,1208774,77,4327,20811
1595,1594430,62,10396,58440
10,1678200,77,14877,36688
1593,1724027,68,17383,15673
9,1743219,74,5608,45814
1505,1751260,85,18139,75504
1470,1771553,63,7973,31486
1643,1809470,62,15890,12393
1555,1823955,81,19944,973
923,1120157,84,18175,65280
1540,1511165,30,11263,64638
1251,458923,106,15146,14402
83,3528981,80,8144,71812
375,1063504,79,16946,71778
1136,1421726,110,2724,25088
451,2550845,28,2259,20926
1331,4270168,65,231,58014
172,212157,66,16904,61197
30,2277670,89,18880,78509
389,5427410,84,7662,2028
450,11741476,37,7126,76675
41,12577343,49,16275,4595
295,12725281,68,18889,31604
268,12917033,78,4974,69651
62,12987661,75,18548,36645
18,471253,102,17936,43152
16,786881,99,17889,20642
19,808173,97,16778,44646
16,1377748,91,14039,20075
14,1461247,106,9442,38682
13,1488612,120,6866,67411
15,1620686,103,16335,53212
17,1651888,101,14255,16697
1166,2258648,116,8354,2447
7,21512,108,13690,69309
37,50442,100,13362,33546
39,66522,71,575,7855
193,82308,99,17672,19806
145,102099,109,10754,79168
39,118073,80,13414,11772
141,133683,96,1337,71195
68,149046,104,7698,76024
81,162885,92,3080,27536
0,177337,79,5125,25848
94,190885,98,10581,65756
10,204933,46,16300,49855
3,221100,47,209,32766
16,240377,86,2517,73928
144,254652,109,541,64286
30,274230,97,14486,38904
63,287835,78,941,14570
166,303149,105,19564,43357
158,319303,98,7821,7906
174,334304,106,4879,69947
513,350481,89,1871,37550
25,362724,70,2942,13049
9,374580,36,8971,71951
185,387402,104,19829,65077
134,411630,94,2241,39691
81,425023,93,12725,79574
385,439180,84,12922,17916
34,451067,85,10119,62075
1147,463836,109,10346,73352
260,477075,101,12882,30867
1,494893,33,17243,9305
225,506783,95,17670,78152
369,518261,95,2012,30764
436,530968,90,17964,46803
506,548929,105,5526,71441
109,560425,97,16077,28349
49,573049,77,1464,16811
51,585861,40,4812,68028
397,604478,97,5193,47122
703,618132,87,9571,12094
405,634279,113,13166,79110
135,646729,97,3213,14263
0,677297,51,6249,20773
10,697885,22,15401,40305
10,718425,29,8815,26919
8,751592,43,16696,3647
216,763872,102,12207,23005
34,776120,82,16510,13036
226,791161,95,18114,75786
174,802771,96,16357,1518
0,814236,43,17162,31014
2,830707,40,15023,19716
161,851460,95,3700,26836
123,874488,90,5470,66363
65,896899,82,4815,22584
27,908862,44,7397,56662
244,923170,105,18231,9080
144,936743,89,10324,43100
138,949306,78,10040,6080
66,961682,90,4441,62960
168,973635,110,1321,59743
168,983776,94,18824,65725
157,1009876,113,2898,22463
189,1025376,81,6172,4061
61,1036126,86,14462,63221
176,1048818,114,6723,50195
141,1060291,102,9451,47251
172,1072228,98,5158,9509
460,1082731,95,10125,6760
137,1093477,96,17762,62455
14,1105359,52,6702,25111
212,1116878,98,18413,34790
114,1127920,102,12060,76421
242,1137747,109,1034,13611
38,1148345,42,12502,20984
107,1159125,102,12927,41954
119,1172603,111,8203,11144
1341,1184511,51,15624,29493
75,1196901,81,9138,72854
195,1211728,96,509,14427
462,1226170,105,8563,75231
603,1266537,95,1893,48909
220,1285730,93,1705,31283
225,1301932,93,1820,57084
18,1312116,41,4927,31232
294,1323717,104,18704,76795
79,1335585,103,10702,65036
478,1346996,95,18961,77054
65,1359784,80,11469,52368
165,1373431,95,10279,77014
135,1385900,89,12447,70194
85,1398904,102,9969,77779
356,1411801,89,6905,37437
49,1427809,73,4366,57968
484,1457758,104,14835,439
108,1471277,102,2395,65912
357,1483879,90,1209,6602
169,1495862,103,18985,52485
37,1508012,92,8909,40569
116,1536604,96,11555,34044
0,1549800,49,10948,27602
824,1564536,99,848,14472
53,1578055,70,12687,81515
248,1589431,100,6372,73488
104,1602180,117,16405,70880
115,1622697,105,12990,63546
31,1647143,91,5810,367
221,1658742,100,19440,7325
195,1671098,111,17162,11067
144,1686794,104,8379,52945
449,1699784,106,4252,33952
55,1713172,102,10462,11582
142,1723382,96,18649,83755
49,1736811,90,2836,39525
322,1747625,110,10085,59555
210,1761692,112,15638,74150
30,1772722,86,17223,76157
88,1785901,80,12568,57452
42,1798152,84,3924,79566
54,1810277,95,6058,2420
29,1821904,76,1657,65808
173,1835338,116,1094,1362
83,1846280,96,16936,52169
17,1859616,41,2728,7661
98,1889430,99,14833,43983
184,1901970,111,2731,37173
116,1913635,112,17392,16837
178,1924923,115,9060,2591
41,1939590,89,3032,40447
82,1951256,86,1419,49888
73,1964561,85,12590,10183
20,1978821,88,6103,46606
151,1990021,89,15786,82511
69,2001776,84,6379,26597
79,2012938,75,13566,2054
85,2023127,84,13467,42355
74,2032900,109,11025,56553
34,2044448,86,9232,51083
13,2058002,79,2421,27157
32,2070769,72,7132,75422
81,2082327,91,9911,72221
22,2097257,81,14031,43554
280,2109314,93,1218,52548
107,2126449,112,5004,58549
7,2153394,90,13887,19049
42,2216544,87,13448,43394
8,2280779,48,7230,58568
8,2293926,90,18886,49395
31,2381257,85,4823,16774
45,2409503,81,13389,67931
25,2433660,89,15404,34183
4,2445033,47,8503,670
27,2457919,91,10183,83597
26,2535272,108,13094,20522
2,2550643,48,2724,23710
24,2563219,85,18355,52598
9,2583771,84,18004,47685
53,2595595,76,19756,6167
13,2632520,90,7854,20368
48,2644076,90,13116,22793
17,2656857,105,7105,588
23,2669665,104,3189,22642
27,2682394,81,7622,47132
0,2724583,41,9961,4012
24,2787299,81,7521,1750
19,2811785,80,12332,13894
17,2824729,43,9734,14375
18,2837245,80,12121,68086
15,2857887,81,1795,53256
0,2939205,92,2606,4909
1264,750387,105,4774,47438
126,639972,119,2761,8234
105,843822,120,10987,62731
119,909471,119,10456,17991
103,1136912,119,11639,56758
145,1317364,120,9509,66592
209,1346248,122,10137,63140
205,1417276,122,168,40688
181,1566427,122,18374,5255
1190,9007,87,18890,32413
1214,737538,105,17516,81688
1211,840091,93,18969,59132
1207,882674,118,19321,62423
1200,971714,101,15573,4791
1191,1062881,107,4042,34776
1202,1127580,106,9123,22589
1109,1170194,109,4531,28993
1190,1183612,78,9233,19330
1198,1246188,96,14626,19995
464,28542,168,14426,10397
853,31984,178,2071,38068
0,35152,168,15200,45529
816,40184,157,18630,59241
827,48480,77,1968,23407
1059,117715,195,14317,70046
259,125025,172,15482,16648
853,135196,68,18586,69586
570,155584,196,19698,45929
732,177076,192,15840,60328
1084,185575,195,18414,74545
1212,198764,163,17276,61100
857,211983,178,12155,32371
852,222646,164,8580,51594
141,236266,178,8188,71903
716,251869,177,5126,73150
1220,270702,143,13576,66430
1028,365905,48,15334,25034
4,394965,118,6450,82277
867,419960,123,8205,32202
1279,435870,128,10862,21852
951,494451,141,16598,39847
945,508640,139,9389,71788
856,519257,161,13408,13506
925,552377,150,694,24868
919,561832,134,1344,32292
919,578380,148,1053,26170
933,612662,161,2543,48249
936,625664,159,4829,23097
936,639848,161,11851,54163
926,675316,156,1084,18448
897,898704,148,13369,41935
892,908164,128,17154,38697
824,928256,158,12997,27096
732,78207,49,19062,23804
367,795618,6,6849,16950
476,13302,36,10619,1806
498,31041,33,19925,37875
1147,41184,68,18153,44800
489,55547,43,1633,18376
236,64701,61,19729,17756
1314,3149494,70,15338,39518
1614,676623,54,12003,55790
19,4197607,0,19633,49478
0,308503,24,4566,29661
3,333373,21,2488,70366
0,344016,23,3171,69025
0,407936,22,3128,7250
0,418600,18,16542,69964
0,468317,25,6964,4448
1,486069,27,3644,28557
0,500276,21,12715,38740
0,510931,24,3559,39546
41,553549,24,14695,57121
41,564200,24,14804,44276
41,581949,22,12925,2153
41,592614,21,17989,81986
37,652969,25,11628,51767
41,663618,24,8315,79598
41,674290,19,833,40784
39,684933,21,12284,69607
41,695578,24,14803,48529
39,702679,27,17105,48477
41,713328,24,10869,71493
43,830512,22,1495,11115
41,844714,23,18916,54818
39,855369,25,7804,22111
39,862475,27,557,74996
39,876673,25,5610,37096
41,897989,27,8334,69931
39,908650,27,5398,69912
39,919301,25,1753,28151
39,933630,123,7793,61843
142,947849,120,14804,65103
39,965451,29,15266,75085
39,979651,31,17816,838
41,990300,22,6995,16212
41,997542,120,376,35083
41,1018714,19,10342,37312
35,1029360,22,2951,36702
41,1040020,21,17291,44459
39,1050670,29,15197,27937
41,1150090,26,13748,11555
41,1157189,25,17082,39276
43,1164302,27,14470,22662
39,1174946,25,6299,3164
39,1185602,29,5456,5803
41,1196243,23,13763,7504
39,1206989,119,15362,1563
41,1221106,23,18472,73849
41,1228221,27,19066,18975
39,1242405,24,11519,42849
43,1253069,29,7138,80887
39,1263724,29,1243,36462
39,1277926,30,9133,52209
37,1285016,25,2825,73766
39,1292132,30,1965,40697
39,1299230,32,5471,35080
41,1309877,27,12624,46529
41,1316989,27,2086,78500
39,1327718,119,16766,43571
39,1338367,120,19869,68672
39,1359602,25,12385,65644
41,1370247,23,14030,24612
39,1384526,119,15850,13550
39,1391555,26,14913,50375
39,1402211,28,18232,58875
37,1430612,26,18151,30506
39,1437715,29,15809,71610
43,1448373,34,1790,13746
39,1469673,33,19757,18627
39,1480323,31,7874,13250
41,1494534,29,12531,81060
41,1512277,31,15731,10888
39,1530040,29,18026,18470
41,1540695,33,16664,54070
39,1554895,30,12629,56076
39,1565555,33,2970,74251
39,1576208,38,1631,69747
39,1586862,27,19072,3817
39,1597511,30,15569,80686
41,1611713,36,11868,20495
43,1625918,31,19805,7678
43,1636571,32,7049,31581
41,1647218,37,14622,25217
39,1661425,27,8774,52475
41,1672082,31,178,11559
41,1682722,30,12647,52359
41,1700480,37,7376,30898
41,1711137,25,12582,59715
41,1721788,33,6571,36285
39,1735985,31,12814,61173
41,1799909,36,12603,32477
39,1810559,27,16808,41687
39,1821207,35,16284,11017
39,1831860,36,15550,6899
39,1842518,35,16214,17837
41,1853169,33,9829,60685
39,1863816,35,15743,26921
37,1881566,31,1866,22645
41,1892225,37,10424,63871
39,1902883,40,7747,47194
39,1913522,37,18800,70778
41,1924169,33,201,80139
41,1934838,37,17926,52556
41,1945494,38,10406,56280
41,1959683,40,9348,9809
41,1970337,40,13498,70578
39,2098167,36,7788,58533
41,2112377,38,9690,70270
41,2133677,42,7298,79684
41,2194041,39,4766,55488
39,2204696,34,4234,12323
41,2215354,40,9820,16789
39,2229552,41,17674,18234
39,2240199,44,2093,40466
41,2254407,39,5899,19382
39,2265059,47,13575,13343
41,2289914,41,6898,33867
39,2300567,48,2525,58117
39,2311225,42,10592,76569
39,2321871,39,3803,77416
41,2339627,40,17887,4346
39,2357383,41,3282,5216
43,2368032,42,19882,52880
39,2399992,38,14659,56039
93,2410724,118,3723,71116
41,2421293,42,8634,64212
39,2431945,47,3320,7213
39,2442600,43,7977,48073
41,2460355,123,7804,53354
41,2542022,38,16155,71598
39,2552670,35,18748,67512
39,2563319,46,10782,27900
39,2573973,41,3563,36285
89,2584705,120,17399,66686
75,2595328,114,1646,74387
39,2605918,41,6240,65809
39,2616577,52,18098,58915
39,2627229,49,16840,2086
39,2641432,53,17329,30200
39,2662727,55,16059,50104
39,29559,33,2697,66563
39,47299,38,15200,40836
39,65059,39,5945,82588
126,75758,115,1786,62739
129,86408,115,7250,82653
46,104115,48,12856,26333
43,114768,39,18464,10139
39,125418,38,2688,57455
43,143167,38,14893,56366
103,157419,116,10365,16400
50,168027,29,4195,79219
134,178723,118,16185,35507
46,189330,37,1003,42074
41,199980,42,936,50457
37,210633,40,7951,45212
60,239041,42,4522,73986
51,249693,45,15150,32715
48,260349,43,11797,26071
47,270999,40,12221,45063
52,281656,37,3614,40399
41,299413,38,11250,44784
56,310065,50,13331,61191
51,320720,46,11513,80243
55,327823,45,9524,13312
39,334925,40,15582,6002
50,345580,43,5954,1612
41,356230,45,16345,49514
43,366881,50,17218,33851
48,377537,41,12611,73537
42,388190,41,19882,54540
41,398837,47,4085,66676
39,409491,45,16894,63310
39,420136,49,2283,81606
41,430771,54,6978,68242
39,441418,55,6863,29703
41,452068,51,5796,823
41,462709,48,18318,7104
121,473414,116,11912,44846
39,498190,47,7364,20376
41,508837,45,14573,55708
39,519483,42,4038,52815
127,533732,115,4825,65326
126,544375,114,3581,6399
39,554961,43,13212,82231
41,579795,39,18243,71603
39,590440,45,8651,5723
39,601086,41,10046,570
39,611732,45,3281,56938
41,622372,43,9802,80831
41,633023,45,2852,10887
39,643657,47,17026,24817
43,686245,38,9816,42546
43,696884,45,6109,53338
39,707526,49,546,80872
39,718174,44,5371,36951
96,728912,116,342,74960
41,743010,40,16066,78558
98,775041,113,2684,2279
39,799788,49,15288,47855
104,899231,115,6131,11313
100,909876,116,4299,23405
41,920427,132,6072,40839
39,931074,40,8937,40111
93,938265,115,3707,25005
41,1413654,41,12613,62282
41,1424299,38,326,67714
39,1434944,37,19209,81716
41,1445593,45,14848,40647
39,1463330,39,18674,53398
41,1473977,36,12118,12054
41,1484624,41,548,29510
39,1495267,40,18733,9930
41,1505915,38,5947,46
39,1516553,43,17771,22222
39,1527208,41,18576,15633
109,1541496,114,7644,76203
41,1555596,36,13514,15878
37,1566243,38,12514,37938
41,1576890,37,13238,6081
41,1587535,38,14807,60271
39,1601728,46,2738,4091
41,1615921,43,13662,16907
41,1626575,43,15775,46137
41,1637218,39,7617,28743
41,1647865,43,8242,76305
39,1658501,42,9357,39655
41,1669152,43,14808,70056
41,1679793,41,10682,57355
39,1693992,36,550,28524
41,1704636,42,8858,28643
39,1715280,44,7079,55333
190,1729556,126,15846,36451
41,1740121,38,18433,62065
39,1750768,39,1642,76516
43,1761412,37,4307,4710
41,1775604,36,16781,27152
41,1786253,41,18075,3819
39,1803992,36,8196,35234
39,1814642,38,18714,78247
37,1825287,38,7956,16649
39,1835934,40,13255,64038
41,1853674,40,2402,68530
109,1867972,115,11291,54428
41,1878514,39,17730,66341
41,1889165,36,14827,73748
39,1903355,38,18574,20620
39,1914002,36,7005,59218
41,1935297,41,6462,80466
39,1945941,42,17148,35090
41,1960132,43,19019,59225
41,1970779,38,5606,10615
43,1981417,35,11428,69934
39,1992062,43,14596,66793
41,2002718,41,5947,64335
98,2013457,115,11191,27376
39,2027555,44,9104,11866
41,2041748,43,12768,48132
41,2052389,43,8119,6239
39,2070134,41,7338,32503
43,2087881,39,7340,28119
41,2098521,39,830,17403
39,2109173,42,78,37353
41,2119822,39,3483,22401
41,2134009,40,1478,47110
195,2166065,120,8818,58254
41,2187237,39,11738,52906
39,2201440,38,3612,6488
39,2212076,39,9757,14613
37,2222725,42,15042,35785
39,2233368,41,12491,57813
39,2244009,40,8158,10303
41,2254664,36,3857,7882
39,2265307,41,11869,68525
41,2275954,40,18024,246
41,2290146,40,11035,63738
43,2300789,36,19235,58186
128,2315086,116,10391,57236
41,2336275,37,6269,19226
39,2350467,44,13130,45763
39,2364667,46,3903,81343
39,2382409,46,15556,62765
41,2421444,43,2413,57510
39,2449833,51,17905,25078
41,2556287,43,18993,33238
41,2566935,47,3356,57530
41,2598874,41,12002,52264
130,2638000,115,4471,59178
39,2648545,45,2008,1692
39,2662735,33,16861,21213
41,2698232,40,7007,48531
41,2708878,42,5353,8141
39,2730163,40,12870,6388
41,2740809,43,17404,64639
37,2751455,40,6658,58813
147,2765714,115,18250,67171
39,2776296,39,8813,1862
39,2786940,42,17120,19649
39,2797592,44,5496,16571
149,2811847,109,3011,78706
37,2829521,37,9800,44134
41,2840169,40,18186,43240
39,2854357,43,4135,55468
39,2875657,41,3847,29089
39,2886302,42,12902,65219
41,2896951,41,357,10945
41,2943077,48,12082,39358
41,2957266,42,13901,77753
147,2975077,114,1484,69413
41,2985655,40,11065,18503
39,3003398,40,6267,76765
41,4348250,48,7023,56276
41,4358896,43,13219,120
41,4373092,46,3913,6677
41,4383746,43,19425,12999
41,4401486,43,14053,22654
41,4419228,46,17323,33341
41,4440514,43,2725,35506
41,4639210,48,13891,82769
41,4649858,44,17235,48784
41,4703077,44,3851,3034
84,7261606,64,9151,29765
85,7275798,65,675,65809
41,7300641,63,2747,68577
79,7307739,68,15473,19634
80,7318386,56,9103,38908
86,7325485,65,12340,55126
89,7612933,66,19695,23417
83,7655518,67,15264,42200
68,7754878,68,5160,71122
64,7765518,74,6031,34122
61,7783272,73,1360,28927
87,7797464,71,10594,7140
73,7818756,70,659,32499
3,19000,27,3123,44072
2,29657,26,5327,40041
0,40322,29,16564,20728
1,115072,23,10519,68073
13,139939,22,6866,20459
203,55774,35,19453,20617
238,87744,36,10506,82927
233,98402,35,6357,8995
215,109058,35,3938,32113
230,119716,36,8948,29906
225,130372,38,13107,80480
250,3629947,40,6099,65567
243,3658370,40,18367,83219
241,3711661,43,14082,7908
836,2150529,9,4944,76248
414,2887460,87,12763,52650
1002,155255,114,7872,41556
1145,1083340,116,8766,14695
570,1162279,100,7527,76512
1179,1223690,127,9321,2088
955,1260440,120,12275,5900
581,1273552,110,12769,1164
778,1292292,112,6726,73371
977,1311529,125,6450,37933
604,1322072,110,7784,73529
1254,1333074,115,5765,64349
799,1341292,111,17945,48342
1209,1351649,122,3999,74404
402,1361745,111,4889,70131
752,1378585,123,12753,82688
621,1388036,113,7831,75396
615,1398169,89,35,58745
1217,1413272,112,5528,46477
1196,1423992,128,17094,24394
772,1436089,111,19460,57661
425,1444004,122,4735,21268
584,83249,90,15243,24492
852,134988,99,8219,60624
1035,156370,107,9145,53678
1182,171874,108,11979,9202
804,192327,105,8386,904
517,203197,107,17582,54935
1229,224240,107,14819,64670
855,237729,118,11145,35066
1291,249736,119,13873,432
805,273908,114,1047,7890
321,294032,121,10918,78510
323,367324,120,15700,60850
617,450379,114,2545,68604
647,483796,92,2614,38201
805,598090,110,6069,60230
475,626952,112,8533,49603
321,679386,121,19467,64109
696,762234,120,2607,61738
1241,796972,122,14152,47474
1196,818584,129,16861,75094
489,847972,106,14028,15680
861,858604,114,12784,38949
765,879259,123,14820,33034
563,888672,113,485,22864
816,899659,127,15492,48889
686,909972,113,13601,21353
974,972384,117,13808,24352
583,983183,122,5044,56271
312,1013642,115,906,37967
297,1028213,120,13536,73033
305,1042404,120,16964,50660
731,1069368,109,18234,31921
301,1095698,119,2225,77679
756,1110856,111,1336,66825
301,1156107,120,921,35538
575,1188740,105,11147,76385
1202,1298256,127,16762,68566
307,1458128,118,11245,6651
689,1481144,102,13369,28613
1094,1506525,129,14317,31813
303,1593115,117,9914,44250
486,1622520,109,10869,65391
599,1645544,109,5388,27238
1236,1667032,109,19497,23831
1235,1681980,120,6148,35066
299,1692615,120,4355,29227
1273,1709863,120,3967,24496
1140,1733269,123,11657,49448
299,1738808,116,1347,71000
1121,1789332,115,794,82539
543,1819724,111,2870,24241
1213,1962342,123,18705,64499
1325,30207,79,15858,16878
1,55572,27,75,13479
1323,68445,90,3438,15634
1324,75642,93,3169,71060
1324,97132,93,419,41678
50,143784,100,5086,18455
828,128854,86,2753,41336
1324,1543653,108,5104,2377
1325,1564451,111,3674,61984
1326,1581921,110,6865,81022
1325,1599135,111,12934,80605
1327,1647908,110,2190,61396
1330,1668998,109,7520,78342
1329,1682919,110,12997,4347
1327,1738096,111,3479,65812
1328,1772580,111,13445,78942
1302,2369532,115,4334,60399
1315,2396372,116,17550,28368
1310,2413168,110,13517,76859
1430,5851552,114,2242,26437
1357,5877663,116,5786,81272
1427,5897947,117,17703,82477
1421,5921344,113,6995,54914
1417,5948468,116,803,49962
1373,5971611,115,1535,70922
1444,5996730,116,9100,12113
63,6245624,28,14775,55469
123,785268,129,19297,48922
625,1934306,99,11644,27010
625,1954598,95,10368,52514
625,1970774,97,10766,59061
625,1981388,98,10080,35200
625,1997356,94,486,67421
623,2003323,109,8302,21020
624,2014210,96,16088,26958
620,2020002,111,7827,60852
623,2030688,101,6487,81283
621,2036193,99,7919,2790
621,2046094,99,18267,77688
623,2056310,101,1781,42149
621,2076516,92,5318,9035
621,2086004,98,4717,47056
621,2095554,108,19926,39650
620,2104786,96,13689,73868
619,2113679,92,7696,74721
619,2122174,95,13945,17030
617,2163461,106,15655,21541
618,2172852,106,191,68662
616,2182058,109,265,23825
615,2188217,107,4649,6418
615,2197352,106,4473,28202
614,2206544,108,13446,9711
614,2215716,109,1664,987
616,2224908,109,9029,10152
612,2237084,106,8539,57821
38,735612,93,2015,40783
1252,355940,82,18800,48949
1095,3028545,100,16283,42026
193,612201,73,3045,83161
1159,32914,100,11433,28711
366,228379,103,14013,59291
837,231429,55,359,1143
390,2513153,88,3184,33462
1351,4807459,89,10248,55392
1325,4848223,91,11299,14266
1164,466028,85,9014,56315
542,51943,104,3377,81438
367,303225,101,15916,24034
932,3020344,88,13607,35768
516,1346892,76,13907,2246
1332,70219,97,724,9373
480,1263623,80,19266,10228
699,1503538,90,5323,46165
431,1587172,86,449,62861
96,7430,105,2875,81129
873,1099506,96,12976,83539
525,2922516,78,16340,8387
83,690095,61,13711,47745
99,203973,108,4634,29409
383,133188,90,17851,68108
936,597956,93,2100,75188
1010,673841,95,1893,20292
955,731417,91,2850,48134
1297,817238,97,3260,58858
1116,861912,104,13618,21771
1307,968156,102,10259,7584
935,1035255,84,15457,67893
565,1074269,101,6221,6446
372,1131516,96,15746,27753
1609,1168986,85,14969,28469
748,1199744,87,12246,70556
189,1290093,103,4771,52400
1559,1658945,71,19405,13518
764,2070108,67,5494,39513
1633,2097069,77,6292,55909
133,2243918,95,8354,27327
501,2455610,70,17200,61250
973,2563697,75,17339,73904
1627,2637324,83,16587,51035
967,2690125,84,7054,25245
1126,2829623,91,19924,37857
561,2993150,93,2574,82103
1338,3023370,93,9114,19137
1357,3378464,91,5072,75526
512,3406368,97,1591,56550
1606,3457631,61,13616,61519
532,3581245,91,16957,33312
1393,92878,84,19138,19622
744,113269,85,2051,64871
595,140744,85,9003,80417
669,328431,58,12466,33423
908,414919,86,7036,56684
368,484193,91,12281,66170
1628,589740,82,10775,46779
213,625577,84,518,30971
117,800126,104,6611,19181
64,902589,49,562,47004
129,970962,101,11127,73105
104,1046565,77,7597,27207
52,1082492,44,18460,55155
1051,1250608,82,11817,12537
539,1294968,94,10206,45920
947,1388292,65,414,39995
541,1540628,99,14708,45008
118,1566617,90,17707,17121
1063,1593977,93,2891,31679
1084,1635847,84,18368,15363
1531,1757997,86,5939,30340
24,2089982,78,19836,2113
155,2274364,93,19674,63761
1005,2315017,95,8542,81518
30,2488268,79,18713,69076
881,2921961,80,11069,72275
280,2946689,83,10350,15212
1250,3294606,103,5799,49001
1317,3426581,97,3641,50270
438,3579130,94,11917,62201
1643,951875,71,19063,3714
1680,990614,21,18119,4932
1674,1161637,72,7092,65233
1678,1465348,22,12177,11478
1641,2961860,77,14544,37164
1633,2987424,76,19308,62107
1638,3009085,88,2313,51800
677,3379334,95,424,73169
1575,3403338,77,12170,69925
723,3857540,87,14744,69175
759,3896732,90,966,45814
188,3942253,95,9645,19633
339,3962284,77,920,68624
143,3986260,102,765,81753
868,4048592,90,735,7419
396,99636,111,9529,30372
508,257756,92,4235,60688
1134,728281,48,6670,68205
251,961360,99,8974,27853
682,1620649,104,11390,25500
19,1709640,118,16675,48843
1084,1803992,101,7300,40369
920,1862719,101,18449,78318
21,1988956,110,11024,36940
57,2014358,107,19393,11418
205,2039121,105,426,24383
1327,2062989,102,13652,30581
482,2102085,105,17942,40956
1317,2166062,110,8637,72414
17,2433462,107,2421,37948
828,2451285,112,17983,3315
724,3320084,87,12362,47545
593,3384541,99,14045,13665
1049,3577116,106,8265,58705
1312,4118358,104,6638,4450
459,4165780,108,2910,27747
487,4186980,130,15899,18057
204,921087,100,14623,50808
576,1581945,123,12788,49527
1582,1612840,78,17073,83310
967,1659737,63,8915,63379
1287,1695433,100,2635,57956
1285,1715283,100,15368,7112
57,4121201,98,1041,39646
715,5260241,88,8683,20454
1358,5492080,113,10282,4569
203,5521699,123,5347,26533
1345,5550892,120,1695,39472
146,5714647,120,7268,15452
305,836762,92,17428,18799
1041,1276792,92,8221,71731
1261,1592233,118,8389,45989
206,1785718,106,4403,33403
814,119924,74,2154,11769
673,890920,43,5089,9579
1161,2173332,90,8159,81354
912,3597508,120,2953,43104
1145,595201,93,13882,25749
1307,971525,101,11922,58442
557,1130873,92,9133,73561
1245,1349778,97,8359,23798
1272,1954485,83,5180,39628
657,2134924,48,3572,48410
1175,2488529,93,19932,74087
1307,2633467,108,3502,12121
919,3178549,84,4811,76855
320,9754896,89,9430,573
661,2183073,78,9032,30522
553,745890,70,19273,63973
1467,1144047,56,14397,28020
929,1248676,88,12895,53472
165,1293999,96,12848,76154
267,1786108,93,16626,24150
1605,2158132,67,15189,73162
1588,2338856,64,7891,82336
957,2591828,91,15598,5963
248,3568704,104,17061,60210
847,3658081,83,7404,77316
953,3681237,86,16040,12960
532,3706296,97,7199,30972
253,3802023,78,2957,21203
63,3947227,95,7036,59061
389,4072432,100,10823,44287
576,4235272,102,4172,9338
93,4630871,102,2896,2426
395,4726828,101,6125,45601
61,799291,61,9840,18683
1538,830518,77,9090,62826
477,1134907,64,11047,75885
965,1219062,115,16861,59621
1474,1248833,101,9668,81374
933,271824,85,2811,44583
1135,287964,105,11407,9438
1179,496422,105,4604,78466
976,733668,86,12831,68146
611,468991,106,18867,15734
1441,492452,91,15446,46906
359,652992,87,13799,5259
1224,812031,81,11546,77804
729,832264,96,6734,63019
869,899390,91,12619,35934
1009,1067161,96,8807,78076
1410,1164921,88,16848,53313
1515,1206028,75,9225,3289
386,1304617,100,984,4301
1267,1340865,91,11440,65788
1065,1379196,98,17447,36571
1297,1439661,110,7685,65387
101,1467096,90,12895,27317
924,1519112,94,16800,80980
993,1589161,103,17405,74098
996,1627293,79,2500,67325
984,1802170,99,5156,25363
586,1862942,12,7749,23085
1215,1940686,101,8170,8231
990,1973168,93,171,67358
1233,2093622,91,15820,8759
853,15184,102,2413,46694
1123,34172,130,19730,7211
965,71777,136,6807,26306
806,1204128,83,9966,77846
726,1286481,84,10048,2589
770,1608591,91,12602,75766
893,1664446,92,13089,21964
559,1975680,89,10702,5638
919,2702154,82,13232,17477
895,10343919,112,15403,65977
312,10391495,91,15610,4853
1145,10507433,104,11081,62892
681,564704,78,5237,79698
771,1264388,107,3458,53809
755,1362991,98,4346,38571
735,1759941,93,11475,82482
338,393428,93,13266,57672
496,3889348,56,17785,40289
1259,3928519,69,10343,40054
734,3980510,91,4038,80261
733,4022585,91,15947,73519
1110,4349724,115,2761,35592
282,455871,96,5719,19075
572,228293,121,17367,35245
522,281944,110,3372,31070
1038,603596,100,7694,74068
575,1279980,84,16569,4180
803,135392,84,14437,879
1145,2613103,105,19410,32227
371,2794886,105,6799,35192
355,2820561,91,11491,15071
362,2839568,76,16647,54685
228,3458746,61,13916,536
787,3544454,103,6531,63687
395,4680348,111,12520,28028
1338,7851,86,11855,68067
10,783146,93,17893,25599
1221,87916,85,3824,69304
751,424082,90,12615,20265
1289,534066,108,520,44645
1015,639490,113,11011,58345
693,697863,100,17531,40358
979,724192,112,13256,1609
950,852041,115,15643,26230
1044,950109,105,17482,29782
98,189519,125,6610,11757
1131,288152,120,3651,27742
125,356611,123,12418,15878
81,373946,118,17628,41936
157,395408,118,7936,5624
159,413476,120,4385,19556
239,505112,120,14108,26329
315,530471,121,556,83183
305,551913,97,18122,65015
309,574196,74,18372,13867
187,594752,119,14189,14925
311,618457,59,19710,24157
1318,2287245,77,7481,70481
1293,3626796,83,13923,25832
794,2294295,91,13697,61711
1215,1545468,115,1426,76277
822,820681,85,11622,55415
1283,324225,105,12013,78734
749,337093,88,7318,64167
1120,350893,88,9408,17517
1192,521912,108,14815,47408
498,261713,88,13769,19934
354,409908,82,17049,23579
860,61614,83,12329,70073
581,148364,87,16483,77754
1214,365205,70,18585,49154
818,657566,86,8248,28484
19,877413,81,195,77025
71,1119116,96,11486,70241
262,849219,71,18158,59214
112,33720,69,15988,59047
118,125813,87,3189,2578
559,274608,103,2324,53533
181,398801,87,1748,36398
1494,547500,77,16933,37926
1539,625496,52,19240,62316
1348,662867,73,9054,13621
763,677184,50,13072,59775
189,712491,120,10814,18220
1641,769086,87,19709,3444
1372,784148,118,2683,21568
91,815573,75,7532,15404
161,830128,115,15988,81969
284,841077,117,8436,8365
174,884609,97,4235,82519
90,906500,73,18637,70204
195,921071,119,13340,83747
73,939291,91,16079,78364
95,961065,56,14712,53297
174,1008474,101,8339,60206
57,1022956,95,15497,18980
293,1044255,119,11559,1879
387,1349016,65,16583,29801
1203,75224,71,3448,15484
630,96205,89,16912,53538
888,172100,59,6210,9144
1111,238390,61,9132,68451
1272,290640,61,13485,65108
832,310567,82,18887,10624
671,334988,81,17893,78797
1073,433186,61,14481,19852
1121,507537,67,5639,74197
567,532545,75,527,23544
1210,563227,79,17218,4869
1031,621518,68,5696,66922
1128,643180,81,15837,31281
1077,699354,71,9795,21054
1034,778450,68,11841,1149
604,850713,61,14546,80311
1598,1569522,73,5162,32247
1611,1720569,59,19280,23497
1457,1928741,82,13338,58354
1065,1955642,65,11012,30118
1619,2051872,53,12410,62943
1449,2083961,69,4122,6399
1630,2115318,67,5606,24221
1588,3353146,57,19757,8416
1069,49572,97,11389,24868
909,340224,97,5594,29310
896,726664,104,12278,29767
896,801872,113,2691,76703
581,55732,77,13691,23024
1245,964339,105,4556,20415
1160,1225386,107,198,8049
778,1281918,105,10043,59850
1157,1331507,109,18594,61308
476,185445,98,3584,62386
778,534067,89,14069,80856
1268,571986,82,17853,15114
377,1171429,113,4401,35530
391,1312199,112,15075,52033
691,1446060,93,11398,25902
227,1593586,112,13646,62948
174,1775809,111,10134,27210
1038,2506147,74,12404,53613
1069,2685547,82,4860,30906
1066,2750749,82,15025,29878
1068,2783339,90,10348,82859
1069,2993390,82,8684,23989
1065,3029617,83,13644,46713
1177,3120281,81,1488,67421
1219,3134228,78,6909,21723
1065,3160062,85,14296,71202
1065,3203535,84,2145,30063
1065,3232524,85,10509,5658
1063,3257887,84,5942,59609
1061,3326735,85,5908,56040
1057,3373856,86,5568,23197
1060,3402848,81,6032,560
1061,3420976,82,11139,40342
1058,3522485,84,4228,29977
1306,3632953,82,12684,28743
309,3744532,101,2852,24831
1059,3787187,84,2463,51620
1087,3814057,101,12159,60445
1040,3967177,106,3304,65885
1041,3981657,104,7623,61640
1078,3996148,100,11361,71735
1043,4019353,89,13894,10026
1031,4348498,102,163,31885
1056,4364066,89,11359,65739
1116,4387848,104,11696,14024
1043,4399271,96,6056,64584
1097,4413249,96,15838,37422
197,4458892,103,13936,21207
1103,4474894,99,2293,72791
1067,4532922,99,11953,53450
659,4194670,107,10644,73490
981,467888,115,10193,24678
1120,2530763,89,5549,59564
550,4625112,99,8040,59059
758,4758137,77,10746,81663
634,5303273,79,3376,34319
1085,5464636,101,17144,82613
1134,5798193,104,11608,10269
576,5916473,99,2873,12241
1152,6571361,107,16268,4156
609,6791894,101,18918,70249
701,7156447,104,15733,62316
345,7203465,99,17634,26175
651,11150448,78,434,79168
889,12438460,78,11292,8312
1094,12806495,63,5585,62901
6,966898,104,7458,17036
14,1346926,100,10141,77021
1122,313348,56,14689,69826
1321,1554743,79,18897,50394
1161,2520749,73,5675,21689
597,3674102,50,2430,74895
154,3755477,65,6684,71086
133,3778014,67,14593,36333
41,3824786,27,14626,70078
68,3859251,56,12881,26194
221,3948212,65,14430,24836
1111,4032298,100,15865,4483
995,4085316,103,14121,76109
396,4116853,56,16438,30362
604,4441757,46,11029,80811
1108,2497122,85,8883,7345
333,764107,95,9920,19803
1269,374730,42,3484,56540
1109,401768,6,14828,65438
1293,600561,44,10765,4962
1252,1229599,71,3489,42609
1051,1314158,48,11942,3405
317,166852,110,4028,46118
39,2410802,45,18838,41910
41,2609514,38,13112,1448
1611,1671950,63,14348,24888
1616,1725137,48,18936,35096
1613,1752541,65,14460,80181
1603,1995544,55,2121,27645
1576,2063540,64,3926,30817
662,266284,101,15111,62068
556,1146657,87,16909,28995
1053,701399,92,1389,53860
550,1154994,95,18686,29282
775,1370789,110,17914,72588
100,1002562,102,9202,77089
76,1012529,4,14135,35715
0,159043,127,19718,14126
1,117422,101,14341,28333
2,130760,71,15741,37517
9,143523,97,7437,7431
14,149048,99,18381,66244
6,363701,76,14579,27911
7,375592,74,18747,30610
9,379740,99,557,17908
6,393457,97,12996,35814
6,402394,111,16173,26398
4,409986,96,19108,18442
2,421204,103,8707,1652
0,430948,90,13522,10625
0,444148,96,14174,78320
2,448681,121,1058,57225
4,455227,102,17436,82580
0,464503,99,13553,4454
28,3213793,97,6633,57829
25,3277804,105,14766,62842
1343,46714,90,5127,71348
0,224005,71,19610,50392
2,1798872,81,11732,16271
1273,167280,86,2668,69518
25,281358,70,8349,48632
1206,308931,100,4211,19614
71,471955,93,12403,27528
1144,113260,117,16798,30518
804,151240,114,4798,19804
845,189673,122,3372,23093
798,225718,118,16187,10309
1090,255155,119,9355,26872
806,300303,118,7049,59942
963,657468,123,12888,8444
387,695980,96,11695,22590
973,707576,120,6693,33329
1020,720705,125,4801,34254
317,732308,114,7126,55697
1021,754445,127,8544,3053
401,762911,118,16439,40233
1082,825488,120,10818,39745
1050,856766,119,15549,13699
979,891060,110,11802,23116
346,900068,115,7248,51410
997,920577,106,3775,27405
357,929482,80,2766,24369
373,1058240,113,3416,33858
365,1084192,88,11477,78998
357,1090984,111,7195,44725
349,1115618,96,13083,65193
347,1124976,110,11185,41853
277,1151809,107,8005,4992
827,1930709,97,10833,68550
1057,114430,90,11794,41002
1181,210828,92,3203,77583
1302,165248,66,10962,666
1281,212793,89,18391,67004
264,1230964,54,19297,17873
136,1294504,79,11237,33575
232,1384749,89,9240,61443
272,226474,49,2062,17960
235,739072,103,17894,82764
525,1054602,118,2108,66690
916,810184,101,16069,11774
1063,1915213,118,4988,82990
77,1259448,96,5106,79777
545,425925,99,16422,54224
449,1019477,107,18887,42549
781,1045940,120,14472,18619
48,548048,54,11126,72322
768,370947,113,11717,82703
505,1998060,116,8928,26167
301,903475,55,11192,62956
642,942520,106,19979,66768
867,949655,103,7692,10564
517,982032,99,14015,36069
1033,181432,134,16142,35502
647,2162587,82,16907,56105
796,2182560,79,8215,44484
1037,2195695,111,858,14952
1019,2224815,108,3707,61594
1105,2240686,92,2467,52988
922,2253261,89,4671,25490
1137,2265683,95,12264,71568
344,2278012,95,6251,42528
1098,2293200,97,12073,1595
445,4569159,64,12949,16426
360,4601186,78,4280,79769
398,4615178,78,17089,75429
1163,4639384,130,11139,37686
452,4652868,85,12910,81380
779,4662945,97,9063,24239
719,4689395,97,1882,65897
59,4712084,61,1550,32869
435,4737382,91,11099,72194
460,2161400,105,17379,12068
306,2184746,105,5066,4729
355,2203324,110,11614,69265
449,2212600,111,7342,3921
525,2235737,109,5040,46271
395,2258772,106,11534,8925
211,2277118,89,226,25469
284,2286293,116,11604,18613
281,2295428,116,11306,37845
950,2304542,110,12645,24527
1090,2312033,109,18748,33575
795,96606,203,3358,51658
902,31494,50,16232,75304
1031,68050,35,13863,45325
1073,96615,127,5819,72136
753,141196,122,19451,50900
803,107491,84,4641,13353
1122,2650780,84,9938,22509
1170,61060,103,17570,14112
1094,75122,89,19270,80734
610,529042,101,3028,12156
662,781434,89,7890,17927
1550,838654,80,10528,36514
1043,1082240,97,638,54162
1068,188817,99,6182,20386
1080,2136974,98,10187,77392
793,2533145,99,8561,59180
1027,2835787,87,4128,53442
1129,335177,81,1183,79349
1049,764081,82,7925,26811
299,853625,115,7677,68845
159,953888,116,1441,42509
905,1046618,88,8511,72085
1605,1116225,82,3993,25817
345,822292,82,2159,11539
1173,1072387,77,19970,57113
779,1198171,54,19169,1183
1029,639361,132,19512,63059
989,800963,91,14243,31279
1170,1038876,125,19419,66100
754,1066700,77,18356,53276
457,1087496,92,13715,7928
760,1147869,61,3456,30983
512,1261077,93,6314,29396
1068,1539081,128,15849,10615
676,1974176,93,1817,63246
338,2032058,89,12442,12462
811,3096621,91,13985,30190
655,4212846,48,5794,80999
1151,6042280,73,10928,11219
1159,301412,87,4401,76554
328,322285,102,553,63079
345,348556,71,3889,61009
1032,404761,118,15084,2608
1115,817076,58,1480,7884
1070,863518,78,14911,11991
501,1986222,40,10698,61716
1126,2636449,102,6774,61194
300,2665729,85,232,77809
434,2688956,81,8245,66169
776,447943,36,13095,58437
640,629605,91,19826,35986
1538,789340,77,12110,27370
1505,880521,71,5787,63761
1527,5331249,42,17117,66604
1155,476876,77,19341,71255
171,1804039,99,18383,23010
144,127892,101,18193,75646
1136,4082892,101,6288,40929
1505,4373281,92,652,41058
1362,4443762,102,19305,50375
789,54896,100,8921,3705
1151,866291,111,1142,71407
599,2382642,101,13823,46161
1118,2673603,103,1010,43316
220,3094414,104,19540,27444
843,6712,82,10292,47094
1219,701105,91,6621,71315
782,798878,84,9269,10859
1167,294065,25,6878,69909
642,96252,77,4861,76326
1123,94662,70,15643,70691
279,119026,73,9008,60831
1202,289529,109,5099,30185
747,949136,96,19821,18248
799,1029590,105,3616,63953
485,1105756,91,14955,10003
619,1126672,95,10248,16770
365,3866538,53,1552,32435
1106,2371582,107,5848,37801
1123,11066410,96,16600,22667
1125,11499942,105,12110,18839
810,11569824,102,16842,1073
1135,12416454,80,15421,19667
385,4138007,83,15958,23334
1536,48398,82,10729,46436
254,65006,80,17211,39373
1567,72307,87,463,46159
259,88576,71,9212,41413
237,95111,80,17353,20506
235,103892,89,3910,62622
237,109868,89,1957,27622
1569,116177,93,13497,29171
247,165496,77,8788,36412
1563,173199,106,6973,64281
1578,178458,99,14686,33053
239,182093,63,3278,44903
244,184455,86,13633,42010
1579,188073,49,6659,8465
1568,195161,112,4869,23898
243,205684,7,14989,19270
1587,211409,88,1640,32424
1586,214533,77,18799,26542
253,220228,66,9166,15863
256,225183,85,17800,48485
253,232415,90,16369,49268
251,256288,93,900,30450
246,267240,94,14489,304
1572,337559,29,18136,59682
265,492514,82,6223,49518
294,497209,96,14929,62763
325,508368,87,16293,55181
1197,61803,107,3530,208
1230,86773,118,7998,4371
1224,133270,112,12170,37100
1589,3051375,108,17777,3879
1573,3116210,97,5527,15450
1595,3127441,104,7627,27104
1580,3160372,99,8608,29206
1613,3225473,103,14648,34877
1237,9737743,95,7009,66018
1325,9767941,101,10385,52721
1271,9831578,101,10714,23095
1,111151,19,16044,48743
1365,3990693,45,13440,69533
1365,4174907,44,8761,71268
1372,4309441,44,19822,45726
0,235757,11,7774,4893
0,286956,61,3984,46300
0,438867,46,8516,23472
0,570024,0,1270,53726
0,645933,36,15707,2493
0,889681,121,8638,46646
1705,389963,70,18444,41087
51,661248,110,16761,59403
1672,116120,19,1335,21169
39,1135364,87,3091,79960
2,2629644,77,16987,82818
1644,1554711,80,12556,74425
1641,1606625,73,2618,81875
1677,1846237,42,5872,80175
1381,3515903,68,4729,37682
192,1283513,113,8284,69431
1543,1312943,102,14694,3102
833,276547,103,5133,20979
507,835980,119,17678,869
780,3746641,125,10393,68559
35,3780021,87,14147,34648
1015,3982273,132,7677,55902
1146,3997970,92,8114,49231
1228,4015601,112,3171,12409
406,4025551,125,2673,65407
1291,4046506,95,12541,76821
1295,4061997,21,16305,28201
127,503783,102,11107,2160
1199,585934,114,10134,7323
221,638591,120,16824,7934
1251,660048,114,8793,6804
23,893638,111,17580,10337
1327,1432108,111,13665,12231
1323,1484300,108,12534,7109
1329,1508691,112,11805,25467
381,2601604,58,6879,32223
99,2634035,104,17467,7560
1392,1215744,123,18328,73189
1338,1313692,125,18626,68158
607,210504,102,15114,82197
62,424657,125,40,83447
155,673270,123,9115,43330
754,739337,91,15531,49938
552,1211332,100,14807,26094
526,1470973,109,15705,42159
741,614880,77,2302,6050
132,682028,80,2391,50866
1288,1388373,105,1423,31396
214,238008,86,5140,11441
656,336137,77,14864,8888
507,399348,75,5739,11454
530,508200,87,7520,3984
1112,808169,65,4858,1948
0,843312,72,14894,55060
0,864919,56,1710,9568
0,881709,56,18245,36775
649,911696,83,12505,49045
0,950080,81,11882,28704
0,971696,59,15015,64080
0,990037,57,1201,35710
0,1007200,59,19262,70638
0,1030360,63,243,83800
0,1041924,63,7056,47238
1289,1132484,105,5826,17360
1598,2932024,85,16865,52588
196,652754,110,16502,60566
702,1715826,91,5011,1475
436,1120537,52,16666,27456
844,71768,113,10715,6427
419,261033,97,16355,66667
721,5169308,84,6019,75356
15,2278497,19,16021,22798
1269,340471,82,3400,24964
1176,360880,83,945,16476
1152,371477,110,3508,34163
1299,385532,96,15154,56174
1331,397980,61,2620,4455
1064,406616,97,7482,8387
1258,422864,85,19053,18382
1155,430639,96,8003,81128
1111,2527319,85,15913,35535
1495,123779,87,5519,80194
1440,220121,101,10604,78301
1287,3204829,67,10028,10852
1117,1194359,72,14429,27112
1376,3467552,91,14648,13136
88,327251,100,6518,81282
844,407114,78,1206,35353
1333,1638648,91,2753,47368
1110,2817680,98,3052,68439
787,2887288,95,10601,59883
974,3149617,66,5484,49333
1420,23288,66,10898,34363
451,683320,133,1903,29242
534,756916,129,830,38629
515,833989,129,3207,14421
354,903537,16,14760,54773
43,1230580,101,750,68041
877,1252347,97,13719,34937
474,1352048,86,6773,67974
1101,1378026,68,3366,59371
1563,1398598,97,18047,7731
300,1430061,101,17654,69368
102,1446788,103,10155,40781
138,1733458,95,6486,54762
588,1751958,96,12158,69637
469,3881283,92,19175,28660
1300,3976070,97,15772,54546
823,176554,76,6841,83664
1317,222011,67,19860,38
1067,450677,90,17392,39129
1386,1299250,113,19885,68269
1162,1895154,131,16641,30005
971,659476,89,4768,38088
1568,698409,78,13699,39645
762,1519328,95,1611,45001
21,5367324,67,11669,46735
1163,2016193,104,16221,49863
331,2077064,111,16668,27329
462,10369596,105,18760,73054
788,10409376,100,7639,32014
472,10440356,112,8780,21583
853,10555505,97,3442,69426
860,10624922,115,3983,46380
727,587412,75,19228,72783
513,620622,71,8140,22647
995,66318,93,12643,38319
419,91039,99,17002,30726
408,945792,107,10598,67675
329,1319063,97,19744,48150
453,1395724,80,11944,43089
1223,456228,66,7051,67761
438,627768,82,7178,23344
1075,385913,114,18582,25576
1073,372724,110,19992,50842
296,1731318,108,19341,73101
890,2008592,123,10533,65268
893,3264755,86,13456,18270
899,3283148,107,13028,75194
1333,1436808,67,16514,22117
340,573781,85,7619,67902
899,844907,108,13223,51592
633,341132,61,5834,65203
1277,396403,41,2072,68649
1013,3552722,61,4758,21176
1043,4163671,24,5224,37545
589,4201928,81,9354,13202
772,4313950,46,5460,10880
630,5015327,49,11408,18681
483,5060301,104,17152,53588
705,5071808,77,14025,10078
317,5082496,95,8145,73176
847,1689271,106,8299,36935
23,1748216,84,12590,21657
413,2727673,84,16569,37285
484,1466087,0,14954,68305
233,1482749,111,16995,46349
99,1552116,102,10081,133
535,149538,114,2201,44905
61,4757479,0,10788,2625
1066,9670837,106,5722,80136
153,28527,103,6583,79770
33,60056,70,6158,61190
56,173070,89,12153,54052
51,185988,93,9014,73781
50,259240,117,7619,4043
73,272159,118,19814,53153
49,313092,79,17650,22335
45,323844,117,7572,74488
98,395521,80,7000,67310
88,462995,94,12621,4696
38,506976,87,14876,20484
19,39680,29,17939,5953
72,98042,69,9587,35673
206,138169,108,1119,16832
1051,168407,78,1178,45858
519,14524,70,10186,69417
285,36092,75,14034,73592
871,81644,84,6554,60706
545,86815,86,15373,57006
203,105382,86,7546,69447
114,115356,94,5983,54105
208,134103,77,4513,20554
127,152117,90,14375,837
520,186833,104,127,1131
441,214705,84,13928,337
145,233467,104,11682,38795
113,263975,113,18913,63045
113,310621,113,10615,74318
833,937709,112,8777,44112
1361,183725,95,3960,15405
1267,214065,117,18313,2387
767,45270,72,9637,75920
1303,9708110,95,3258,40749
492,169603,178,3988,4403
539,247445,128,4603,24806
158,587778,124,13364,16684
1362,821437,103,19723,39063
1368,929571,92,16718,66284
1358,956972,86,13996,40103
1370,980597,94,747,38146
15,991553,104,10510,76244
15,1003575,105,14121,70437
13,1024413,93,1062,1986
1374,1036577,93,4222,21768
20,1048964,106,870,813
15,1059907,104,14600,41907
1365,1074472,77,18150,2520
15,1084661,104,10756,50351
5,1108621,53,11936,37519
13,1122694,111,9123,33159
9,1132780,86,19615,45734
19,1143416,110,18645,62867
9,1214727,82,17117,52403
10,1269420,105,1351,24201
5,1302051,61,5952,48364
9,1672180,75,13062,16502
798,1519629,118,8097,41210
1566,2613123,63,11451,37152
481,1342944,104,10778,48816
1207,1438781,116,7801,38615
540,1469856,107,10593,30894
1251,2371628,121,1197,36969
1235,2401744,121,15247,45321
834,283101,73,1270,17161
911,344819,79,79,60115
1155,2574964,104,3396,75361
325,58567,169,367,11831
605,2066548,104,6418,57061
104,2312016,107,17615,1294
54,2344077,90,14520,65539
151,2368336,86,12546,1111
71,2394841,85,7701,6679
118,2473221,113,2083,63050
83,2519944,114,17392,58
74,2615295,97,766,18057
97,2770166,104,16811,26427
92,2797518,76,18072,77580
458,2871825,93,3279,28984
79,2887095,102,463,11431
541,2978904,91,14249,80428
78,1523381,118,707,69839
95,338690,107,7299,65678
129,419384,109,1786,34255
129,439740,107,14056,21528
143,518468,101,18695,47346
900,665052,109,6794,77096
867,681373,112,17386,56847
864,707122,118,18101,57363
863,728350,118,5218,57217
797,735496,119,16136,71488
883,745600,116,16439,66731
837,753061,119,19195,47018
897,1410869,121,7120,5477
1002,28972,96,11829,48764
996,28972,96,6624,25078
1244,57715,85,11837,17560
1175,70457,84,13682,41165
1164,79360,97,17323,68473
1172,88783,114,6671,35903
1183,96812,96,5521,62719
1175,114719,96,6182,3834
1237,161008,113,742,20687
1194,172567,114,19874,79341
1257,180920,112,17374,55460
1138,240466,105,12580,6347
1246,260406,87,19684,7953
216,2150440,107,1437,35799
1299,336968,106,8867,60912
213,9496251,118,1509,72924
209,9649727,96,1773,13318
1039,1338444,101,10310,32535
779,1689276,42,8552,19899
1245,1779008,104,3865,64499
1206,1802452,92,16463,26976
927,1971777,117,16752,70635
1023,403757,79,6183,73374
375,428222,87,15355,82960
980,508236,80,2602,29020
1146,581539,79,18694,31443
1122,828904,77,3008,33048
1089,902188,80,16672,24808
1033,938565,87,14590,57200
1057,945549,81,8429,47449
1036,960191,86,17038,1425
1085,975066,86,12131,13972
309,1314894,102,6223,28527
24,1953869,107,2979,64078
1531,1191636,52,15130,13872
1188,142256,121,12545,43250
971,74495,101,8575,49704
618,2017425,124,5429,36299
654,1465420,107,9360,34969
626,1969029,91,14487,36013
550,2426501,103,8366,23452
57,766963,64,18151,30087
1170,745366,106,19494,64461
613,9228,88,960,71117
825,640704,103,18417,70724
1129,1207379,104,11641,46099
54,3971234,89,15851,50780
344,113753,29,14440,9063
298,128172,33,4686,36893
42,141291,36,9746,1133
1005,53568,161,14100,17283
1329,12799,110,9099,38284
1164,18324,191,12862,6149
1154,23012,190,2026,4770
126,31146,179,17646,50718
156,48235,172,8587,44428
25,55671,147,13298,80655
1244,81220,175,5560,40066
699,86285,179,876,37545
131,106169,167,6244,28108
100,108596,172,646,37843
1247,120090,160,14430,42400
108,80480,151,15923,57072
159,7003,173,13337,34394
40,15755,162,5453,35999
16,21104,133,5850,28835
980,33416,192,8294,25438
111,68259,151,3164,22931
110,90910,162,6306,778
111,104337,153,4925,27841
1240,127346,145,19018,4489
382,172773,161,6320,39009
265,183293,135,11762,17964
123,189105,132,16068,45898
408,195003,144,11286,40328
217,199985,135,17141,58701
103,208092,145,10258,71964
1109,219220,150,6715,25734
1682,1248097,40,15014,75080
619,1292098,102,18190,37611
1683,1318359,40,11041,79781
0,1359864,80,9105,34346
0,1399301,56,17631,62540
1508,1791800,72,7593,34297
1673,1891620,28,10005,4634
1677,2058260,24,15446,32343
1677,2086458,14,13266,57431
18,2133912,87,18043,79854
1335,2191536,77,4817,11454
953,2262960,80,2045,66027
61,2310852,95,399,79766
50,2339660,99,7973,74152
35,2412964,85,6507,16229
263,2555025,52,17088,52023
1662,2729960,80,5588,19449
1341,2794140,65,804,80793
1253,2860158,79,1639,32126
1361,3041016,102,13267,29002
63,3212692,100,1739,14258
109,4025621,84,18445,68427
791,4104160,97,5632,5877
1087,80993,92,19386,11832
19,103914,101,10337,41223
1023,949856,121,9573,79270
949,1037445,101,9564,44794
207,1067022,122,14717,79815
205,1094338,110,14130,34002
82,1146871,107,4959,48106
1591,4345277,112,2746,45320
1448,5281659,115,11400,74922
1669,456531,64,14839,74226
1674,570234,51,19299,76355
1675,663138,35,12081,35380
1673,702237,35,1176,10322
742,311416,118,2192,73031
1058,751892,112,17912,70089
1292,1506506,105,986,66203
123,1477978,113,16783,70297
1551,2071735,109,10174,30264
1379,2128940,116,19656,57028
773,2240409,114,371,7436
547,2084580,91,7522,71820
1557,2375780,104,3533,62246
691,664879,114,4737,38476
1398,684296,111,18985,47477
900,693632,110,4705,79449
832,712437,102,19980,3987
1027,787015,109,14472,11347
1275,883635,111,6796,69190
983,895625,114,7136,57092
374,303204,124,10397,24899
196,157035,117,5992,72725
122,203252,124,8422,6683
189,238753,118,14838,28807
213,260092,120,2670,72403
345,283416,124,8546,39918
121,373848,122,19880,26795
182,402237,125,2708,66062
273,473262,117,6475,27189
389,516427,120,14740,70336
856,531684,125,15859,67496
767,566837,115,14946,64874
154,260124,125,14155,61034
275,1133715,116,4326,41983
271,1488866,105,17298,71857
214,1538494,118,7767,69438
270,1563477,115,16615,6461
21,2867489,104,19455,32692
23,2985008,107,9942,41217
21,3063739,113,12027,27422
21,3411415,112,4725,4327
1053,173208,120,2680,42322
160,252936,123,10050,58446
1303,33298,65,5033,43318
130,197701,118,3959,26825
247,244048,119,6759,76991
523,266325,119,10107,55625
239,276029,116,11545,24873
367,289647,123,19538,28635
137,301492,111,16076,70518
238,315114,119,14862,62799
249,325780,119,729,57755
144,340581,112,6320,83231
145,386779,120,6945,42497
137,422497,117,775,14735
1261,87951,101,5947,17502
