index,V5,V11,V12,V13,V14,V22,V25,V27,Class
629535,267,1687,1,0,80,2.4265,0.8182,0.5822,1
114895,108,1687,1,0,80,2.0334,0.7931,0.2984,1
53197,71,1623,1,0,100,1.8513,0.6667,0.215,1
764094,176,1353,0,1,290,2.2455,0.8444,0.5212,1
575797,2409,1353,0,1,185,3.3818,0.9338,1.0,1
966188,630,1387,0,1,40,2.7993,0.8736,0.9874,1
266314,9052,1687,0,1,150,3.9567,0.9205,1.0,1
785504,132,1687,0,1,150,2.1206,0.5,0.3359,1
714926,264,1687,0,1,150,2.4216,0.5,0.5593,1
209468,1506,1687,0,1,150,3.1778,0.9024,1.0,1
504707,442,1687,0,1,150,2.6454,0.75,0.8612,1
364738,284,1687,0,1,150,2.4533,0.8438,0.9048,1
188443,480,1687,0,1,150,2.6812,0.7778,0.9093,1
409616,433,1687,0,1,150,2.6365,0.85,0.8299,1
993161,728,1687,0,1,150,2.8621,0.7692,0.9888,1
490669,1097,1687,0,1,150,3.0402,0.8864,1.0,1
863648,5044,1687,0,1,150,3.7028,0.8657,1.0,1
239588,552,1687,0,1,150,2.7419,0.8082,0.9918,1
500286,137,1687,0,1,150,2.1367,0.72,0.2998,1
94883,209,1687,0,1,200,2.3201,0.5556,0.5362,1
671972,284,1687,0,1,200,2.4533,0.6765,0.6173,1
318288,153,1687,0,1,200,2.1847,0.6897,0.4317,1
476998,106,1687,0,1,200,2.0253,0.5263,0.2942,1
483912,264,1687,0,1,200,2.4216,0.7436,0.6422,1
78626,201,1687,0,1,200,2.3032,0.7273,0.4913,1
905490,171,1373,0,1,40,2.233,0.6087,0.3464,1
948976,395,1373,0,1,40,2.5966,0.6409999999999999,0.8355,1
907673,85,1627,0,1,40,1.9294,0.6667,0.215,1
700841,3214,1373,0,1,40,3.5071,0.9163,1.0,1
181598,386,1373,0,1,40,2.5866,0.6579,0.7822,1
677129,182,1373,0,1,40,2.2601,0.7879,0.3834,1
731680,527,1387,0,1,40,2.7218,0.7936,0.9691,1
822970,158,1387,0,1,40,2.1987,0.7083,0.2901,1
723999,214,1387,0,1,50,2.3304,0.6429,0.46299999999999997,1
821993,994,1387,0,1,50,2.9974,0.629,0.9994,1
733268,367,1387,0,1,50,2.5647,0.7209,0.8061,1
310218,320,1353,0,1,70,2.5052,0.6923,0.7512,1
839783,378,1353,0,1,70,2.5775,0.8591,0.9381,1
411012,210,1333,0,1,40,2.3222,0.7917,0.7659,1
49443,201,1633,0,1,250,2.3032,0.4783,0.4564,1
206872,386,1687,0,1,200,2.5866,0.8148,0.8299,1
351509,324,1353,0,1,70,2.5106,0.6667,0.7037,1
120754,234,1627,0,1,40,2.3692,0.5385,0.5162,1
805847,340,1627,0,1,40,2.5315,0.8,0.7889,1
306731,98,1690,1,0,60,1.9912,0.6191,0.2901,1
809360,267,1690,1,0,60,2.4265,0.8163,0.7161,1
863293,56,1686,1,0,60,1.7482,0.4615,0.1965,1
878823,71,1682,1,0,60,1.8513,0.6471,0.2083,1
495915,90,1688,1,0,60,1.9542,0.0,0.2583,1
826755,55,1690,1,0,60,1.7404,0.3636,0.1822,1
650057,58,1690,1,0,60,1.7634,0.4615,0.1965,1
189156,567,1690,1,0,60,2.7536,0.8333,0.9440000000000001,1
970680,182,1688,1,0,60,2.2601,0.6667,0.4025,1
339433,154,1650,1,0,69,2.1875,0.5833,0.3977,1
272733,188,1648,1,0,69,2.2742,0.7353,0.5063,1
892959,146,1646,1,0,69,2.1644,0.6667,0.4025,1
615206,51,1650,1,0,69,1.7076,-0.5385,0.1832,1
826190,184,1650,1,0,100,2.2648,0.6,0.5951,1
455270,67,1710,1,0,100,1.8261,0.3333,0.2018,1
693003,64,1360,1,0,100,1.8062,0.6,0.1954,1
805165,53,1360,1,0,100,1.7243,0.3,0.1753,1
446970,60,1362,1,0,120,1.7781,0.3636,0.1822,1
348995,76,1362,1,0,120,1.8808,0.1818,0.2051,1
777025,66,1632,1,0,100,1.8195,0.4167,0.1892,1
322452,70,1632,1,0,100,1.8451,0.1818,0.2051,1
759433,382,1632,1,0,100,2.5821,0.85,0.8299,1
856183,110,1630,1,0,100,2.0414,0.6,0.2792,1
297347,51,1654,1,0,100,1.7076,0.5385,0.1832,1
673382,63,1656,1,0,100,1.7993,0.4286,0.2195,1
142963,56,1656,1,0,100,1.7482,0.1111,0.1773,1
181180,89,1658,1,0,100,1.9494,0.1539,0.257,1
918055,190,1648,1,0,100,2.2787,0.6786,0.41700000000000004,1
832491,81,1656,1,0,100,1.9085,0.6,0.2792,1
235171,63,1694,1,0,211,1.7993,0.6667,0.215,1
905910,60,1694,1,0,211,1.7781,0.3333,0.2018,1
625540,30,1692,1,0,143,1.4771,-0.1429,0.1499,1
698847,209,1692,1,0,143,2.3201,0.7097,0.4613,1
739308,156,1352,1,0,80,2.1931,0.6087,0.3464,1
471631,2643,1400,0,1,40,3.4221,0.9431,1.0,1
524717,2145,1380,0,1,40,3.3314,0.9096,1.0,1
619409,1421,1666,0,1,40,3.1526,0.8434,1.0,1
322375,103,1666,0,1,40,2.0128,0.5294,0.2482,1
351181,40,1364,0,1,60,1.6021,-0.125,0.1622,1
215978,10914,1362,0,1,60,4.038,0.9481,1.0,1
579957,135,1360,0,1,200,2.1303,0.25,0.3241,1
965623,114,1392,0,1,220,2.0569,0.4375,0.2583,1
765854,82,1392,0,1,220,1.9138,0.65,0.2532,1
305764,275,1362,0,1,40,2.4393,0.625,0.633,1
546679,289,1364,0,1,40,2.4609,0.6944,0.6514,1
80701,313,1364,0,1,40,2.4955,0.6154,0.8682,1
112184,437,1364,0,1,40,2.6405,0.75,0.9236,1
231789,759,1362,0,1,40,2.8802,0.7536,0.997,1
90704,677,1360,0,1,40,2.8306,0.8059999999999999,0.9779,1
453205,211,1364,0,1,100,2.3243,0.4091,0.4729,1
443808,52,1366,0,1,100,1.716,-0.2222,0.1687,1
321168,261,1358,0,1,40,2.4166,0.5517,0.6221,1
869217,135,1690,0,1,70,2.1303,0.6923,0.3479,1
167012,181,1690,0,1,70,2.2577,0.8372,0.4979,1
205825,109,1694,0,1,70,2.0374,0.5789,0.2686,1
480917,102,1692,0,1,70,2.0086,0.5,0.2384,1
489570,51,1692,0,1,70,1.7076,0.4167,0.1892,1
860770,134,1690,0,1,70,2.1271,0.5238,0.3509,1
107668,266,1626,0,1,120,2.4249,0.5,0.6453,1
377661,970,1362,0,1,175,2.9868,0.8835,0.998,1
340383,515,1632,0,1,125,2.7118,0.7719,0.9491,1
502877,116,1634,0,1,125,2.0645,0.3333,0.266,1
227501,2490,1634,0,1,125,3.3962,0.8934,1.0,1
540112,251,1632,0,1,125,2.3997,0.5357,0.6015,1
737115,165,1626,0,1,125,2.2175,0.5,0.4763,1
820108,112,1358,0,1,40,2.0492,0.4706,0.2699,1
280892,208,1350,0,1,50,2.3181,0.6563,0.5822,1
215036,337,1354,0,1,50,2.5276,0.6286,0.7347,1
740052,167,1698,0,1,90,2.2227,0.6786,0.41700000000000004,1
425972,200,1696,0,1,90,2.301,0.7188,0.4763,1
256042,359,1696,0,1,90,2.5551,0.9286,0.7933,1
492855,349,1698,0,1,90,2.5428,0.9,0.7776,1
363323,140,1698,0,1,90,2.1461,0.7667,0.3509,1
867320,379,1700,0,1,90,2.5786,0.7333,0.8299,1
143058,121,1698,0,1,90,2.0828,0.55,0.3068,1
129411,762,1698,0,1,90,2.8819,0.8235,0.9985,1
563626,861,1696,0,1,90,2.935,0.8571,0.9992,1
153454,335,1696,0,1,90,2.525,0.6667,0.8705,1
563533,242,1698,0,1,90,2.3838,0.6667,0.5999,1
871429,264,1696,0,1,90,2.4216,0.6,0.5951,1
478583,134,1694,0,1,90,2.1271,0.7037,0.3601,1
636449,372,1696,0,1,90,2.5705,0.8261,0.9708,1
591299,794,1696,0,1,90,2.8998,0.8161,0.9993,1
384828,227,1698,0,1,90,2.356,0.625,0.633,1
965286,927,1698,0,1,90,2.9671,0.8529,0.9997,1
464838,227,1698,0,1,90,2.356,0.7097,0.4613,1
929102,271,1700,0,1,90,2.4330000000000003,0.7954,0.6514,1
825615,771,1698,0,1,90,2.887,0.7977,0.9998,1
595397,471,1698,0,1,90,2.673,0.7593,0.9349,1
253066,285,1698,0,1,90,2.4548,0.5313,0.7659,1
72841,120,1688,1,0,70,2.0792,0.6522,0.3125,1
86152,4686,1688,1,0,70,3.6708,0.9578,1.0,1
966485,70,1356,0,1,40,1.8451,0.7222,0.1954,1
147761,180,1362,0,1,40,2.2553,0.6539,0.3882,1
966946,170,1698,0,1,60,2.2304,0.5217,0.4187,1
387907,83,1696,0,1,60,1.9191,0.7,0.2288,1
19199,2705,1364,1,0,80,3.4322,0.9607,1.0,1
932020,177,1360,1,0,100,2.248,0.9,0.4138,1
127771,221,1358,0,1,40,2.3444,0.6452,0.5642,1
739171,109,1358,0,1,40,2.0374,0.5556,0.2583,1
10422,104,1362,0,1,40,2.017,0.2857,0.2532,1
670235,3319,1360,0,1,40,3.5210000000000004,0.9552,1.0,1
622239,501,1358,0,1,40,2.6998,0.7547,0.9294,1
7214,291,1358,0,1,40,2.4639,0.6061,0.6995,1
277831,444,1360,0,1,40,2.6474,0.8197,0.9212,1
446106,258,1360,0,1,40,2.4116,0.6129,0.6142,1
295926,168,1360,1,0,70,2.2253,0.7143,0.3725,1
996815,136,1358,1,0,70,2.1335,0.4737,0.3212,1
152950,119,1358,1,0,70,2.0756,0.6539,0.3882,1
152459,257,1356,1,0,70,2.4099,0.7059,0.5626,1
405286,265,1358,1,0,70,2.4232,0.8364,0.7833,1
756005,105,1358,1,0,70,2.0212,0.6667,0.3241,1
807793,154,1358,1,0,70,2.1875,0.5909,0.3329,1
245709,145,1358,1,0,70,2.1614,0.5714,0.3197,1
54937,123,1708,1,0,100,2.0899,-0.2632,0.4399,1
386718,56,1354,1,0,70,1.7482,-0.5,0.1773,1
52228,226,1354,1,0,70,2.3541,0.36,0.6574,1
336738,436,1354,1,0,70,2.6395,0.7857,0.9216,1
358337,84,1354,1,0,70,1.9243,-0.0833,0.2432,1
542686,63,1354,1,0,70,1.7993,-0.1429,0.2901,1
246414,1590,1354,1,0,70,3.2014,0.8757,1.0,1
633768,2267,1354,1,0,70,3.3554,0.7192,1.0,1
53435,521,1354,1,0,70,2.7168,0.2391,0.9998,1
75199,395,1356,1,0,70,2.5966,0.7636,0.94,1
327274,353,1352,1,0,70,2.5478,0.66,0.9747,1
581686,205,1354,1,0,70,2.3117,0.6571,0.6868,1
934372,135,1356,1,0,70,2.1303,0.45,0.3663,1
363551,294,1356,1,0,70,2.4683,0.7143,0.7933,1
707779,71,1356,1,0,70,1.8513,0.3846,0.2105,1
277956,56,1354,1,0,70,1.7482,0.6667,0.215,1
405658,54,1354,1,0,70,1.7324,0.3571,0.2359,1
110714,400,1356,1,0,70,2.6021,0.4412,0.9082,1
302166,82,1358,1,0,70,1.9138,0.5556,0.2583,1
316863,69,1358,1,0,70,1.8389,0.2857,0.2532,1
973512,114,1354,1,0,70,2.0569,-0.4,0.3977,1
33451,158,1354,1,0,70,2.1987,0.1579,0.5029,1
973164,57,1354,1,0,70,1.7559,0.0,0.2583,1
611137,74,1356,1,0,70,1.8692,0.1818,0.2051,1
254135,75,1356,1,0,70,1.8751,-0.1429,0.2901,1
339386,787,1356,1,0,70,2.8960000000000004,0.7471,1.0,1
67738,5027,1358,1,0,70,3.7013,0.1177,1.0,1
294018,353,1356,1,0,70,2.5478,0.2813,0.9474,1
42759,59,1354,1,0,70,1.7708,0.3333,0.2018,1
527450,74,1354,1,0,70,1.8692,-0.0769,0.2739,1
869804,55,1356,1,0,70,1.7404,-0.4167,0.1892,1
587569,397,1354,1,0,70,2.5988,0.7170000000000001,0.9639,1
880225,123,1356,1,0,70,2.0899,-0.4211,0.3494,1
980646,78,1356,1,0,70,1.8921,0.0,0.23,1
749354,63,1356,1,0,70,1.7993,0.6471,0.2083,1
173214,170,1356,1,0,70,2.2304,0.4583,0.5162,1
212396,124,1352,1,0,70,2.0934,0.4,0.3977,1
554160,884,1356,1,0,70,2.9464,0.6812,0.9997,1
960302,139,1356,1,0,70,2.1430000000000002,0.6296,0.4465,1
195078,444,1358,1,0,70,2.6474,0.64,0.9818,1
210843,112,1356,1,0,70,2.0492,0.0625,0.3977,1
786321,71,1358,1,0,70,1.8513,-0.1818,0.2051,1
188359,77,1356,1,0,70,1.8865,0.65,0.2532,1
834785,812,1358,1,0,70,2.9096,0.8833,0.9999,1
41184,2904,1358,1,0,70,3.463,0.8431,1.0,1
393839,964,1356,1,0,70,2.9841,0.7708,1.0,1
414511,521,1358,1,0,70,2.7168,0.6406,0.9996,1
149871,938,1356,1,0,70,2.9722,0.5467,1.0,1
530198,4315,1354,1,0,70,3.635,0.6546,1.0,1
455257,995,1354,1,0,70,2.9978,0.7386,1.0,1
706736,585,1352,1,0,70,2.7672,0.6078,0.9917,1
368796,7292,1352,1,0,70,3.8628,0.9054,1.0,1
418665,1014,1356,1,0,70,3.0060000000000002,0.7159,1.0,1
771658,1784,1354,1,0,70,3.2514,0.6559,1.0,1
430530,573,1354,1,0,70,2.7582,0.6491,0.9963,1
456516,2875,1352,1,0,70,3.4586,0.7068,1.0,1
706583,2483,1354,1,0,70,3.395,0.7661,1.0,1
798077,709,1352,1,0,70,2.8507,0.2439,0.9984,1
408871,1148,1354,1,0,70,3.0599,0.7647,0.9999,1
522997,3811,1358,1,0,70,3.5810000000000004,0.754,1.0,1
14414,613,1356,1,0,70,2.7875,0.4348,0.9974,1
900580,540,1354,1,0,70,2.7324,0.8116,0.9814,1
232453,694,1354,1,0,70,2.8414,0.3529,0.9999,1
154894,67,1352,1,0,70,1.8261,0.1667,0.2288,1
599866,1348,1356,1,0,70,3.1297,0.7423,1.0,1
603619,265,1356,1,0,70,2.4232,0.5143,0.8756,1
761483,138,1356,1,0,70,2.1399,-0.1765,0.3945,1
827048,109,1356,1,0,70,2.0374,0.4091,0.4729,1
971080,74,1354,1,0,70,1.8692,0.65,0.2532,1
893406,7579,1356,1,0,70,3.8796,0.6667,1.0,1
777501,184,1354,1,0,70,2.2648,-0.2105,0.4713,1
837137,252,1356,1,0,70,2.4014,0.3571,0.7933,1
445718,62,1354,1,0,70,1.7924,0.2857,0.2532,1
512694,60,1354,1,0,70,1.7781,-0.4615,0.1965,1
700362,55,1354,1,0,70,1.7404,0.0,0.2061,1
151324,241,1356,1,0,70,2.3819999999999997,-0.24,0.7598,1
386292,54,1354,1,0,70,1.7324,-0.4615,0.1965,1
779326,128,1356,1,0,70,2.1072,0.7241,0.385,1
418695,51,1358,1,0,70,1.7076,0.5714,0.1892,1
598720,61,1354,1,0,70,1.7853,0.5,0.204,1
499467,780,1356,1,0,70,2.8921,0.6567,0.9997,1
635015,493,1354,1,0,70,2.6929,0.2941,0.9685,1
934797,65,1358,1,0,70,1.8129,0.1818,0.2051,1
569543,138,1358,1,0,70,2.1399,0.2632,0.4399,1
52558,85,1358,1,0,70,1.9294,-0.1875,0.3479,1
841373,59,1356,1,0,70,1.7708,0.625,0.2018,1
898982,222,1358,1,0,70,2.3463,0.5,0.6453,1
823174,73,1356,1,0,70,1.8633,-0.5,0.2384,1
212963,286,1356,1,0,70,2.4564,-0.2647,0.9747,1
528211,390,1358,1,0,70,2.5911,0.5833,0.8299,1
367302,52,1358,1,0,70,1.716,0.0,0.23,1
924471,98,1360,1,0,70,1.9912,0.2143,0.2712,1
708975,61,1358,1,0,70,1.7853,-0.0909,0.2173,1
470351,75,1358,1,0,70,1.8751,0.2143,0.2712,1
595232,705,1358,1,0,70,2.8482,0.7027,0.9998,1
365208,196,1360,1,0,70,2.2923,-0.3793,0.8123,1
449635,64,1356,1,0,70,1.8062,-0.0833,0.2432,1
465063,130,1358,1,0,70,2.1139,0.4091,0.4729,1
87423,215,1356,1,0,70,2.3324,0.1905,0.5903,1
562618,178,1356,1,0,70,2.2504,0.6071,0.5096,1
404758,155,1356,1,0,70,2.1903,0.6296,0.4465,1
986464,1030,1354,1,0,70,3.0128,0.8132,0.9998,1
346877,140,1356,1,0,70,2.1461,0.0476,0.6868,1
280914,1470,1356,1,0,70,3.1673,0.4865,1.0,1
656215,69,1356,1,0,70,1.8389,-0.1429,0.2901,1
657775,231,1356,1,0,70,2.3636,-0.05,0.6268,1
512472,169,1356,1,0,70,2.2279,0.0,0.7161,1
277942,445,1354,1,0,70,2.6484,0.6274,0.9884,1
263282,245,1354,1,0,70,2.3892,0.4444,0.6648,1
70219,99,1358,1,0,70,1.9956,-0.1429,0.2901,1
988813,55,1358,1,0,70,1.7404,0.4375,0.2583,1
327185,873,1358,1,0,70,2.9410000000000003,-0.375,1.0,1
755845,64,1356,1,0,70,1.8062,0.1667,0.2288,1
227624,60,1360,1,0,70,1.7781,-0.2308,0.2408,1
357068,120,1356,1,0,70,2.0792,-0.5769,0.4729,1
224360,314,1356,1,0,70,2.4969,0.0,0.9979,1
551943,61,1356,1,0,70,1.7853,-0.2143,0.2712,1
856410,253,1356,1,0,70,2.4031,-0.5,0.6453,1
838199,509,1358,1,0,70,2.7067,-0.0938,0.9848,1
541211,170,1356,1,0,70,2.2304,0.35,0.43,1
296336,78,1356,1,0,70,1.8921,-0.7273,0.2432,1
319875,77,1356,1,0,70,1.8865,0.2308,0.2408,1
349924,83,1356,1,0,70,1.9191,-0.2667,0.28600000000000003,1
572224,61,1356,1,0,70,1.7853,-0.1,0.1954,1
89247,80,1356,1,0,70,1.9031,0.4118,0.2928,1
35887,51,1356,1,0,70,1.7076,0.0,0.2061,1
869215,58,1356,1,0,70,1.7634,-0.7619,0.2116,1
146561,58,1356,1,0,70,1.7634,0.0909,0.2173,1
172335,130,1356,1,0,70,2.1139,-0.3158,0.4089,1
74106,117,1356,1,0,70,2.0682,-0.2,0.3068,1
335630,490,1354,1,0,70,2.6902,0.6279,0.929,1
784857,318,1354,1,0,70,2.5024,0.3667,0.8563,1
441201,185,1354,1,0,70,2.2672,0.1905,0.5903,1
857491,59,1354,1,0,70,1.7708,-0.0909,0.2173,1
88102,119,1352,1,0,70,2.0756,0.3333,0.3601,1
99706,66,1356,1,0,70,1.8195,0.1818,0.2051,1
651879,268,1356,1,0,70,2.4281,0.3043,0.6079,1
860264,99,1354,1,0,70,1.9956,-0.4118,0.2928,1
895968,197,1354,1,0,70,2.2945,0.4815,0.6236,1
336069,91,1358,1,0,70,1.959,0.4286,0.2195,1
297421,142,1354,1,0,70,2.1523,0.5556,0.5362,1
648818,60,1356,1,0,70,1.7781,0.1818,0.2051,1
842577,60,1354,1,0,70,1.7781,0.3077,0.2253,1
245105,149,1354,1,0,70,2.1732,-0.6,0.4138,1
692946,103,1356,1,0,70,2.0128,0.0,0.2914,1
591119,93,1356,1,0,70,1.9685,0.25,0.3241,1
569685,115,1356,1,0,70,2.0607,-0.2941,0.3419,1
283374,1203,1354,1,0,70,3.0803,0.764,1.0,1
138482,109,1356,1,0,70,2.0374,0.5,0.3359,1
713539,1371,1356,1,0,70,3.137,0.8671,1.0,1
321467,88,1354,1,0,70,1.9445,0.4667,0.2288,1
926935,566,1356,1,0,70,2.7528,0.6557,0.9985,1
327347,97,1358,1,0,70,1.9868,0.2353,0.3678,1
740860,145,1356,1,0,70,2.1614,0.625,0.3601,1
306932,205,1354,1,0,70,2.3117,0.3,0.46299999999999997,1
890475,60,1358,1,0,70,1.7781,0.1,0.1954,1
172559,173,1356,1,0,70,2.238,0.3636,0.5096,1
507550,71,1356,1,0,70,1.8513,-0.4375,0.2583,1
98039,578,1356,1,0,70,2.7619,0.4167,0.9990000000000001,1
878343,53,1354,1,0,70,1.7243,-0.1,0.1954,1
614959,153,1352,1,0,70,2.1847,0.381,0.4514,1
700614,78,1352,1,0,70,1.8921,-0.375,0.2792,1
249650,94,1354,1,0,70,1.9731,-0.2941,0.3419,1
491775,376,1352,1,0,70,2.5752,0.6342,0.8894,1
972506,111,1356,1,0,70,2.0453,-0.25,0.3241,1
920567,1543,1352,1,0,70,3.1884,0.7813,1.0,1
815820,192,1354,1,0,70,2.2833,0.75,0.5362,1
258828,76,1354,1,0,70,1.8808,0.1667,0.2288,1
505716,199,1352,1,0,70,2.2989,0.3913,0.5329,1
109320,71,1350,1,0,70,1.8513,0.4615,0.1965,1
565573,69,1348,1,0,70,1.8389,0.6471,0.2083,1
782483,52,1358,1,0,100,1.716,0.4167,0.1892,1
724564,339,1360,0,1,40,2.5302,-0.16,0.8153,1
79727,155,1362,0,1,40,2.1903,-0.25,0.4963,1
150878,618,1362,0,1,40,2.7910000000000004,-0.6038,0.9955,1
400435,142,1362,0,1,40,2.1523,-0.3684,0.3787,1
455727,508,1362,0,1,40,2.7059,-0.4038,0.9998,1
258116,158,1362,0,1,40,2.1987,-0.2381,0.556,1
113365,156,1360,0,1,40,2.1931,-0.6,0.5951,1
321937,312,1360,0,1,40,2.4941,-0.4694,0.9985,1
332179,180,1362,0,1,175,2.2553,0.5769,0.4729,1
448837,147,1362,0,1,175,2.1673,0.7333,0.3977,1
478929,1733,1362,0,1,175,3.2388,0.9388,1.0,1
131352,120,1362,0,1,175,2.0792,0.8158,0.4399,1
452507,1804,1360,0,1,175,3.2562,0.9039,1.0,1
173233,124,1364,0,1,175,2.0934,0.5,0.3359,1
137442,119,1364,0,1,175,2.0756,0.3158,0.4089,1
231413,130,1360,0,1,175,2.1139,0.64,0.374,1
317280,3883,1362,0,1,175,3.5892,0.8968,1.0,1
716316,295,1364,0,1,175,2.4698,0.8036,0.8901,1
692933,72,1387,0,1,40,1.8573,0.0909,0.2173,1
12053,66,1387,0,1,40,1.8195,0.2727,0.1934,1
288775,61,1387,0,1,40,1.7853,0.25,0.215,1
579769,75,1387,0,1,40,1.8751,0.2727,0.1934,1
42083,443,1387,0,1,40,2.6464,0.7288,0.9863,1
500332,76,1387,0,1,40,1.8808,-0.1,0.1954,1
644344,150,1387,0,1,40,2.1761,0.1333,0.3285,1
475998,892,1387,0,1,40,2.9504,0.8137,1.0,1
560116,74,1387,0,1,40,1.8692,-0.4,0.2469,1
187983,136,1387,0,1,40,2.1335,-0.3889,0.3329,1
705634,108,1387,0,1,40,2.0334,0.0,0.2914,1
351060,74,1387,0,1,40,1.8692,0.3333,0.2018,1
228666,52,1387,0,1,40,1.716,0.2,0.1852,1
313427,69,1387,0,1,40,1.8389,0.2727,0.1934,1
739790,60,1387,0,1,40,1.7781,0.5,0.204,1
386533,68,1387,0,1,40,1.8325,0.3636,0.1822,1
428222,70,1387,0,1,40,1.8451,0.1111,0.1773,1
542347,504,1387,0,1,40,2.7024,0.1111,0.9093,1
56837,140,1387,0,1,40,2.1461,0.2,0.3068,1
136449,108,1387,0,1,40,2.0334,0.1539,0.257,1
589445,96,1387,0,1,40,1.9823,0.3077,0.2253,1
418242,81,1387,0,1,40,1.9085,0.0,0.2061,1
209896,85,1387,0,1,40,1.9294,-0.0909,0.2173,1
7499,57,1387,0,1,40,1.7559,0.1111,0.1773,1
212246,75,1387,0,1,40,1.8751,0.1818,0.2051,1
402787,88,1387,0,1,40,1.9445,-0.0909,0.2173,1
482435,88,1387,0,1,40,1.9445,0.25,0.215,1
343310,52,1387,0,1,40,1.716,0.3,0.1753,1
50852,52,1387,0,1,40,1.716,0.4545,0.1715,1
690341,65,1387,0,1,40,1.8129,0.1111,0.1773,1
295670,63,1387,0,1,40,1.7993,0.1818,0.2051,1
651798,101,1387,0,1,40,2.0043,0.0909,0.2173,1
149907,92,1387,0,1,40,1.9638,0.0833,0.2432,1
678921,53,1387,0,1,40,1.7243,0.0,0.1696,1
95612,2358,1387,0,1,40,3.3725,0.1159,1.0,1
949403,2108,1387,0,1,40,3.3239,-0.4384,1.0,1
650901,227,1373,0,1,40,2.356,0.2222,0.41700000000000004,1
676260,231,1373,0,1,40,2.3636,0.0,0.4779,1
648420,194,1373,0,1,40,2.2878,0.1177,0.4219,1
919620,247,1373,0,1,40,2.3927,0.2857,0.5212,1
443237,175,1373,0,1,40,2.2430000000000003,0.3158,0.4089,1
363025,566,1387,0,1,40,2.7528,0.6042,0.9831,1
416140,655,1687,1,0,80,2.8162,0.2941,0.9685,1
687810,152655,1336,0,1,40,5.1837,0.9917,1.0,1
777426,25323,1400,0,1,40,4.4035,-0.0913,1.0,1
189103,21110,1402,0,1,40,4.3245,-0.0773,1.0,1
471115,25473,1400,0,1,40,4.4061,-0.0711,1.0,1
75615,24365,1404,0,1,40,4.3868,-0.4633,1.0,1
499558,20894,1398,0,1,40,4.32,-0.1161,1.0,1
337794,20726,1402,0,1,40,4.3165,-0.7548,1.0,1
483747,22554,1400,0,1,40,4.3532,0.0045,1.0,1
980449,21987,1398,0,1,40,4.3422,-0.0762,1.0,1
428374,21036,1402,0,1,40,4.323,-0.4297,1.0,1
848284,16759,1402,0,1,40,4.2242,0.038,1.0,1
794705,17977,1402,0,1,40,4.2547,0.0718,1.0,1
744280,19629,1400,0,1,40,4.2929,-0.7406,1.0,1
974725,17887,1400,0,1,40,4.2525,0.1171,1.0,1
883537,18517,1398,0,1,40,4.2676,0.0088,1.0,1
91127,17825,1400,0,1,40,4.251,0.1636,1.0,1
415862,16686,1402,0,1,40,4.2224,-0.5373,1.0,1
427016,16521,1400,0,1,40,4.218,-0.7108,1.0,1
694371,17706,1404,0,1,40,4.2481,0.1191,1.0,1
127145,18071,1400,0,1,40,4.257,0.0361,1.0,1
691260,18908,1402,0,1,40,4.2766,0.1379,1.0,1
175100,18896,1404,0,1,40,4.2764,-0.0374,1.0,1
802322,20313,1400,0,1,40,4.3078,-0.0105,1.0,1
723781,18203,1398,0,1,40,4.2601,0.085,1.0,1
773955,17357,1400,0,1,40,4.2395,0.2064,1.0,1
323846,18954,1400,0,1,40,4.2777,0.0556,1.0,1
475310,14949,1400,0,1,40,4.1746,-0.1921,1.0,1
631723,16469,1398,0,1,40,4.2167,-0.7938,1.0,1
662770,17810,1398,0,1,40,4.2507,0.0461,1.0,1
435579,100,1398,0,1,40,2.0,-0.4211,0.3494,1
775825,354,1400,0,1,40,2.549,0.1379,0.9437,1
971817,16821,1398,0,1,40,4.2259,-0.1732,1.0,1
366714,15937,1398,0,1,40,4.2024,-0.1676,1.0,1
500063,15896,1400,0,1,40,4.2013,-0.0442,1.0,1
326392,128,1400,0,1,40,2.1072,-0.1765,0.3945,1
355811,16220,1400,0,1,40,4.2101,-0.0553,1.0,1
374672,14963,1398,0,1,40,4.175,-0.0229,1.0,1
941747,15050,1400,0,1,40,4.1775,0.0168,1.0,1
600558,13033,1398,0,1,40,4.115,-0.0857,1.0,1
833599,16968,1400,0,1,40,4.2296,-0.0517,1.0,1
870449,16584,1398,0,1,40,4.2197,0.0794,1.0,1
257961,14969,1400,0,1,40,4.1752,0.0116,1.0,1
856211,13601,1400,0,1,40,4.1336,0.054000000000000006,1.0,1
26026,13387,1398,0,1,40,4.1267,-0.1329,1.0,1
149217,16164,1400,0,1,40,4.2085,0.1238,1.0,1
332873,935,1398,0,1,40,2.9708,0.3137,0.9999,1
212976,15601,1400,0,1,40,4.1932,-0.0449,1.0,1
525672,11348,1400,0,1,40,4.0549,-0.2333,1.0,1
621525,15414,1400,0,1,40,4.1879,0.0642,1.0,1
581552,13975,1400,0,1,40,4.1453,-0.0058,1.0,1
313316,11388,1398,0,1,40,4.0564,-0.591,1.0,1
478002,13553,1400,0,1,40,4.132,-0.0686,1.0,1
122957,15704,1396,0,1,40,4.196000000000001,-0.0055,1.0,1
135065,12012,1398,0,1,40,4.0796,-0.0058,1.0,1
694487,11875,1398,0,1,40,4.0746,-0.0058,1.0,1
956138,11271,1402,0,1,40,4.052,-0.0409,1.0,1
254058,12212,1402,0,1,40,4.0868,-0.1129,1.0,1
450597,539,1402,0,1,40,2.7316,0.0938,0.9848,1
91001,677,1400,0,1,40,2.8306,0.0571,0.9966,1
651168,10276,1400,0,1,40,4.0118,-0.2135,1.0,1
144603,11535,1400,0,1,40,4.062,-0.1038,1.0,1
448175,794,1402,0,1,40,2.8998,0.4906,0.9995,1
362008,11492,1402,0,1,40,4.0604,-0.0698,1.0,1
3557,10904,1402,0,1,40,4.0376,-0.1893,1.0,1
374012,14069,1400,0,1,40,4.1483,0.0357,1.0,1
352161,12388,1400,0,1,40,4.093,0.0898,1.0,1
770933,12108,1402,0,1,40,4.0831,0.0679,1.0,1
540203,13946,1402,0,1,40,4.1445,0.1105,1.0,1
82039,13309,1402,0,1,40,4.1241,0.0263,1.0,1
460137,12729,1400,0,1,40,4.1048,0.1484,1.0,1
103651,14309,1402,0,1,40,4.1556,0.1789,1.0,1
587136,14346,1400,0,1,40,4.1567,0.1784,1.0,1
215231,12260,1402,0,1,40,4.0885,0.0625,1.0,1
571630,13185,1400,0,1,40,4.1201,0.0497,1.0,1
464157,13114,1400,0,1,40,4.1177,-0.0263,1.0,1
914529,10796,1402,0,1,40,4.0333,-0.1366,1.0,1
153261,11505,1402,0,1,40,4.0609,-0.0261,1.0,1
540477,13612,1400,0,1,40,4.1339,0.1131,1.0,1
568338,12477,1400,0,1,40,4.0961,-0.0133,1.0,1
516257,12718,1402,0,1,40,4.1044,0.0506,1.0,1
168518,13057,1404,0,1,40,4.1158,0.038,1.0,1
366778,13699,1402,0,1,40,4.1367,0.0958,1.0,1
58206,12509,1400,0,1,40,4.0972,0.0952,1.0,1
2989,11089,1402,0,1,40,4.0449,-0.0331,1.0,1
443056,11711,1402,0,1,40,4.0686,0.1065,1.0,1
707637,13041,1400,0,1,40,4.1153,0.0818,1.0,1
312629,10913,1402,0,1,40,4.0379,-0.0588,1.0,1
389872,12051,1402,0,1,40,4.081,0.0833,1.0,1
636857,11355,1402,0,1,40,4.0552,0.1611,1.0,1
34878,11388,1402,0,1,40,4.0564,0.0803,1.0,1
328873,11813,1400,0,1,40,4.0724,0.0714,1.0,1
81557,13203,1402,0,1,40,4.1207,0.0988,1.0,1
951776,11809,1400,0,1,40,4.0722,0.0255,1.0,1
735991,11211,1402,0,1,40,4.0496,0.0377,1.0,1
546877,10880,1400,0,1,40,4.0366,0.1294,1.0,1
860873,13037,1402,0,1,40,4.1152,0.1875,1.0,1
903091,12489,1402,0,1,40,4.0965,0.1278,1.0,1
955474,12515,1400,0,1,40,4.0974,0.0629,1.0,1
424990,11510,1402,0,1,40,4.0611,-0.039,1.0,1
958828,12834,1400,0,1,40,4.1084,-0.0633,1.0,1
516801,10429,1402,0,1,40,4.0182,-0.4489,1.0,1
324033,9576,1402,0,1,40,3.9812,0.0464,1.0,1
271525,10743,1402,0,1,40,4.0311,-0.0592,1.0,1
71037,11411,1400,0,1,40,4.0573,0.0659,1.0,1
303136,10941,1402,0,1,40,4.0391,0.1163,1.0,1
646072,10821,1400,0,1,40,4.0343,0.0424,1.0,1
854551,9349,1402,0,1,40,3.9708,0.1151,1.0,1
906530,11542,1402,0,1,40,4.0623,0.0465,1.0,1
401885,9927,1402,0,1,40,3.9968,0.1091,1.0,1
69244,5519,1402,0,1,40,3.7419,-0.5161,1.0,1
145084,4881,1404,0,1,40,3.6885,-0.6622,1.0,1
743295,9484,1400,0,1,40,3.977,0.0516,1.0,1
589577,10986,1404,0,1,40,4.0408,0.0602,1.0,1
308534,4995,1402,0,1,40,3.6985,-0.6242,1.0,1
285817,5702,1402,0,1,40,3.7560000000000002,-0.6387,1.0,1
725109,9518,1402,0,1,40,3.9785,0.0606,1.0,1
904060,5957,1404,0,1,40,3.775,-0.5,1.0,1
429313,5617,1404,0,1,40,3.7495,-0.517,1.0,1
838799,9582,1404,0,1,40,3.9815,0.0573,1.0,1
1192,9183,1404,0,1,40,3.963,0.1,1.0,1
922286,8726,1402,0,1,40,3.9408,-0.0449,1.0,1
71697,9892,1402,0,1,40,3.9953,0.1228,1.0,1
497436,8457,1400,0,1,40,3.9272,0.0256,1.0,1
862706,2027,1402,0,1,40,3.3068,-0.1026,1.0,1
405341,5593,1402,0,1,40,3.7476,-0.6392,1.0,1
629923,8709,1402,0,1,40,3.94,0.0602,1.0,1
608923,5576,1400,0,1,40,3.7463,-0.5,1.0,1
635518,5357,1402,0,1,40,3.7289,-0.6319,1.0,1
75423,4635,1400,0,1,40,3.6660000000000004,-0.6429,1.0,1
55519,8957,1400,0,1,40,3.9522,0.006999999999999999,1.0,1
717150,5261,1400,0,1,40,3.7211,-0.5986,1.0,1
304348,5731,1400,0,1,40,3.7582,-0.4214,1.0,1
75647,1909,1400,0,1,40,3.2808,0.1143,1.0,1
905741,2791,1400,0,1,40,3.4458,0.2178,1.0,1
502223,6381,1400,0,1,40,3.8049,-0.3529,1.0,1
996433,8344,1400,0,1,40,3.9214,0.0946,1.0,1
15334,7998,1400,0,1,40,3.903,0.142,1.0,1
1233,5480,1400,0,1,40,3.7388,-0.5073,1.0,1
283547,6397,1400,0,1,40,3.806,-0.4257,1.0,1
874545,4915,1358,0,1,40,3.6915,-0.6601,1.0,1
333888,5757,1358,0,1,40,3.7602,-0.4867,1.0,1
791387,4471,1360,0,1,40,3.6504,-0.5664,1.0,1
517648,384,1358,0,1,40,2.5843,-0.5128,0.9491,1
30928,276,1362,0,1,40,2.4409,-0.3214,0.8223,1
629650,4115,1360,0,1,40,3.6144,-0.6288,1.0,1
448558,3918,1362,0,1,40,3.5931,-0.6667,1.0,1
907005,4223,1360,0,1,40,3.6256,-0.6549,1.0,1
761285,4403,1360,0,1,40,3.6437,-0.6364,1.0,1
641045,2463,1360,0,1,40,3.3915,0.4727,1.0,1
701926,3912,1362,0,1,40,3.5924,-0.5496,1.0,1
703714,101,1362,0,1,40,2.0043,-0.6364,0.3012,1
710957,4130,1360,0,1,40,3.616,-0.5909,1.0,1
608262,4214,1360,0,1,40,3.6247,-0.6479,1.0,1
713065,4487,1360,0,1,40,3.6519999999999997,-0.6667,1.0,1
68925,3324,1360,0,1,40,3.5217,-0.6116,1.0,1
998626,3631,1362,0,1,40,3.56,-0.6048,1.0,1
42642,3661,1358,0,1,40,3.5636,-0.627,1.0,1
253926,3786,1362,0,1,40,3.5782,-0.6222,1.0,1
754218,3703,1362,0,1,40,3.5686,-0.6148,1.0,1
516832,3936,1362,0,1,40,3.5951,-0.6713,1.0,1
307197,3287,1362,0,1,40,3.5168,-0.5983,1.0,1
902923,3671,1360,0,1,40,3.5648,-0.6116,1.0,1
347348,3437,1360,0,1,40,3.5362,-0.605,1.0,1
697245,4123,1360,0,1,40,3.6152,-0.6466,1.0,1
415812,3666,1360,0,1,40,3.5642,-0.6489,1.0,1
497139,4331,1360,0,1,40,3.6366,-0.6573,1.0,1
886508,4048,1360,0,1,40,3.6072,-0.6165,1.0,1
449693,3985,1362,0,1,40,3.6004,-0.6279,1.0,1
264009,4019,1360,0,1,40,3.6041,-0.6667,1.0,1
678622,4409,1362,0,1,40,3.6443,-0.6312,1.0,1
658005,3920,1360,0,1,40,3.5933,-0.6471,1.0,1
528271,5003,1360,0,1,40,3.6992,-0.637,1.0,1
943154,6376,1360,0,1,40,3.8045,-0.586,1.0,1
909962,6213,1356,0,1,40,3.7933,-0.586,1.0,1
495227,6170,1358,0,1,40,3.7903,-0.5163,1.0,1
131018,6232,1356,0,1,40,3.7946,-0.4832,1.0,1
852789,229,1358,0,1,40,2.3598,-0.5789,0.8848,1
915694,5877,1358,0,1,40,3.7692,-0.6,1.0,1
756024,5702,1356,0,1,40,3.7560000000000002,-0.604,1.0,1
340708,5852,1356,0,1,40,3.7673,-0.6299,1.0,1
894577,207,1356,0,1,40,2.316,-0.6667,0.7966,1
48486,200,1358,0,1,40,2.301,-0.6216,0.8082,1
170244,5970,1356,0,1,40,3.7760000000000002,-0.6154,1.0,1
41723,6057,1358,0,1,40,3.7823,-0.6,1.0,1
57039,6143,1358,0,1,40,3.7884,-0.5987,1.0,1
594531,5786,1358,0,1,40,3.7624,-0.6026,1.0,1
99340,5941,1356,0,1,40,3.7739,-0.6026,1.0,1
476194,6277,1358,0,1,40,3.7977,-0.586,1.0,1
91066,6008,1360,0,1,40,3.7787,-0.6242,1.0,1
403571,6293,1356,0,1,40,3.7989,-0.5613,1.0,1
863340,6227,1358,0,1,40,3.7943,-0.6194,1.0,1
806219,6059,1358,0,1,40,3.7824,-0.5924,1.0,1
442795,6117,1358,0,1,40,3.7865,-0.5649,1.0,1
380124,6181,1356,0,1,40,3.7911,-0.6087,1.0,1
621260,2406,1358,0,1,40,3.3813,0.0843,1.0,1
993273,5695,1358,0,1,40,3.7555,-0.5686,1.0,1
995665,2148,1358,0,1,40,3.332,0.1169,1.0,1
99147,5817,1358,0,1,40,3.7647,-0.6026,1.0,1
709605,1961,1356,0,1,40,3.2925,0.1184,1.0,1
83333,1923,1356,0,1,40,3.284,0.026000000000000002,1.0,1
892753,5993,1358,0,1,40,3.7776,-0.6149,1.0,1
992929,5885,1358,0,1,40,3.7698,-0.6115,1.0,1
741936,2108,1358,0,1,40,3.3239,0.0595,1.0,1
448532,6357,1358,0,1,40,3.8033,-0.6185,1.0,1
512027,6404,1358,0,1,40,3.8064,-0.6069,1.0,1
510483,6676,1356,0,1,40,3.8245,-0.6,1.0,1
713087,6294,1358,0,1,40,3.7989,-0.6272,1.0,1
81003,6399,1356,0,1,40,3.8061,-0.5965,1.0,1
922859,7017,1358,0,1,40,3.8461,-0.6215,1.0,1
479211,6337,1358,0,1,40,3.8019,-0.6235,1.0,1
126934,7250,1356,0,1,40,3.8603,-0.6145,1.0,1
684377,6494,1356,0,1,40,3.8125,-0.6082,1.0,1
802760,6999,1358,0,1,40,3.845,-0.5833,1.0,1
88196,6661,1356,0,1,40,3.8235,-0.6229,1.0,1
608447,1834,1358,0,1,40,3.2634,-0.025,1.0,1
539480,6562,1358,0,1,40,3.8169999999999997,-0.6171,1.0,1
389542,6210,1356,0,1,40,3.7931,-0.625,1.0,1
2919,6353,1358,0,1,40,3.803,-0.6243,1.0,1
38158,6017,1356,0,1,40,3.7794,-0.6082,1.0,1
606261,6430,1358,0,1,40,3.8082,-0.6136,1.0,1
934758,6276,1356,0,1,40,3.7977,-0.6,1.0,1
353643,5706,1356,0,1,40,3.7563,-0.6412,1.0,1
480834,6206,1356,0,1,40,3.7928,-0.6279,1.0,1
744827,6501,1356,0,1,40,3.813,-0.6457,1.0,1
307790,6828,1358,0,1,40,3.8343,-0.5363,1.0,1
953920,6422,1358,0,1,40,3.8077,-0.6114,1.0,1
155756,6519,1356,0,1,40,3.8142,-0.6033,1.0,1
229772,6679,1358,0,1,40,3.8247,-0.6215,1.0,1
521251,6625,1358,0,1,40,3.8212,-0.618,1.0,1
474950,6596,1358,0,1,40,3.8193,-0.6069,1.0,1
724742,2,1356,0,1,40,0.301,-0.5,0.11900000000000001,1
492375,6855,1358,0,1,40,3.8360000000000003,-0.6127,1.0,1
925585,6543,1358,0,1,40,3.8158,-0.6257,1.0,1
91680,6776,1358,0,1,40,3.8310000000000004,-0.6114,1.0,1
66898,6686,1356,0,1,40,3.8252,-0.5896,1.0,1
452254,6662,1358,0,1,40,3.8236,-0.6012,1.0,1
311944,6816,1358,0,1,40,3.8335,-0.5112,1.0,1
601998,6525,1358,0,1,40,3.8146,-0.6185,1.0,1
88734,6605,1356,0,1,40,3.8199,-0.6222,1.0,1
718556,6644,1358,0,1,40,3.8224,-0.6354,1.0,1
195870,6484,1358,0,1,40,3.8118,-0.5833,1.0,1
733193,1843,1356,0,1,40,3.2655,-0.25,1.0,1
927642,6432,1358,0,1,40,3.8084,-0.5906,1.0,1
121666,6490,1356,0,1,40,3.8122,-0.65,1.0,1
300083,6878,1358,0,1,40,3.8375,-0.6158,1.0,1
859124,6615,1358,0,1,40,3.8205,-0.6114,1.0,1
548402,6493,1358,0,1,40,3.8124,-0.6316,1.0,1
570379,7038,1358,0,1,40,3.8475,-0.6271,1.0,1
223360,6987,1356,0,1,40,3.8443,-0.6136,1.0,1
853463,6603,1358,0,1,40,3.8197,-0.6082,1.0,1
653002,7327,1358,0,1,40,3.8649,-0.5714,1.0,1
144869,6998,1358,0,1,40,3.845,-0.5714,1.0,1
47822,6944,1358,0,1,40,3.8416,-0.6384,1.0,1
509890,2795,1358,0,1,40,3.4464,-0.1064,1.0,1
233042,6592,1356,0,1,40,3.819,-0.6229,1.0,1
449194,6499,1356,0,1,40,3.8128,-0.6059,1.0,1
664096,6476,1356,0,1,40,3.8113,-0.5765,1.0,1
172219,6399,1356,0,1,40,3.8061,-0.5954,1.0,1
19844,6515,1358,0,1,40,3.8139,-0.6286,1.0,1
345444,6937,1358,0,1,40,3.8412,-0.6045,1.0,1
288909,6763,1358,0,1,40,3.8301,-0.6421,1.0,1
11101,6025,1360,0,1,40,3.78,-0.657,1.0,1
108607,6277,1358,0,1,40,3.7977,-0.6215,1.0,1
362927,2,1358,0,1,40,0.301,-0.5,0.11900000000000001,1
564250,6010,1358,0,1,40,3.7789,-0.6158,1.0,1
72199,5933,1356,0,1,40,3.7733,-0.6667,1.0,1
359788,6249,1358,0,1,40,3.7958,-0.6047,1.0,1
755324,6281,1356,0,1,40,3.798,-0.6229,1.0,1
968361,6310,1356,0,1,40,3.8,-0.6069,1.0,1
958948,6827,1358,0,1,40,3.8342,-0.578,1.0,1
622787,6176,1356,0,1,40,3.7907,-0.6243,1.0,1
645412,6185,1358,0,1,40,3.7913,-0.6348,1.0,1
105322,6454,1358,0,1,40,3.8098,-0.6011,1.0,1
71834,5753,1358,0,1,40,3.7599,-0.6163,1.0,1
567782,6279,1358,0,1,40,3.7979,-0.6012,1.0,1
833470,2160,1358,0,1,40,3.3345,0.2907,1.0,1
669894,5724,1356,0,1,40,3.7577,-0.5843,1.0,1
518514,6472,1356,0,1,40,3.8110000000000004,-0.6057,1.0,1
469978,6381,1358,0,1,40,3.8049,-0.6337,1.0,1
857709,6239,1358,0,1,40,3.7951,-0.6441,1.0,1
394700,5544,1358,0,1,40,3.7438,-0.6257,1.0,1
211485,5816,1358,0,1,40,3.7646,-0.6491,1.0,1
886443,6234,1358,0,1,40,3.7948,-0.6154,1.0,1
997767,6075,1358,0,1,40,3.7836,-0.6416,1.0,1
64823,5962,1358,0,1,40,3.7754,-0.6369,1.0,1
580476,1685,1358,0,1,40,3.2266,0.0645,1.0,1
696239,6309,1358,0,1,40,3.8,-0.6215,1.0,1
761285,6664,1358,0,1,40,3.8237,-0.5932,1.0,1
578686,6327,1358,0,1,40,3.8012,-0.6497,1.0,1
952878,6298,1358,0,1,40,3.7992,-0.6514,1.0,1
503287,6108,1356,0,1,40,3.7859,-0.6127,1.0,1
970910,6532,1358,0,1,40,3.815,-0.5349,1.0,1
340800,6280,1358,0,1,40,3.798,-0.6171,1.0,1
427962,251,1358,0,1,40,2.3997,-0.5152,0.8183,1
314596,6172,1358,0,1,40,3.7904,-0.6185,1.0,1
930747,5969,1358,0,1,40,3.7759,-0.6069,1.0,1
601028,5846,1358,0,1,40,3.7669,-0.6609999999999999,1.0,1
623354,219,1358,0,1,40,2.3404,-0.5882,0.7609999999999999,1
764021,6426,1356,0,1,40,3.8079,-0.6057,1.0,1
688620,6503,1358,0,1,40,3.8131,-0.6215,1.0,1
286192,6450,1358,0,1,40,3.8096,-0.5876,1.0,1
184628,6282,1356,0,1,40,3.7981,-0.5805,1.0,1
581191,6182,1356,0,1,40,3.7911,-0.6286,1.0,1
656111,6509,1358,0,1,40,3.8135,-0.6301,1.0,1
730083,6882,1358,0,1,40,3.8377,-0.6171,1.0,1
28106,6653,1358,0,1,40,3.823,-0.6,1.0,1
271067,170,1356,0,1,40,2.2304,-0.48,0.5378,1
149988,7003,1356,0,1,40,3.8453,-0.6057,1.0,1
885132,6570,1356,0,1,40,3.8176,-0.6136,1.0,1
576913,6137,1356,0,1,40,3.7880000000000003,-0.5872,1.0,1
8907,6294,1358,0,1,40,3.7989,-0.6222,1.0,1
151797,6318,1356,0,1,40,3.8006,-0.6118,1.0,1
944692,5499,1358,0,1,40,3.7403,-0.6627,1.0,1
234052,5533,1356,0,1,40,3.7430000000000003,-0.6548,1.0,1
472751,6175,1358,0,1,40,3.7906,-0.655,1.0,1
784207,5688,1356,0,1,40,3.755,-0.6331,1.0,1
624156,5828,1358,0,1,40,3.7655,-0.6131,1.0,1
614460,5814,1358,0,1,40,3.7645,-0.6242,1.0,1
61356,5830,1356,0,1,40,3.7657,-0.6176,1.0,1
974176,4080,1358,0,1,40,3.6107,-0.6,1.0,1
965899,4239,1358,0,1,40,3.6273,-0.5645,1.0,1
665373,4788,1360,0,1,40,3.6802,-0.6726,1.0,1
124238,4417,1358,0,1,40,3.6451,-0.6159,1.0,1
278603,4071,1360,0,1,40,3.6097,-0.5846,1.0,1
909310,4346,1360,0,1,40,3.6381,-0.6047,1.0,1
82391,3961,1360,0,1,40,3.5978,-0.6172,1.0,1
558408,3455,1360,0,1,40,3.5385,-0.5882,1.0,1
769778,4396,1358,0,1,40,3.6431,-0.6159,1.0,1
935447,4364,1360,0,1,40,3.6399,-0.5827,1.0,1
315181,3824,1362,0,1,40,3.5825,-0.6842,1.0,1
335594,3900,1360,0,1,40,3.5911,-0.5806,1.0,1
945664,3876,1358,0,1,40,3.5884,-0.6357,1.0,1
129736,14386,1358,0,1,50,4.1579,-0.8409,1.0,1
499434,16052,1358,0,1,50,4.2055,-0.3973,1.0,1
918960,13349,1358,0,1,50,4.1255,-0.442,1.0,1
895747,15650,1378,0,1,40,4.1945,-0.506,1.0,1
796222,15208,1378,0,1,40,4.1821,-0.8194,1.0,1
724446,3333,1666,0,1,40,3.5228,-0.6403,1.0,1
493985,3288,1664,0,1,40,3.5169,-0.569,1.0,1
720471,3340,1670,0,1,40,3.5238,-0.5714,1.0,1
413804,3630,1666,0,1,40,3.5599,-0.616,1.0,1
699951,5665,1666,0,1,40,3.7532,0.0727,1.0,1
288901,3228,1670,0,1,40,3.5089,-0.595,1.0,1
648139,6114,1666,0,1,40,3.7863,-0.0813,1.0,1
32882,7639,1666,0,1,40,3.883,0.0993,1.0,1
537100,7080,1666,0,1,40,3.85,0.1439,1.0,1
88049,5390,1362,0,1,40,3.7316,0.815,1.0,1
331244,263,1358,0,1,40,2.42,-0.3333,0.633,1
516648,62,1360,1,0,100,1.7924,-0.72,0.2998,1
834189,22,1358,0,1,50,1.3424,-0.4286,0.1384,1
340790,86,1358,0,1,50,1.9345,0.3077,0.2253,1
736108,42,1360,0,1,50,1.6233,-0.5,0.1773,1
897966,17,1360,0,1,50,1.2305,-0.2,0.1322,1
807606,18,1362,0,1,50,1.2553,-0.5,0.1417,1
401608,12,1360,0,1,50,1.0792,0.0,0.1292,1
96673,12,1358,0,1,50,1.0792,0.3333,0.1353,1
575008,12,1358,0,1,50,1.0792,0.0,0.1292,1
381249,12,1358,0,1,50,1.0792,0.0,0.1361,1
524806,12,1360,0,1,50,1.0792,-0.2,0.1322,1
171548,14,1356,0,1,50,1.1461,-0.6667,0.1376,1
106329,12,1358,0,1,50,1.0792,-0.5,0.1307,1
581613,15,1360,0,1,50,1.1761,-0.5714,0.133,1
615103,12,1358,0,1,50,1.0792,-0.5,0.1307,1
829413,65,1358,0,1,50,1.8129,0.0,0.2061,1
54021,12,1358,0,1,50,1.0792,-0.5,0.1417,1
798214,12,1358,0,1,50,1.0792,-0.2,0.1322,1
874430,11,1358,0,1,50,1.0414,-0.4,0.1284,1
992109,17,1358,0,1,50,1.2305,0.0,0.1361,1
423142,15,1358,0,1,50,1.1761,-0.3333,0.1353,1
33622,12,1358,0,1,50,1.0792,0.0,0.1292,1
904939,9,1358,0,1,50,0.9542,-0.4,0.1284,1
133391,8,1362,0,1,50,0.9031,0.25,0.1262,1
505821,8,1360,0,1,50,0.9031,-0.25,0.1262,1
15864,9,1360,0,1,50,0.9542,-0.25,0.1262,1
267570,6,1358,0,1,50,0.7782,0.0,0.124,1
33900,6,1358,0,1,50,0.7782,-0.6667,0.1262,1
918985,10,1358,0,1,50,1.0,0.0,0.1292,1
266002,16,1358,0,1,50,1.2041,-0.5,0.1417,1
34615,17,1358,0,1,50,1.2305,-0.4286,0.1384,1
327953,28,1358,0,1,50,1.4472,-0.4545,0.1715,1
466152,16,1358,0,1,50,1.2041,-0.4286,0.1384,1
65808,67,1360,0,1,50,1.8261,-0.4,0.3977,1
258645,16,1360,0,1,50,1.2041,-0.3333,0.1353,1
537553,18,1360,0,1,50,1.2553,-0.4286,0.1384,1
860889,17,1358,0,1,50,1.2305,-0.375,0.1483,1
995655,26,1358,0,1,50,1.415,-0.5,0.1569,1
66007,18,1356,0,1,50,1.2553,-0.4286,0.1384,1
930781,17,1358,0,1,50,1.2305,-0.1667,0.14,1
574984,16,1358,0,1,50,1.2041,-0.2,0.1322,1
170682,17,1356,0,1,50,1.2305,-0.2,0.1322,1
867147,16,1358,0,1,50,1.2041,0.0,0.1449,1
217333,17,1356,0,1,50,1.2305,-0.2,0.1322,1
84003,18,1358,0,1,50,1.2553,0.0,0.1449,1
956011,18,1358,0,1,50,1.2553,-0.1667,0.14,1
875685,18,1358,0,1,50,1.2553,-0.3333,0.1353,1
7307,17,1354,0,1,50,1.2305,0.0,0.1449,1
204680,16,1356,0,1,50,1.2041,-0.2857,0.1441,1
308384,16,1356,0,1,50,1.2041,0.1667,0.14,1
11123,32,1356,0,1,50,1.5051,-0.5714,0.1892,1
383536,16,1356,0,1,50,1.2041,-0.2,0.1322,1
574331,16,1356,0,1,50,1.2041,-0.1667,0.14,1
718477,16,1358,0,1,50,1.2041,-0.1667,0.14,1
280794,21,1358,0,1,50,1.3222,-0.5,0.1417,1
10347,17,1358,0,1,50,1.2305,-0.1667,0.14,1
203576,22,1358,0,1,50,1.3424,-0.6,0.1483,1
925724,49,1358,0,1,50,1.6902,-0.3333,0.2018,1
877887,16,1360,0,1,50,1.2041,-0.4286,0.1384,1
420832,17,1360,0,1,50,1.2305,-0.1429,0.1499,1
68682,18,1360,0,1,50,1.2553,-0.375,0.1483,1
543952,16,1358,0,1,50,1.2041,-0.4286,0.1384,1
867176,16,1360,0,1,50,1.2041,-0.2,0.1322,1
162492,17,1360,0,1,50,1.2305,-0.3333,0.1353,1
407428,19,1358,0,1,50,1.2787,-0.1667,0.14,1
609839,21,1360,0,1,50,1.3222,-0.4,0.1659,1
607571,26,1358,0,1,50,1.415,0.0,0.1696,1
578140,26,1360,0,1,50,1.415,-0.125,0.1622,1
779910,19,1360,0,1,50,1.2787,-0.6,0.1483,1
608348,17,1360,0,1,50,1.2305,-0.2857,0.1441,1
792404,16,1360,0,1,50,1.2041,-0.2,0.1322,1
25966,16,1358,0,1,50,1.2041,-0.1667,0.14,1
85521,268,1353,0,1,120,2.4281,0.5484,0.7065,1
256990,370,1353,0,1,120,2.5682,0.7368,0.9755,1
46737,330,1353,0,1,120,2.5185,0.8361,0.8861,1
624136,207,1353,0,1,120,2.316,0.7692,0.5805,1
729164,594,1353,0,1,120,2.7738,0.8642,0.9806,1
999024,578,1353,0,1,120,2.7619,0.7162,0.9998,1
937432,788,1687,0,1,50,2.8965,0.937,0.9915,1
713993,145,1352,0,1,40,2.1614,0.8333,0.3601,1
597931,97,1354,0,1,40,1.9868,0.72,0.2998,1
514608,139,1354,0,1,40,2.1430000000000002,0.8,0.4057,1
438157,175,1354,0,1,40,2.2430000000000003,0.8158,0.4399,1
27806,144,1354,0,1,40,2.1584,0.8913,0.3819,1
532162,73,1358,0,1,40,1.8633,0.8667,0.2288,1
951519,89,1356,0,1,40,1.9494,0.8214,0.2532,1
612547,72,1358,0,1,40,1.8573,0.7222,0.1954,1
246976,64,1358,0,1,40,1.8062,0.6667,0.215,1
177773,115,1352,0,1,40,2.0607,0.7931,0.2984,1
52330,58,1352,0,1,40,1.7634,0.7,0.2288,1
750594,60,1352,0,1,40,1.7781,0.6667,0.215,1
842575,134,1650,1,0,69,2.1271,-0.7778,0.4763,1
731035,52,1652,1,0,69,1.716,-0.5625,0.2195,1
963842,123,1652,1,0,69,2.0899,-0.7143,0.3725,1
132222,81,1650,1,0,69,1.9085,-0.8518,0.215,1
661860,56,1652,1,0,69,1.7482,-0.8,0.1852,1
355205,68,1650,1,0,69,1.8325,-0.7727,0.2173,1
744112,79,1648,1,0,69,1.8976,-0.3077,0.2253,1
249078,2028,1696,1,0,69,3.3071,0.8487,1.0,1
166711,78,1658,1,0,143,1.8921,0.4706,0.2699,1
132020,127,1364,0,1,100,2.1038,0.8065,0.3154,1
772604,540,1364,0,1,100,2.7324,0.8864,0.9792,1
508499,716,1364,0,1,100,2.8549,0.8932,0.9961,1
690074,571,1364,0,1,100,2.7566,0.8947,0.9869,1
510624,1082,1366,0,1,100,3.0342,0.9267,0.9999,1
758978,1004,1362,0,1,100,3.0017,0.8806,1.0,1
910998,477,1364,0,1,100,2.6785,0.8972,0.9971,1
125439,695,1364,0,1,100,2.842,0.8522,1.0,1
461328,319,1364,0,1,100,2.5038,0.82,0.7281,1
850619,585,1364,0,1,100,2.7672,0.8942,0.9964,1
116998,495,1364,0,1,100,2.6946,0.8764,0.9891,1
606216,492,1364,0,1,100,2.6919999999999997,0.8889,0.9451,1
573875,969,1364,0,1,100,2.9863,0.9264,1.0,1
111879,733,1364,0,1,100,2.8651,0.9018,0.998,1
893930,975,1364,0,1,100,2.989,0.9137,0.9999,1
694732,706,1364,0,1,100,2.8488,0.8817,0.9919,1
852274,926,1364,0,1,100,2.9666,0.9241,0.9998,1
17635,653,1366,0,1,100,2.8149,0.9,0.9977,1
173457,104,1364,0,1,100,2.017,0.7692,0.2739,1
860958,105,1366,0,1,100,2.0212,0.6818,0.2712,1
242351,82,1366,0,1,100,1.9138,0.7143,0.2359,1
152912,57,1366,0,1,100,1.7559,0.5333,0.2116,1
137226,111,1366,0,1,100,2.0453,0.6667,0.3241,1
302118,161,1364,0,1,100,2.2068,0.7143,0.3725,1
971550,68,1364,0,1,100,1.8325,0.4286,0.2195,1
55932,87,1364,0,1,100,1.9395,0.7,0.2288,1
105317,87,1364,0,1,100,1.9395,0.3333,0.266,1
968182,113,1707,1,0,100,2.0531,0.0833,0.2432,1
189682,1812,1687,1,0,80,3.2582,-0.2083,1.0,1
680321,41,1467,1,0,120,1.6128,0.3636,0.1822,1
155846,588,1353,0,1,290,2.7694,0.6667,0.9774,1
757445,106,1353,0,1,185,2.0253,0.0833,0.2432,1
722683,612,1687,0,1,200,2.7868,0.48,0.9987,1
692875,155,1687,0,1,200,2.1903,0.0714,0.3097,1
290838,247,1387,0,1,50,2.3927,0.5862,0.5757,1
192550,135,1387,0,1,50,2.1303,0.55,0.3068,1
336448,376,1387,0,1,50,2.5752,0.7609,0.7955,1
537233,202,1353,0,1,70,2.3054,0.6897,0.4317,1
931960,132,1227,0,1,40,2.1206,-0.5909,0.3329,1
952796,198,1227,0,1,40,2.2967,0.8108,0.4284,1
110692,128,1687,0,1,50,2.1072,0.3125,0.3012,1
640124,143,1353,0,1,70,2.1553,0.25,0.3241,1
71809,221,1687,1,0,70,2.3444,0.3182,0.5461,1
174463,114,1687,1,0,70,2.0569,0.1429,0.2901,1
486064,176,1353,1,0,50,2.2455,-0.8049,0.5428,1
637483,176,1353,1,0,50,2.2455,0.3158,0.4089,1
629544,513,1353,0,1,50,2.7101,-0.2222,0.991,1
398051,150,1353,0,1,50,2.1761,-0.6296,0.4465,1
650139,181,1353,0,1,50,2.2577,0.35,0.43,1
218515,279,1366,1,0,80,2.4456,0.36,0.6574,1
880628,106,1362,1,0,80,2.0253,-0.125,0.3725,1
548970,127,1688,1,0,60,2.1038,0.1333,0.3285,1
593600,50,1692,1,0,60,1.699,0.2,0.1852,1
847770,88,1692,1,0,60,1.9445,0.6316,0.2445,1
673617,34,1692,1,0,60,1.5315,-0.25,0.1551,1
753097,46,1690,1,0,60,1.6628,-0.125,0.1622,1
366005,38,1690,1,0,60,1.5798,0.1111,0.1773,1
368413,35,1692,1,0,60,1.5441,0.125,0.1622,1
674960,66,1690,1,0,60,1.8195,-0.25,0.215,1
729079,39,1690,1,0,60,1.5911,0.0,0.156,1
933786,38,1690,1,0,60,1.5798,-0.1111,0.1773,1
642406,32,1688,1,0,60,1.5051,0.125,0.1622,1
991112,67,1690,1,0,60,1.8261,-0.1,0.1954,1
414426,64,1690,1,0,60,1.8062,0.0,0.2061,1
935928,115,1694,1,0,60,2.0607,0.0,0.33,1
227448,134,1692,1,0,60,2.1271,-0.1333,0.3285,1
987901,69,1692,1,0,60,1.8389,0.1818,0.2051,1
953774,101,1692,1,0,60,2.0043,0.3571,0.2359,1
781344,617,1688,1,0,60,2.7903,0.1177,0.9917,1
178183,93,1690,1,0,60,1.9685,-0.1539,0.257,1
191465,68,1690,1,0,60,1.8325,0.0,0.2061,1
9744,67,1690,1,0,60,1.8261,0.1,0.1954,1
169849,166,1692,1,0,60,2.2201,0.7,0.4465,1
332172,75,1692,1,0,60,1.8751,0.0,0.2061,1
169377,82,1694,1,0,60,1.9138,0.0909,0.2173,1
567737,81,1692,1,0,60,1.9085,-0.2308,0.2408,1
788794,55,1692,1,0,60,1.7404,-0.1111,0.1773,1
781797,208,1686,1,0,60,2.3181,0.3,0.46299999999999997,1
246543,148,1686,1,0,60,2.1703,0.4545,0.4366,1
436192,126,1688,1,0,60,2.1004,0.5,0.2819,1
601500,162,1690,1,0,60,2.2095,0.4091,0.4729,1
423190,100,1692,1,0,60,2.0,0.0,0.2583,1
893643,329,1690,1,0,60,2.5172,-0.0435,0.7955,1
876177,52,1692,1,0,60,1.716,0.5,0.1773,1
953681,138,1690,1,0,60,2.1399,0.2,0.3068,1
661417,87,1692,1,0,60,1.9395,0.1667,0.2288,1
994786,87,1692,1,0,60,1.9395,0.0909,0.2173,1
919069,56,1690,1,0,60,1.7482,0.4167,0.1892,1
958169,659,1688,1,0,60,2.8189,0.1515,0.9844,1
477804,66,1684,1,0,60,1.8195,-0.0909,0.2173,1
750823,184,1688,1,0,60,2.2648,0.1111,0.4763,1
566942,662,1690,1,0,60,2.8209,-0.1944,0.9929,1
363177,184,1690,1,0,60,2.2648,0.2857,0.5212,1
225570,70,1688,1,0,60,1.8451,0.2727,0.1934,1
275443,107,1690,1,0,60,2.0294,-0.0769,0.2739,1
650615,84,1690,1,0,60,1.9243,-0.4667,0.2288,1
727087,126,1690,1,0,60,2.1004,0.5238,0.3509,1
910788,90,1692,1,0,60,1.9542,0.4667,0.2288,1
256267,144,1694,1,0,60,2.1584,0.2941,0.3419,1
236430,67,1688,1,0,60,1.8261,0.4286,0.2195,1
378337,94,1690,1,0,60,1.9731,0.3571,0.2359,1
948721,163,1688,1,0,60,2.2122,0.3158,0.4089,1
350249,204,1690,1,0,60,2.3096,-0.48,0.5378,1
352113,78,1692,1,0,60,1.8921,0.4286,0.2195,1
750118,62,1688,1,0,60,1.7924,-0.1,0.1954,1
743640,110,1690,1,0,60,2.0414,-0.0833,0.2432,1
385757,65,1690,1,0,60,1.8129,-0.1667,0.2288,1
332924,58,1692,1,0,60,1.7634,0.0,0.1862,1
247348,68,1688,1,0,60,1.8325,0.1,0.1954,1
731705,822,1692,1,0,70,2.9149,0.0952,0.9998,1
855313,68,1692,1,0,70,1.8325,0.1,0.1954,1
616010,59,1692,1,0,70,1.7708,0.1667,0.2288,1
577055,71,1690,1,0,70,1.8513,0.25,0.215,1
318545,1130,1692,1,0,70,3.0531,0.7419,1.0,1
126154,1125,1692,1,0,70,3.0512,0.7473,1.0,1
87336,66,1692,1,0,70,1.8195,0.1818,0.2051,1
376094,69,1682,1,0,70,1.8389,0.1,0.1954,1
516177,255,1684,1,0,70,2.4065,0.4231,0.6422,1
173345,78,1688,1,0,70,1.8921,-0.2727,0.1934,1
146235,54,1690,1,0,70,1.7324,-0.1111,0.1773,1
685913,74,1688,1,0,70,1.8692,0.0,0.2061,1
502135,250,1692,1,0,70,2.3979,0.2,0.5296,1
300904,51,1694,1,0,70,1.7076,0.0,0.1696,1
305686,86,1688,1,0,70,1.9345,-0.0909,0.2173,1
347909,55,1690,1,0,70,1.7404,0.0,0.1696,1
635029,110,1686,1,0,70,2.0414,0.2857,0.2532,1
824359,375,1364,1,0,70,2.574,0.0435,0.7955,1
173289,67,1364,1,0,70,1.8261,0.1818,0.2051,1
782122,126,1354,0,1,40,2.1004,0.3889,0.3329,1
153680,76,1358,0,1,40,1.8808,0.7619,0.2116,1
790944,880,1358,0,1,40,2.9445,-0.7108,1.0,1
579738,52,1358,0,1,40,1.716,0.1111,0.1773,1
236925,112,1356,0,1,40,2.0492,0.7857,0.2901,1
515033,59,1356,0,1,40,1.7708,0.3,0.1753,1
539114,84,1356,0,1,40,1.9243,0.3571,0.2359,1
75246,55,1354,0,1,40,1.7404,0.6429,0.1753,1
620607,68,1354,0,1,40,1.8325,0.4286,0.2195,1
51711,78,1352,0,1,40,1.8921,0.5625,0.2195,1
561115,122,1352,0,1,40,2.0864,0.7931,0.2984,1
599122,67,1350,0,1,40,1.8261,0.1818,0.2051,1
49252,56,1380,0,1,40,1.7482,-0.1111,0.1773,1
628416,101,1376,0,1,40,2.0043,0.3333,0.266,1
500333,67,1376,0,1,40,1.8261,0.1818,0.2051,1
946010,77,1350,0,1,40,1.8865,0.2857,0.2532,1
637982,89,1352,0,1,40,1.9494,0.0833,0.2432,1
97266,52,1352,0,1,40,1.716,-0.2,0.1852,1
690873,105,1368,1,0,69,2.0212,-0.2273,0.6173,1
1561,54,1652,1,0,69,1.7324,-0.3,0.1753,1
167882,193,1654,1,0,69,2.2856,0.6667,0.4963,1
489411,223,1652,1,0,69,2.3483,0.3478,0.5708,1
729417,86,1652,1,0,69,1.9345,0.3571,0.2359,1
127997,110,1650,1,0,69,2.0414,0.6667,0.3241,1
990437,81,1646,1,0,69,1.9085,0.2308,0.2408,1
786497,116,1650,1,0,69,2.0645,-0.4706,0.2699,1
99244,110,1650,1,0,69,2.0414,-0.3889,0.3329,1
837573,89,1650,1,0,69,1.9494,-0.5263,0.2942,1
726461,51,1650,1,0,69,1.7076,-0.4615,0.1965,1
942895,76,1650,1,0,69,1.8808,-0.7826,0.223,1
549308,51,1690,1,0,150,1.7076,0.1111,0.1773,1
181271,252,1652,1,0,100,2.4014,0.4,0.6189,1
430360,102,1650,1,0,100,2.0086,0.1429,0.2901,1
786566,979,1660,1,0,100,2.9908,0.5217,1.0,1
729306,52,1662,1,0,100,1.716,-0.1111,0.1773,1
714503,290,1710,1,0,100,2.4624,-0.0909,0.7147,1
24906,56,1710,1,0,100,1.7482,-0.1111,0.1773,1
445903,56,1658,1,0,100,1.7482,-0.4,0.2469,1
607106,226,1358,1,0,100,2.3541,0.7954,0.6514,1
30209,187,1358,1,0,100,2.2718,0.3077,0.7512,1
854170,171,1360,1,0,100,2.233,0.6429,0.46299999999999997,1
460399,383,1360,1,0,100,2.5832,0.4545,0.8749,1
34276,120,1360,1,0,100,2.0792,0.0,0.2914,1
440692,425,1356,1,0,100,2.6284,0.1923,0.8355,1
699857,111,1352,1,0,100,2.0453,0.0,0.2583,1
753482,96,1362,1,0,100,1.9823,0.4706,0.2699,1
390418,133,1358,1,0,100,2.1239,0.1429,0.2901,1
788991,63,1356,1,0,100,1.7993,0.1,0.1954,1
413870,69,1362,1,0,120,1.8389,0.2727,0.1934,1
15090,165,1632,1,0,100,2.2175,0.0667,0.3509,1
297791,245,1656,1,0,80,2.3892,0.3478,0.5708,1
481260,88,1656,1,0,80,1.9445,0.0909,0.2173,1
129863,106,1654,1,0,80,2.0253,0.1539,0.257,1
670567,154,1656,1,0,80,2.1875,0.1875,0.3479,1
561014,88,1656,1,0,80,1.9445,0.6,0.2792,1
419468,169,1654,1,0,80,2.2279,0.2632,0.4399,1
381313,80,1648,1,0,80,1.9031,0.3077,0.2253,1
818215,63,1648,1,0,80,1.7993,0.5,0.204,1
760857,84,1646,1,0,80,1.9243,0.0,0.23,1
753445,79,1646,1,0,80,1.8976,0.4,0.2469,1
337986,66,1646,1,0,80,1.8195,0.0,0.2061,1
394193,350,1648,1,0,80,2.5441,-0.1923,0.8355,1
492763,85,1648,1,0,80,1.9294,0.1667,0.2288,1
853750,82,1648,1,0,80,1.9138,-0.4667,0.2288,1
552453,60,1648,1,0,80,1.7781,0.3636,0.1822,1
167787,108,1648,1,0,80,2.0334,0.4118,0.2928,1
51843,57,1646,1,0,80,1.7559,-0.1111,0.1773,1
424029,34,1690,1,0,211,1.5315,0.4,0.1659,1
51064,51,1686,1,0,211,1.7076,-0.75,0.2583,1
46580,116,1692,1,0,143,2.0645,0.2143,0.2712,1
883478,79,1682,1,0,143,1.8976,0.3333,0.266,1
671756,114,1694,1,0,60,2.0569,-0.2667,0.28600000000000003,1
537677,38,1696,1,0,100,1.5798,-0.125,0.1622,1
151201,32,1698,1,0,100,1.5051,0.25,0.1551,1
918224,25,1694,1,0,100,1.3979,0.0,0.1449,1
31859,45,1694,1,0,100,1.6532,-0.2222,0.1687,1
43037,223,1626,1,0,70,2.3483,0.5625,0.7254,1
600674,62,1626,1,0,70,1.7924,0.0,0.1862,1
521224,84,1628,1,0,70,1.9243,0.0833,0.2432,1
893309,137,1626,1,0,70,2.1367,0.0,0.2914,1
149123,148,1626,1,0,70,2.1703,0.2778,0.3882,1
192264,52,1626,1,0,70,1.716,0.1111,0.1773,1
237380,68,1624,1,0,70,1.8325,-0.0909,0.2173,1
941479,60,1624,1,0,70,1.7781,0.0,0.2061,1
190200,113,1624,1,0,70,2.0531,-0.0769,0.2739,1
102218,51,1624,1,0,70,1.7076,0.1111,0.1773,1
503278,70,1624,1,0,70,1.8451,-0.0909,0.2173,1
536660,66,1624,1,0,70,1.8195,0.0,0.2061,1
554648,104,1626,1,0,70,2.017,0.1539,0.257,1
277070,140,1624,1,0,70,2.1461,0.0714,0.3097,1
462822,64,1624,1,0,70,1.8062,-0.2727,0.1934,1
484502,57,1626,1,0,70,1.7559,-0.3636,0.1822,1
420101,114,1626,1,0,70,2.0569,0.0,0.2914,1
51700,58,1628,1,0,70,1.7634,-0.2,0.1852,1
367176,767,1624,1,0,70,2.8848,0.1892,0.9954,1
18186,66,1624,1,0,70,1.8195,0.3846,0.2105,1
31133,59,1622,1,0,70,1.7708,0.0,0.1696,1
408259,93,1696,1,0,85,1.9685,-0.0833,0.2432,1
455081,84,1696,1,0,85,1.9243,0.25,0.215,1
323807,76,1698,1,0,85,1.8808,-0.5294,0.2482,1
445015,63,1696,1,0,85,1.7993,0.0909,0.2173,1
485112,52,1352,1,0,80,1.716,-0.1111,0.1773,1
523886,84,1352,1,0,80,1.9243,-0.1667,0.2288,1
185253,121,1354,1,0,80,2.0828,0.4444,0.3068,1
236481,61,1356,1,0,80,1.7853,0.0,0.1862,1
264948,75,1352,1,0,80,1.8751,-0.0833,0.2432,1
199266,72,1356,1,0,80,1.8573,0.1,0.1954,1
215789,50,1360,0,1,40,1.699,0.0,0.1862,1
552980,88,1358,0,1,40,1.9445,0.1667,0.2288,1
440922,107,1358,0,1,40,2.0294,-0.1429,0.2901,1
195681,147,1358,0,1,50,2.1673,0.3529,0.3168,1
236677,84,1358,0,1,50,1.9243,0.5333,0.2116,1
719345,32,1358,0,1,50,1.5051,0.1429,0.1499,1
365889,62,1360,0,1,50,1.7924,-0.0909,0.2173,1
819600,273,1376,0,1,40,2.4362,0.75,0.6574,1
591658,1176,1668,0,1,40,3.0704,0.4259,0.9999,1
296496,2400,1664,0,1,40,3.3802,0.5376,1.0,1
913788,177,1666,0,1,40,2.248,0.2778,0.3882,1
756906,61,1668,0,1,40,1.7853,0.3,0.1753,1
475465,220,1666,0,1,40,2.3424,0.2381,0.556,1
463027,67,1374,0,1,40,1.8261,0.1,0.1954,1
724331,341,1362,0,1,40,2.5327,0.7209,0.8061,1
23878,57,1362,0,1,40,1.7559,0.5714,0.1892,1
199935,80,1358,0,1,40,1.9031,0.25,0.215,1
975246,111,1362,0,1,40,2.0453,-0.0833,0.2432,1
623121,98,1358,0,1,200,1.9912,0.0,0.23,1
966470,168,1362,0,1,40,2.2253,0.4,0.3977,1
370095,172,1362,0,1,40,2.2355,0.44,0.5789,1
69767,631,1364,0,1,40,2.8,0.5489999999999999,0.997,1
243647,1015,1364,0,1,40,3.0065,0.5439,0.9996,1
655039,561,1362,0,1,40,2.7489999999999997,0.4681,0.997,1
639510,8391,1364,0,1,40,3.9238,-0.9319,1.0,1
977443,158,1364,0,1,40,2.1987,0.0,0.8612,1
430523,60,1366,0,1,185,1.7781,0.4286,0.2195,1
985291,51,1364,0,1,185,1.7076,0.3,0.1753,1
87981,90,1362,0,1,175,1.9542,0.0,0.23,1
609937,212,1358,0,1,175,2.3263,0.6,0.5951,1
20774,217,1360,0,1,175,2.3365,0.4483,0.7462,1
57181,81,1362,0,1,175,1.9085,0.5294,0.2482,1
888262,239,1360,0,1,175,2.3784,0.7143,0.7933,1
420181,59,1360,0,1,175,1.7708,-0.2308,0.2408,1
372490,63,1360,0,1,175,1.7993,0.4167,0.1892,1
590606,215,1360,0,1,175,2.3324,0.7436,0.6422,1
391077,350,1364,0,1,100,2.5441,-0.8029999999999999,0.976,1
179371,112,1364,0,1,100,2.0492,-0.6786,0.41700000000000004,1
963026,170,1362,0,1,100,2.2304,-0.4167,0.556,1
948890,153,1362,0,1,100,2.1847,-0.4643,0.6868,1
91009,140,1360,0,1,100,2.1461,-0.4545,0.4366,1
285941,168,1362,0,1,100,2.2253,-0.6,0.7776,1
487750,226,1360,0,1,100,2.3541,-0.6512,0.9076,1
441025,116,1360,0,1,100,2.0645,-0.5385,0.5162,1
40514,104,1360,0,1,100,2.017,-0.1539,0.257,1
230331,156,1362,0,1,100,2.1931,0.45,0.3663,1
337406,136,1364,0,1,100,2.1335,0.1579,0.5029,1
429753,377,1364,0,1,100,2.5763,0.7333,0.8299,1
560942,224,1364,0,1,100,2.3503,0.6452,0.5642,1
213020,163,1362,0,1,50,2.2122,0.45,0.3663,1
655896,172,1360,0,1,40,2.2355,0.2941,0.3419,1
74289,184,1628,0,1,120,2.2648,0.0556,0.5063,1
473671,304,1360,0,1,175,2.4829,0.2593,0.8299,1
177130,140,1358,0,1,40,2.1461,0.2222,0.41700000000000004,1
686754,262,1360,0,1,40,2.4183,0.0,0.5967,1
825238,261,1356,0,1,40,2.4166,-0.1905,0.5903,1
198743,101,1356,0,1,40,2.0043,0.0,0.2914,1
804456,144,1356,0,1,40,2.1584,0.4211,0.3494,1
76138,116,1360,0,1,40,2.0645,-0.375,0.2792,1
854461,563,1306,0,1,40,2.7505,0.3235,0.9608,1
219255,3187,1306,0,1,40,3.5034,0.2828,1.0,1
398080,210,1308,0,1,40,2.3222,0.4091,0.4729,1
551134,112,1306,0,1,40,2.0492,0.2143,0.2712,1
489251,114,1306,0,1,40,2.0569,0.4,0.2469,1
71407,446,1308,0,1,40,2.6493,0.7115,0.9603,1
611566,139,1690,1,0,120,2.1430000000000002,0.25,0.3241,1
223683,178,1692,1,0,80,2.2504,0.1177,0.4219,1
39015,128,1692,1,0,80,2.1072,-0.0667,0.3509,1
152307,460,1694,1,0,80,2.6628,-0.303,0.9546,1
527275,112,1794,1,0,80,2.0492,0.2857,0.2532,1
705280,102,1696,1,0,80,2.0086,-0.0833,0.2432,1
886719,260,1692,1,0,80,2.415,0.15,0.5626,1
751026,106,1696,1,0,80,2.0253,0.0769,0.2739,1
426456,178,1694,1,0,80,2.2504,-0.0588,0.4498,1
560568,561,1694,1,0,80,2.7489999999999997,-0.1395,0.9998,1
661163,186,1694,1,0,80,2.2695,-0.3913,0.5329,1
234951,131,1694,1,0,80,2.1173,0.0,0.4235,1
647760,3234,1692,1,0,80,3.5097,0.3696,1.0,1
768290,4663,1694,1,0,80,3.6687,-0.3333,1.0,1
396588,1095,1694,1,0,80,3.0394,0.2917,1.0,1
334978,505,1694,1,0,80,2.7033,-0.5417,0.9935,1
911476,571,1692,1,0,80,2.7566,-0.1707,0.9993,1
598221,790,1692,1,0,80,2.8976,0.4915,0.9999,1
528206,903,1694,1,0,80,2.9557,0.3273,1.0,1
10462,551,1692,1,0,80,2.7411,-0.1563,0.9769,1
471919,328,1692,1,0,80,2.5159,-0.0345,0.9676,1
926502,270,1694,1,0,80,2.4314,-0.1667,0.7659,1
470629,210,1694,1,0,80,2.3222,0.25,0.8705,1
88032,231,1694,1,0,80,2.3636,0.2,0.5296,1
823533,109,1684,1,0,70,2.0374,-0.3333,0.266,1
80710,254,1684,1,0,70,2.4048,0.05,0.6268,1
626709,105,1686,1,0,70,2.0212,-0.0833,0.2432,1
737750,166,1686,1,0,70,2.2201,0.0625,0.3977,1
959941,125,1688,1,0,70,2.0969,-0.1429,0.2901,1
12055,335,1690,1,0,70,2.525,0.2,0.9419,1
542732,101,1690,1,0,70,2.0043,0.0833,0.2432,1
471397,143,1686,1,0,70,2.1553,-0.2,0.3068,1
833533,114,1688,1,0,70,2.0569,-0.2143,0.2712,1
608718,110,1690,1,0,70,2.0414,-0.1539,0.257,1
887777,114,1688,1,0,70,2.0569,0.0,0.2583,1
530930,115,1688,1,0,70,2.0607,-0.1429,0.2901,1
986394,124,1686,1,0,70,2.0934,0.0,0.2914,1
4383,114,1690,1,0,70,2.0569,-0.1539,0.257,1
950841,132,1688,1,0,70,2.1206,0.1333,0.3285,1
675211,282,1688,1,0,70,2.4502,0.4688,0.8336,1
303616,125,1688,1,0,70,2.0969,0.1429,0.2901,1
759695,263,1688,1,0,70,2.42,0.2174,0.6781,1
149260,192,1688,1,0,70,2.2833,0.7188,0.4763,1
803739,121,1688,1,0,70,2.0828,0.0,0.2914,1
798780,248,1692,1,0,70,2.3944,0.1,0.5951,1
316612,108,1690,1,0,70,2.0334,0.1429,0.2901,1
300032,115,1690,1,0,70,2.0607,-0.1429,0.2901,1
963375,408,1690,1,0,70,2.6107,0.1852,0.8749,1
165178,463,1358,0,1,40,2.6656,-0.2813,0.9474,1
31144,121,1356,0,1,40,2.0828,0.55,0.3068,1
396834,75,1356,0,1,40,1.8751,0.4667,0.2288,1
176867,65,1354,0,1,40,1.8129,0.5294,0.2482,1
580556,108,1322,0,1,40,2.0334,-0.1539,0.257,1
562701,133,1322,0,1,40,2.1239,0.5714,0.3197,1
521874,63,1320,0,1,40,1.7993,0.5789,0.2686,1
97433,50,1324,0,1,40,1.699,0.2,0.1852,1
49790,62,1322,0,1,40,1.7924,0.5333,0.2116,1
609121,204,1696,0,1,60,2.3096,0.0,0.4779,1
314385,104,1368,1,0,80,2.017,-0.4545,0.4366,1
868075,196,1368,1,0,80,2.2923,0.0556,0.5063,1
724065,181,1370,1,0,80,2.2577,-0.7895,0.9272,1
778247,129,1368,1,0,80,2.1106,-0.3793,0.8123,1
374708,143,1366,1,0,80,2.1553,-0.4091,0.4729,1
194201,126,1368,1,0,80,2.1004,-0.6207,0.5279,1
359285,110,1368,1,0,80,2.0414,-0.8065,0.3154,1
495488,101,1364,1,0,80,2.0043,-0.0769,0.2739,1
67691,181,1362,1,0,80,2.2577,-0.2609,0.6438,1
447200,122,1364,1,0,80,2.0864,-0.2727,0.5822,1
614590,105,1364,1,0,80,2.0212,-0.2353,0.3678,1
65630,113,1364,1,0,80,2.0531,-0.2857,0.5212,1
886635,155,1364,1,0,80,2.1903,-0.1667,0.4465,1
469459,107,1364,1,0,80,2.0294,-0.4444,0.3068,1
733839,118,1364,1,0,80,2.0719,0.2857,0.5212,1
176555,147,1364,1,0,80,2.1673,-0.0526,0.5659,1
634696,147,1364,1,0,80,2.1673,-0.1304,0.7411,1
113013,105,1362,1,0,80,2.0212,-0.3333,0.266,1
947142,102,1362,1,0,80,2.0086,-0.3,0.46299999999999997,1
29448,161,1362,1,0,80,2.2068,-0.125,0.7933,1
588764,168,1364,1,0,80,2.2253,-0.3333,0.7729,1
628940,125,1364,1,0,80,2.0969,-0.2,0.5296,1
518309,118,1366,1,0,80,2.0719,-0.4286,0.41700000000000004,1
241141,196,1364,1,0,80,2.2923,-0.1154,0.8778,1
203817,308,1364,1,0,80,2.4885,0.5556,0.8612,1
645190,274,1364,1,0,80,2.4378,-0.3939,0.9157,1
17896,129,1364,1,0,80,2.1106,-0.1905,0.5903,1
76275,194,1364,1,0,80,2.2878,0.1579,0.5029,1
125806,313,1366,1,0,80,2.4955,-0.4737,0.9549,1
192370,114,1364,1,0,80,2.0569,0.1,0.5951,1
815387,152,1364,1,0,80,2.1818,0.0909,0.7147,1
228249,117,1362,1,0,80,2.0682,-0.1667,0.4465,1
718426,146,1362,1,0,80,2.1644,-0.28,0.7281,1
932818,106,1362,1,0,80,2.0253,-0.5238,0.3509,1
916567,175,1364,1,0,80,2.2430000000000003,-0.6,0.7776,1
649540,208,1364,1,0,80,2.3181,-0.2424,0.9703,1
931696,238,1362,1,0,80,2.3766,0.4848,0.8488,1
305844,385,1364,1,0,80,2.5855,-0.8029999999999999,0.976,1
192945,289,1366,1,0,80,2.4609,0.2692,0.7822,1
751675,364,1358,1,0,100,2.5611,-0.2778,0.9856,1
123861,169,1356,1,0,100,2.2279,-0.4815,0.6236,1
59510,102,1356,0,1,40,2.0086,0.2143,0.2712,1
945203,574,1358,0,1,40,2.7589,0.2647,0.9747,1
818484,194,1360,0,1,40,2.2878,0.2917,0.6693,1
817030,780,1362,0,1,40,2.8921,0.3571,0.9961,1
546945,336,1362,0,1,40,2.5263,0.0454,0.7436,1
970187,129,1362,0,1,40,2.1106,0.0,0.2914,1
685037,143,1362,0,1,40,2.1553,0.45,0.3663,1
878907,141,1360,0,1,40,2.1492,0.25,0.3241,1
94637,133,1362,0,1,40,2.1239,-0.0667,0.3509,1
713559,101,1362,0,1,40,2.0043,0.0769,0.2739,1
932564,147,1360,0,1,40,2.1673,-0.1875,0.3479,1
24550,163,1360,0,1,40,2.2122,0.0625,0.3977,1
12213,238,1364,0,1,40,2.3766,0.3182,0.5461,1
296550,699,1360,0,1,40,2.8445,-0.0313,0.99,1
919840,571,1362,0,1,40,2.7566,-0.1667,0.9519,1
155443,176,1358,1,0,70,2.2455,0.7188,0.4763,1
361251,142,1358,1,0,70,2.1523,0.6429,0.46299999999999997,1
433462,119,1362,1,0,80,2.0756,0.0,0.2583,1
511108,123,1362,1,0,80,2.0899,0.3889,0.3329,1
662636,162,1360,1,0,80,2.2095,0.6087,0.3464,1
941763,349,1362,1,0,200,2.5428,0.3929,0.7609999999999999,1
838314,122,1364,1,0,200,2.0864,0.2,0.3068,1
832202,231,1364,1,0,200,2.3636,0.4074,0.7037,1
875016,287,1362,1,0,200,2.4579,0.0952,0.6559,1
839649,143,1364,1,0,200,2.1553,0.2,0.3068,1
645625,519,1360,1,0,200,2.7152,0.4878,0.9765,1
290066,110,1354,1,0,200,2.0414,0.5454,0.3663,1
576054,140,1356,1,0,200,2.1461,0.6071,0.5096,1
60589,231,1356,1,0,200,2.3636,-0.3182,0.5461,1
531678,1035,1356,1,0,200,3.0149,0.2222,1.0,1
865771,137,1373,0,1,40,2.1367,0.25,0.3241,2
287330,525,1353,0,1,70,2.7202,0.9151,0.9872,2
939492,2463,1353,0,1,70,3.3915,0.8615,1.0,2
297269,4298,1353,0,1,70,3.6333,0.8087,1.0,2
601978,2643,1353,0,1,70,3.4221,0.9179,1.0,2
678903,269,1353,0,1,70,2.4297,0.5862,0.5757,2
907989,375,1353,0,1,70,2.574,0.6486,0.767,2
921004,15,1694,1,0,143,1.1761,-0.2,0.1322,2
40251,5632,1356,0,1,40,3.7507,-0.6568,1.0,2
430299,5951,1356,0,1,40,3.7746,-0.614,1.0,2
98707,69,1656,1,0,80,1.8389,0.3846,0.2105,2
655251,138,1656,1,0,80,2.1399,0.6539,0.3882,2
571633,116,1658,1,0,80,2.0645,0.5263,0.2942,2
482958,308,1656,1,0,80,2.4885,0.7619,0.6868,2
449393,116,1658,1,0,80,2.0645,0.3889,0.3329,2
270575,152,1630,0,1,120,2.1818,0.75,0.4235,2
233278,108,1626,0,1,120,2.0334,0.4667,0.2288,2
860369,352,1360,0,1,175,2.5465,0.7885,0.8579,2
767673,190,1362,0,1,175,2.2787,0.7419,0.4106,2
453751,111,1358,0,1,40,2.0453,0.6522,0.3125,2
565208,211,1374,0,1,40,2.3243,0.36,0.6574,2
641191,6652,1374,0,1,40,3.8229,0.9069,1.0,2
11340,253,1687,0,1,200,2.4031,0.6905,0.8355,2
484196,1125,1687,0,1,200,3.0512,0.8682,1.0,2
149442,110,1687,0,1,200,2.0414,0.55,0.3068,2
186220,125,1687,0,1,200,2.0969,0.5714,0.3197,2
684417,150,1687,0,1,200,2.1761,0.5454,0.3663,2
987229,140,1687,0,1,200,2.1461,0.3529,0.3168,2
510140,199,1687,0,1,200,2.2989,0.3684,0.3787,2
619374,110,1687,0,1,200,2.0414,0.5263,0.2942,2
555183,196,1687,0,1,200,2.2923,0.7419,0.4106,2
45670,145,1687,0,1,200,2.1614,0.5417,0.4366,2
694956,213,1687,0,1,200,2.3284,0.7568,0.5511,2
109076,161,1687,0,1,200,2.2068,0.7241,0.385,2
404502,304,1687,0,1,200,2.4829,0.625,0.633,2
389768,161,1687,0,1,200,2.2068,0.4762,0.3834,2
26630,137,1687,0,1,200,2.1367,0.8461,0.3882,2
897658,125,1687,0,1,200,2.0969,0.6923,0.3479,2
607450,189,1687,0,1,200,2.2765,0.7714,0.46299999999999997,2
818420,124,1658,1,0,100,2.0934,0.6364,0.3012,2
886750,91,1658,1,0,100,1.959,0.5294,0.2482,2
612569,56,1362,1,0,70,1.7482,0.2727,0.1934,2
51871,83,1360,1,0,70,1.9191,0.8667,0.2288,2
607842,131,1698,0,1,90,2.1173,0.6522,0.3125,2
991305,313,1353,0,1,185,2.4955,0.8182,0.8391,2
661350,891,1353,0,1,185,2.9499,0.9419,0.9993,2
519949,134,1353,0,1,185,2.1271,0.68,0.3359,2
251733,230,1353,0,1,185,2.3617,0.84,0.6574,2
760111,120,1372,0,1,40,2.0792,0.1765,0.3945,2
961998,133,1372,0,1,40,2.1239,0.48,0.5378,2
335900,103,1372,0,1,40,2.0128,0.4545,0.4366,2
221505,170,1370,0,1,40,2.2304,0.5833,0.3977,2
783382,168,1374,0,1,40,2.2253,0.5806,0.6619,2
354328,125,1372,0,1,40,2.0969,-0.4091,0.4729,2
461681,201,1372,0,1,40,2.3032,0.6765,0.6173,2
932935,169,1372,0,1,40,2.2279,0.6539,0.3882,2
225009,150,1374,0,1,40,2.1761,0.3333,0.633,2
697651,103,1372,0,1,40,2.0128,0.0667,0.3509,2
538699,146,1372,0,1,40,2.1644,0.0526,0.5659,2
239823,294,1372,0,1,40,2.4683,0.6809,0.9361,2
250288,198,1372,0,1,40,2.2967,0.4615,0.6015,2
9979,192,1374,0,1,40,2.2833,0.5806,0.6619,2
296940,180,1376,0,1,40,2.2553,-0.1429,0.6236,2
779162,107,1372,0,1,40,2.0294,0.4737,0.3212,2
973519,182,1370,0,1,40,2.2601,0.6333,0.5461,2
789646,264,1374,0,1,40,2.4216,0.7143,0.7933,2
465194,213,1374,0,1,40,2.3284,0.4839,0.7844,2
270850,308,1374,0,1,40,2.4885,0.6667,0.7966,2
509208,265,1372,0,1,40,2.4232,0.8044,0.6781,2
533167,229,1372,0,1,40,2.3598,0.2759,0.8854,2
292303,270,1372,0,1,40,2.4314,0.6389,0.7512,2
602101,390,1372,0,1,40,2.5911,0.6458,0.9685,2
868481,217,1376,0,1,40,2.3365,0.4828,0.7079,2
170088,56,1356,0,1,40,1.7482,0.3636,0.1822,2
802506,114,1362,0,1,185,2.0569,0.1429,0.2901,2
867145,99,1360,0,1,175,1.9956,0.3333,0.266,2
239521,244,1358,0,1,175,2.3874,0.6364,0.6514,2
826146,56,1366,0,1,100,1.7482,0.2,0.1852,2
684725,303,1696,0,1,60,2.4814,0.3333,0.633,2
61988,308,1698,0,1,60,2.4885,0.5714,0.8153,2
131766,139,1696,0,1,60,2.1430000000000002,0.6087,0.3464,2
523060,187,1362,1,0,200,2.2718,0.4286,0.41700000000000004,2
334178,872,1387,0,1,40,2.9405,-0.9509,0.9987,2
143392,170,1687,0,1,200,2.2304,-0.7895,0.5029,2
497899,1753,1358,0,1,40,3.2438,-0.5265,1.0,2
2750,49,1358,0,1,50,1.6902,-0.2222,0.1687,2
578633,383,1376,0,1,40,2.5832,-0.4054,0.9681,2
383605,162,1360,0,1,40,2.2095,-0.7105,0.6839,2
528628,1107,1353,0,1,70,3.0442,-0.8561,1.0,2
61415,178,1353,0,1,70,2.2504,0.0,0.6574,2
237929,131,1227,0,1,40,2.1173,-0.9706,0.2482,2
813233,660,1360,1,0,80,2.8195,-0.9467,0.9975,2
792470,29,1358,0,1,50,1.4624,-0.7647,0.1734,2
196775,1228,1666,0,1,40,3.0892,0.1522,0.9999,2
218921,536,1670,0,1,40,2.7292,-0.8824,0.9979,2
372258,1695,1668,0,1,40,3.2292,-0.9409,1.0,2
943759,955,1666,0,1,40,2.98,-0.8440000000000001,1.0,2
518201,75,1664,0,1,40,1.8751,-0.4706,0.2699,2
216575,62,1370,1,0,80,1.7924,-0.65,0.2532,2
930582,68,1370,1,0,80,1.8325,-0.8461,0.2105,2
603579,78,1370,1,0,80,1.8921,-0.3333,0.3601,2
218133,49,1366,1,0,80,1.6902,-0.6875,0.1852,2
310701,57,1364,1,0,80,1.7559,-0.84,0.2061,2
225992,52,1360,1,0,80,1.716,-0.7895,0.1812,2
872891,77,1356,1,0,80,1.8865,-0.4706,0.2699,2
344448,46,1354,1,0,80,1.6628,-0.1111,0.1773,2
204330,59,1360,1,0,80,1.7708,-0.5294,0.2482,2
941449,4307,1360,1,0,100,3.6342,-0.9478,1.0,2
428598,11797,1358,1,0,100,4.0718,-0.9514,1.0,2
715563,10166,1360,1,0,100,4.0072,-0.9472,1.0,2
29296,359,1360,1,0,100,2.5551,-0.5714,0.9537,2
908493,6670,1356,1,0,100,3.8241,-0.9447,1.0,2
401687,981,1360,1,0,100,2.9917,-0.8681,1.0,2
267469,1535,1358,1,0,100,3.1861,-0.9086,1.0,2
511916,15775,1354,1,0,100,4.198,-0.9739,1.0,2
132323,1851,1352,1,0,100,3.2674,-0.9592,1.0,2
929426,343,1358,0,1,40,2.5353,-0.9158,0.9549,2
828164,194,1356,0,1,40,2.2878,-0.8947,0.5659,2
243938,527,1358,0,1,40,2.7218,-0.8962,0.9969,2
914544,368,1356,0,1,40,2.5659,-0.92,0.965,2
928820,130,1362,0,1,40,2.1139,-0.85,0.3977,2
485691,226,1360,0,1,40,2.3541,-0.8542,0.556,2
447667,3256,1356,0,1,40,3.5127,-0.9604,1.0,2
149237,202,1360,0,1,40,2.3054,-0.9315,0.6031,2
769204,122,1356,0,1,40,2.0864,-0.9138,0.4796,2
207014,119,1356,0,1,40,2.0756,-0.7037,0.3601,2
737527,111,1358,0,1,40,2.0453,-0.8461,0.3882,2
919617,55,1387,0,1,40,1.7404,0.5,0.204,2
209222,1111,1627,0,1,40,3.0457,0.5343,1.0,2
816699,665,1627,0,1,40,2.8228,0.3571,0.9961,2
708384,512,1627,0,1,40,2.7093,0.5116,0.9821,2
566090,2243,1627,0,1,40,3.3508,0.3366,1.0,2
495115,181,1354,0,1,40,2.2577,-0.2273,0.6173,2
821224,144,1646,1,0,80,2.1584,-0.1177,0.4219,2
243453,126,1353,0,1,185,2.1004,0.1429,0.2901,2
13727,197,1353,0,1,185,2.2945,0.1765,0.3945,2
558856,172,1387,0,1,40,2.2355,0.0,0.374,2
251300,66,1687,1,0,80,1.8195,0.2,0.1852,2
616101,68,1687,1,0,80,1.8325,-0.1818,0.2051,2
22405,64,1687,1,0,80,1.8062,-0.2,0.1852,2
953430,60,1687,1,0,70,1.7781,0.0,0.1862,2
461067,48,1687,1,0,70,1.6812,0.1111,0.1773,2
558634,31,1687,1,0,70,1.4914,-0.25,0.1551,2
223204,69,1687,1,0,70,1.8389,0.1,0.1954,2
152475,87,1687,1,0,100,1.9395,0.0,0.23,2
502930,70,1687,1,0,100,1.8451,0.0909,0.2173,2
735374,85,1687,1,0,100,1.9294,0.3846,0.2105,2
379817,54,1687,1,0,100,1.7324,-0.1111,0.1773,2
761236,41,1687,1,0,100,1.6128,-0.4545,0.1715,2
319935,57,1687,1,0,100,1.7559,-0.3636,0.1822,2
340889,170,1353,1,0,50,2.2304,0.4762,0.3834,2
585165,258,1353,1,0,50,2.4116,0.4231,0.6422,2
147450,198,1353,0,1,50,2.2967,0.0,0.4779,2
317590,128,1364,1,0,70,2.1072,0.1333,0.3285,2
457965,68,1364,1,0,70,1.8325,-0.1818,0.2051,2
580285,113,1362,1,0,70,2.0531,0.0667,0.3509,2
629257,212,1362,1,0,70,2.3263,0.2727,0.5822,2
165611,60,1364,1,0,70,1.7781,0.2,0.1852,2
443420,99,1362,1,0,70,1.9956,-0.0833,0.2432,2
450370,74,1364,1,0,70,1.8692,-0.0833,0.2432,2
273379,101,1366,1,0,70,2.0043,0.0625,0.3977,2
409198,216,1364,1,0,70,2.3345,0.5667,0.6422,2
352046,57,1364,1,0,70,1.7559,-0.1,0.1954,2
424138,86,1356,1,0,70,1.9345,-0.0833,0.2432,2
157012,210,1650,1,0,69,2.3222,0.0,0.4779,2
756928,110,1648,1,0,69,2.0414,0.0,0.2583,2
962885,66,1690,1,0,150,1.8195,-0.2,0.1852,2
475885,33,1688,1,0,150,1.5185,0.0,0.156,2
973754,92,1688,1,0,150,1.9638,0.1667,0.2288,2
78581,111,1690,1,0,150,2.0453,-0.0714,0.3097,2
416927,140,1690,1,0,150,2.1461,-0.0667,0.3509,2
925018,74,1652,1,0,100,1.8692,0.1818,0.2051,2
842997,476,1666,1,0,100,2.6776,0.0,0.8958,2
609057,59,1656,1,0,100,1.7708,0.2,0.1852,2
277950,124,1656,1,0,100,2.0934,0.0769,0.2739,2
928808,119,1658,1,0,100,2.0756,0.0769,0.2739,2
814101,1222,1654,1,0,80,3.0871,0.1429,1.0,2
642094,64,1656,1,0,80,1.8062,-0.2,0.1852,2
94627,100,1652,1,0,80,2.0,0.0833,0.2432,2
673148,155,1654,1,0,80,2.1903,-0.1765,0.3945,2
504188,1284,1648,1,0,80,3.1086,0.3667,1.0,2
984178,82,1696,1,0,100,1.9138,0.0,0.23,2
550587,69,1688,1,0,100,1.8389,-0.1818,0.2051,2
996711,68,1618,1,0,70,1.8325,0.2727,0.1934,2
854813,191,1666,0,1,40,2.281,0.2222,0.41700000000000004,2
448223,456,1668,0,1,40,2.659,0.3548,0.8927,2
596884,114,1666,0,1,40,2.0569,0.3333,0.266,2
987945,55,1362,0,1,175,1.7404,0.1111,0.1773,2
352760,85,1396,0,1,120,1.9294,0.0,0.23,2
855247,54,1360,0,1,40,1.7324,0.0,0.1862,2
442515,118,1358,0,1,40,2.0719,0.0769,0.2739,2
42227,54,1692,0,1,70,1.7324,0.1,0.1954,2
575182,98,1356,0,1,40,1.9912,0.25,0.215,2
901329,183,1358,0,1,40,2.2624,0.4286,0.41700000000000004,2
271825,576,1362,0,1,40,2.7604,0.3529,0.9513,2
144863,451,1354,0,1,40,2.6542,0.0385,0.9104,2
400181,194,1694,1,0,80,2.2878,0.0588,0.4498,2
75315,73,1694,0,1,60,1.8633,0.0,0.2061,2
713200,86,1694,0,1,60,1.9345,-0.0909,0.2173,2
514239,137,1692,0,1,60,2.1367,0.0,0.33,2
160247,71,1698,0,1,60,1.8513,-0.2727,0.1934,2
808689,33,1698,0,1,60,1.5185,-0.1429,0.1499,2
106686,75,1696,0,1,60,1.8751,0.3333,0.2018,2
459202,59,1696,0,1,60,1.7708,-0.1111,0.1773,2
700813,638,1364,1,0,80,2.8048,0.0313,0.99,2
6606,106,1358,0,1,40,2.0253,0.375,0.2792,2
876615,143,1362,0,1,40,2.1553,0.0,0.33,2
107219,178,1360,0,1,40,2.2504,-0.1177,0.4219,2
579051,190,1360,0,1,40,2.2787,0.3,0.46299999999999997,2
956200,305,1360,0,1,40,2.4843,-0.2963,0.8029999999999999,2
190610,125,1356,1,0,200,2.0969,-0.1429,0.2901,2
28522,479,1692,0,1,300,2.6803,0.6154,0.9998,2
752716,1695,1692,0,1,300,3.2292,0.5213,1.0,2
588215,326,1692,0,1,300,2.5132,0.7292,0.8952,2
620400,204,1692,0,1,300,2.3096,0.7027,0.6678,2
742248,714,1692,0,1,300,2.8537,0.6377,0.9999,2
200199,297,1692,0,1,300,2.4728,0.6,0.9048,2
480576,301,1692,0,1,300,2.4786,0.5714,0.8153,2
681658,218,1692,0,1,300,2.3385,0.4074,0.7037,2
814897,744,1692,0,1,300,2.8716,0.5614,0.9994,2
70600,174,1692,0,1,300,2.2406,0.2,0.5296,2
290465,168,1692,0,1,300,2.2253,0.4615,0.6015,2
623432,703,1692,0,1,300,2.847,0.5246,0.9999,2
105159,460,1692,0,1,300,2.6628,0.6047,0.9457,2
260588,509,1692,0,1,300,2.7067,0.5961,0.9949,2
967924,192,1692,0,1,300,2.2833,0.4074,0.7037,2
762586,305,1692,0,1,300,2.4843,0.7609,0.7955,2
276564,323,1692,0,1,300,2.5092,0.6939,0.9471,2
995788,123,1692,0,1,300,2.0899,0.2941,0.3419,2
579620,200,1692,0,1,300,2.301,0.52,0.4963,2
534158,833,1692,0,1,300,2.9207,0.6571,0.9999,2
533659,196,1692,0,1,300,2.2923,0.28,0.7281,2
680508,430,1692,0,1,300,2.6335,0.4146,0.9895,2
551931,549,1692,0,1,300,2.7396,0.7193,0.9831,2
653920,1570,1692,0,1,300,3.1959,0.5581,1.0,2
921769,2293,1353,0,1,300,3.3604,0.7714,1.0,2
259667,4860,1353,0,1,300,3.6866,0.8562,1.0,2
632158,6102,1353,0,1,300,3.7855,0.7917,1.0,2
336351,122,1394,0,1,120,2.0864,0.4348,0.4946,2
522654,279,1396,0,1,120,2.4456,0.6667,0.8705,2
422103,461,1396,0,1,120,2.6637,0.5294,0.9979,2
462590,87,1690,0,1,70,1.9395,0.25,0.3241,2
87415,99,1692,0,1,70,1.9956,-0.1111,0.4763,2
621529,1421,1692,0,1,70,3.1526,0.8412,1.0,2
279896,87,1690,0,1,70,1.9395,0.3333,0.266,2
509870,137,1692,0,1,70,2.1367,0.3913,0.5329,2
993782,171,1362,0,1,40,2.233,0.6786,0.41700000000000004,2
694461,229,1362,0,1,40,2.3598,0.2857,0.5212,2
526820,2962,1362,0,1,40,3.4716,0.8921,1.0,2
316723,318,1687,1,0,80,2.5024,0.8871,0.7065,2
510004,353,1387,0,1,50,2.5478,0.6486,0.767,2
798687,115,1387,0,1,50,2.0607,0.5263,0.2942,2
915965,101,1387,0,1,50,2.0043,0.7931,0.2984,2
994814,1934,1353,0,1,70,3.2865,0.9463,1.0,2
990585,148,1353,0,1,70,2.1703,0.9138,0.4796,2
570087,260,1353,0,1,70,2.415,0.75,0.9236,2
547821,3325,1353,0,1,70,3.5218,0.8565,1.0,2
404043,309,1353,0,1,70,2.49,0.7966,0.9373,2
385022,247,1353,0,1,70,2.3927,0.575,0.9254,2
488284,102,1715,0,1,50,2.0086,0.4667,0.2288,2
397334,297,1353,0,1,70,2.4728,0.6389,0.7512,2
654900,5323,1715,0,1,50,3.7262,0.84,1.0,2
927667,52,1688,1,0,60,1.716,0.4615,0.1965,2
676119,200,1686,1,0,60,2.301,0.4583,0.5162,2
983960,468,1692,1,0,70,2.6702,0.6531,0.9718,2
729849,652,1688,1,0,70,2.8142,0.4565,0.9965,2
954556,93,1692,1,0,70,1.9685,0.3571,0.2359,2
618519,6965,1686,1,0,70,3.8429,0.6716,1.0,2
8896,244,1652,1,0,69,2.3874,-0.1154,0.8778,2
609732,51,1652,1,0,69,1.7076,-0.7368,0.2007,2
610105,80,1692,1,0,143,1.9031,-0.6956,0.2806,2
732671,121,1360,0,1,180,2.0828,-0.0714,0.3097,2
960906,99,1378,0,1,40,1.9956,-0.6667,0.3241,2
580223,252,1378,0,1,40,2.4014,0.2609,0.6438,2
352483,55,1374,0,1,40,1.7404,-0.7368,0.2007,2
555563,3432,1366,0,1,40,3.5356,0.6333,1.0,2
122158,271,1370,0,1,40,2.4330000000000003,-0.5641,0.9172,2
932538,89,1370,0,1,40,1.9494,0.1539,0.257,2
985673,131,1346,0,1,40,2.1173,0.0,0.33,2
896423,138,1348,0,1,40,2.1399,0.4348,0.4946,2
586714,68,1354,0,1,40,1.8325,0.3077,0.2253,2
266960,90,1354,0,1,40,1.9542,0.5,0.2384,2
816714,72,1352,0,1,40,1.8573,-0.625,0.3601,2
747844,57,1352,0,1,40,1.7559,0.4167,0.1892,2
482768,63,1350,0,1,40,1.7993,0.1818,0.2051,2
330656,105,1354,0,1,40,2.0212,0.8611,0.3068,2
675024,86,1352,0,1,40,1.9345,0.8077,0.2408,2
42651,74,1352,0,1,40,1.8692,0.9091,0.2051,2
503736,82,1374,0,1,40,1.9138,-0.9546,0.1934,2
208352,75,1376,0,1,40,1.8751,-0.8667,0.2288,2
10644,82,1630,1,0,100,1.9138,-0.7826,0.223,2
335842,126,1630,1,0,100,2.1004,0.4545,0.4366,2
227055,18,1694,1,0,100,1.2553,0.2,0.1322,2
189539,35,1362,0,1,180,1.5441,-0.6154,0.1706,2
43726,129,1354,0,1,50,2.1106,-0.6563,0.5822,2
902503,90,1353,1,0,50,1.9542,-0.3333,0.3601,2
228575,824,1694,1,0,80,2.9159,-0.2222,0.9998,2
112647,1939,1692,1,0,80,3.2876,-0.5667,1.0,2
229747,392,1360,1,0,150,2.5933,0.6154,0.8682,2
305756,836,1360,1,0,150,2.9222,0.84,0.9998,2
312446,159,1687,1,0,80,2.2014,0.44,0.5789,2
757181,113,1687,1,0,80,2.0531,0.0,0.2583,2
812492,114,1687,1,0,80,2.0569,0.3333,0.266,2
979745,116,1687,1,0,80,2.0645,0.3333,0.266,2
293621,169,1687,1,0,80,2.2279,0.6667,0.3241,2
646222,3583,1687,1,0,80,3.5543,0.9325,1.0,2
214577,1613,1687,1,0,80,3.2076,0.875,1.0,2
549099,745,1687,1,0,80,2.8722,0.9032,0.9996,2
956457,1949,1687,1,0,80,3.2898,0.8571,1.0,2
547143,806,1687,1,0,80,2.9063,0.9124,0.9999,2
424215,709,1687,1,0,80,2.8507,0.9167,0.9886,2
743956,949,1687,1,0,80,2.9773,0.8803,0.9999,2
763254,1183,1687,1,0,80,3.073,0.9103,1.0,2
997363,996,1687,1,0,80,2.9983,0.8824,0.9999,2
960548,754,1687,1,0,80,2.8774,0.8641,0.9995,2
600600,862,1687,1,0,80,2.9355,0.875,0.9998,2
923798,61,1687,1,0,80,1.7853,-0.3333,0.2018,2
919168,169,1687,1,0,80,2.2279,0.775,0.5951,2
414700,54,1467,1,0,100,1.7324,-0.0769,0.2739,2
568284,333,1623,1,0,100,2.5224,-0.0435,0.7955,2
438773,369,1687,0,1,150,2.5669999999999997,0.5,0.8627,2
985183,360,1687,0,1,200,2.5563,0.2,0.9419,2
924299,185,1687,0,1,200,2.2672,0.7419,0.4106,2
726515,226,1373,0,1,40,2.3541,0.5926,0.4913,2
43279,37334,1387,0,1,40,4.5721,0.6748,1.0,2
731311,230,1353,0,1,70,2.3617,0.25,0.8705,2
619404,1467,1353,0,1,70,3.1664,0.4286,0.9999,2
574581,1283,1353,0,1,70,3.1082,0.7347,1.0,2
651090,107,1353,0,1,70,2.0294,0.76,0.266,2
928880,788,1353,0,1,70,2.8965,0.9008,0.9999,2
399092,419,1353,0,1,70,2.6222,0.7368,0.9755,2
954107,184,1353,0,1,70,2.2648,0.4545,0.4366,2
664213,260,1353,0,1,70,2.415,0.5143,0.8756,2
447123,747,1280,1,0,100,2.8733,0.7324,0.9991,2
553286,1002,1633,0,1,300,3.0009,-0.4462,1.0,2
746656,138,1633,0,1,250,2.1399,0.6,0.4138,2
923569,191,1627,0,1,40,2.281,0.0625,0.3977,2
711514,1055,1687,1,0,80,3.0233,0.3273,1.0,2
594060,64,1690,1,0,60,1.8062,0.4667,0.2288,2
599473,109,1692,1,0,70,2.0374,-0.3889,0.3329,2
9498,63,1690,1,0,70,1.7993,0.1,0.1954,2
398367,147,1690,1,0,70,2.1673,0.5,0.3359,2
267062,77,1692,1,0,70,1.8865,0.4667,0.2288,2
248615,137,1690,1,0,70,2.1367,0.4211,0.3494,2
306164,101,1692,1,0,70,2.0043,0.0833,0.2432,2
261813,2782,1688,1,0,70,3.4444,-0.84,1.0,2
861937,293,1364,1,0,70,2.4669,-0.2759,0.8854,2
203706,78,1364,1,0,70,1.8921,0.1539,0.257,2
953049,74,1364,1,0,70,1.8692,-0.7273,0.2432,2
895601,6019,1364,1,0,70,3.7795,-0.1681,1.0,2
998392,83,1650,1,0,70,1.9191,-0.25,0.215,2
275706,72,1650,1,0,70,1.8573,-0.0909,0.2173,2
23348,73,1652,1,0,70,1.8633,0.0,0.2583,2
85348,278,1654,1,0,70,2.444,0.5161,0.7474,2
602323,80,1652,1,0,70,1.9031,-0.7917,0.2288,2
971921,83,1652,1,0,70,1.9191,0.1429,0.2901,2
827233,409,1654,1,0,70,2.6117,0.6383,0.9648,2
928624,102,1650,1,0,70,2.0086,0.0,0.2914,2
512935,55,1650,1,0,70,1.7404,0.1111,0.1773,2
353862,155,1650,1,0,70,2.1903,-0.2609,0.6438,2
83284,57,1650,1,0,70,1.7559,0.2,0.1852,2
985362,74,1652,1,0,100,1.8692,0.4615,0.1965,2
199143,145,1650,1,0,100,2.1614,0.5238,0.3509,2
565232,82,1712,1,0,100,1.9138,0.0909,0.2173,2
513786,53,1710,1,0,100,1.7243,-0.5333,0.2116,2
455197,71,1364,1,0,120,1.8513,0.0769,0.2739,2
174303,78,1652,1,0,80,1.8921,0.25,0.215,2
519571,89,1652,1,0,80,1.9494,0.0909,0.2173,2
364532,149,1656,1,0,80,2.1732,0.25,0.3241,2
913406,784,1648,1,0,80,2.8943,0.0,1.0,2
866768,52,1620,1,0,70,1.716,-0.125,0.1622,2
917756,88,1692,1,0,70,1.9445,-0.375,0.2792,2
115067,150,1360,0,1,40,2.1761,0.5833,0.3977,2
366439,110,1360,0,1,40,2.0414,0.0,0.2583,2
100077,42,1360,0,1,40,1.6233,0.4545,0.1715,2
545278,66,1360,0,1,40,1.8195,0.2,0.1852,2
489329,49,1360,0,1,40,1.6902,0.5,0.1773,2
123469,289,1374,0,1,40,2.4609,0.7,0.7659,2
457119,657,1374,0,1,40,2.8176,0.6613,0.9987,2
754613,45,1358,0,1,130,1.6532,0.3,0.1753,2
719993,25,1360,0,1,130,1.3979,0.2857,0.1441,2
330424,81,1360,0,1,130,1.9085,0.4667,0.2288,2
462499,68,1360,0,1,130,1.8325,0.4615,0.1965,2
675075,366,1360,0,1,130,2.5635,0.3793,0.8123,2
907322,193,1360,0,1,40,2.2856,0.4286,0.41700000000000004,2
934487,415,1360,0,1,40,2.6181,0.5143,0.8756,2
923853,54,1366,0,1,185,1.7324,0.0,0.1862,2
284177,73,1356,0,1,175,1.8633,0.75,0.2061,2
411907,224,1690,0,1,70,2.3503,0.5172,0.6663,2
388392,345,1694,0,1,70,2.5378,-0.4815,0.9997,2
823935,263,1690,0,1,70,2.42,0.5484,0.7065,2
694038,68,1692,0,1,70,1.8325,0.4667,0.2288,2
154806,121,1356,0,1,40,2.0828,-0.1429,0.2901,2
175962,103,1694,1,0,80,2.0128,-0.0833,0.2432,2
333368,139,1356,0,1,40,2.1430000000000002,0.72,0.2998,2
763472,139,1362,1,0,200,2.1430000000000002,0.6923,0.3479,2
14221,161,1364,1,0,200,2.2068,0.2353,0.3678,2
689182,168,1360,1,0,200,2.2253,-0.4211,0.3494,2
175287,980,1356,1,0,200,2.9912,-0.5556,0.9999,2
193158,150,1356,1,0,200,2.1761,0.4,0.3977,2
337593,19818,1358,1,0,200,4.2971,0.2618,1.0,2
410821,249,1356,1,0,200,2.3962,0.3667,0.8563,2
188586,206,1632,1,0,200,2.3139,-0.4828,0.7079,2
725571,282,1356,1,0,200,2.4502,0.0435,0.7955,2
557594,206,1614,1,0,200,2.3139,0.2857,0.8479,2
289481,250,1353,0,1,70,2.3979,0.9231,0.5378,2
197613,170,1333,0,1,40,2.2304,0.7273,0.4913,2
599598,71,1623,1,0,100,1.8513,-0.1539,0.257,2
864436,1241,1650,1,0,69,3.0938,-0.2394,1.0,2
422557,60,1654,1,0,69,1.7781,-0.8461,0.2105,2
792631,65,1648,1,0,69,1.8129,-0.0909,0.2173,2
1623,265,1692,0,1,70,2.4232,-0.6744,0.8806,2
115011,1970,1346,1,0,100,3.2945,0.745,1.0,2
955539,235,1362,0,1,40,2.3711,0.6342,0.8894,2
441310,91,1364,0,1,40,1.959,0.3333,0.266,2
81746,3042,1360,0,1,200,3.4832,0.7782,1.0,2
499019,2691,1356,0,1,200,3.4299,0.7952,1.0,2
178136,1126,1360,0,1,200,3.0515,0.75,1.0,2
715467,51,1358,0,1,200,1.7076,-0.2727,0.1934,2
703348,69,1358,0,1,200,1.8389,-0.3571,0.2359,2
515876,2822,1360,0,1,200,3.4506,0.7381,1.0,2
414931,62,1360,0,1,200,1.7924,-0.5294,0.2482,2
287821,8035,1360,0,1,200,3.905,0.6517,1.0,2
330921,64,1360,0,1,200,1.8062,-0.6667,0.215,2
24571,1760,1360,0,1,200,3.2455,0.8523,1.0,2
124984,1170,1362,0,1,200,3.0682,0.9467,0.9997,2
67940,6156,1362,0,1,200,3.7893,0.5133,1.0,2
222288,104,1362,0,1,200,2.017,0.0667,0.3509,2
105251,414,1360,0,1,200,2.617,0.8461,0.9856,2
375129,160,1394,0,1,220,2.2041,0.6667,0.4025,2
339920,938,1392,0,1,220,2.9722,0.7067,0.9999,2
756337,407,1394,0,1,220,2.6096,0.8065,0.95,2
646668,500,1392,0,1,220,2.699,0.8028,0.9902,2
496667,188,1392,0,1,220,2.2742,0.3462,0.7174,2
116990,532,1392,0,1,220,2.7259,0.6774,0.9981,2
93848,952,1394,0,1,220,2.9786,0.7701,0.9999,2
974773,1499,1392,0,1,220,3.1758,0.8726,1.0,2
843709,1006,1392,0,1,220,3.0026,0.679,1.0,2
78064,1275,1394,0,1,220,3.1055,0.8037,1.0,2
794295,1994,1394,0,1,220,3.2997,0.8726,1.0,2
578120,3297,1394,0,1,220,3.5181,0.773,1.0,2
113023,2281,1394,0,1,220,3.3581,0.7727,1.0,2
179313,1058,1396,0,1,220,3.0245,0.8271,1.0,2
269958,103,1690,0,1,70,2.0128,-0.5263,0.2942,2
140886,160,1690,0,1,70,2.2041,-0.7222,0.5951,2
347308,182,1630,0,1,140,2.2601,0.0556,0.5063,2
123953,347,1362,0,1,40,2.5403,0.7447,0.8513,2
57409,110,1387,0,1,40,2.0414,0.0,0.33,2
867394,145,1387,0,1,40,2.1614,-0.1818,0.6514,2
618620,146,1387,0,1,40,2.1644,-0.1053,0.5345,2
736332,140,1387,0,1,40,2.1461,-0.1875,0.3479,2
856523,205,1387,0,1,40,2.3117,0.6552,0.4796,2
563887,226,1387,0,1,40,2.3541,-0.05,0.6268,2
568593,113,1387,0,1,40,2.0531,0.55,0.3068,2
84012,151,1387,0,1,40,2.1790000000000003,0.0,0.4235,2
281752,132,1387,0,1,40,2.1206,0.1053,0.5345,2
665350,230,1387,0,1,40,2.3617,0.375,0.5951,2
507328,110,1387,0,1,40,2.0414,0.6191,0.2901,2
399645,158,1373,0,1,40,2.1987,0.5,0.4009,2
429826,166,1373,0,1,40,2.2201,0.3636,0.5096,2
350522,133,1387,0,1,40,2.1239,-0.2353,0.3678,2
962145,128,1373,0,1,40,2.1072,0.2632,0.4399,2
278987,217,1373,0,1,40,2.3365,0.2,0.5296,2
952657,127,1373,0,1,40,2.1038,0.3333,0.3601,2
194371,117,1373,0,1,40,2.0682,0.3333,0.266,2
153912,114,1373,0,1,40,2.0569,-0.0714,0.3097,2
733285,140,1373,0,1,40,2.1461,0.4762,0.3834,2
726429,141,1373,0,1,40,2.1492,0.3333,0.3601,2
300531,130,1373,0,1,40,2.1139,0.25,0.3241,2
866073,128,1373,0,1,40,2.1072,0.8809,0.3509,2
308681,65,1648,1,0,69,1.8129,-0.8148,0.2469,2
397333,106,1654,1,0,100,2.0253,0.2667,0.28600000000000003,2
456281,243,1602,0,1,40,2.3856,0.1852,0.8749,2
994847,294,1602,0,1,40,2.4683,-0.0454,0.7436,2
421302,373,1604,0,1,40,2.5717,0.1786,0.9071,2
826325,203,1600,0,1,40,2.3075,-0.28,0.7281,2
342939,152,1600,0,1,40,2.1818,-0.3043,0.6079,2
320614,359,1360,1,0,300,2.5551,-0.46,0.9991,2
203331,54,1358,1,0,300,1.7324,0.1,0.1954,2
423404,162,1623,1,0,100,2.2095,-0.5,0.8019,2
328711,2059,1387,0,1,40,3.3137,0.8,1.0,2
557559,1981,1387,0,1,40,3.2969,0.0368,1.0,2
306165,67,1354,1,0,70,1.8261,-0.1667,0.2288,2
597792,838,1358,1,0,70,2.9232,0.7237,0.9998,2
656571,59,1356,1,0,70,1.7708,-0.1,0.1954,2
963438,624,1356,1,0,70,2.7952,0.6364,0.9998,2
360458,80,1358,1,0,70,1.9031,-0.2941,0.3419,2
942578,55,1354,1,0,70,1.7404,0.1818,0.2051,2
121522,62,1358,1,0,70,1.7924,0.5714,0.1892,2
241216,70,1356,1,0,70,1.8451,0.0909,0.2173,2
423372,77,1354,1,0,70,1.8865,-0.6956,0.2806,2
57738,543,1350,1,0,70,2.7348,-0.5574,0.9999,2
465393,86,1350,1,0,70,1.9345,0.6316,0.2445,2
494190,529,1354,1,0,70,2.7235,-0.0938,0.9848,2
981544,463,1360,0,1,130,2.6656,0.68,0.965,2
577194,563,1358,0,1,175,2.7505,-0.6486,1.0,2
467455,289,1358,0,1,175,2.4609,-0.3636,0.9312,2
58809,366,1358,0,1,175,2.5635,-0.4773,0.9913,2
574989,206,1358,0,1,175,2.3139,-0.3478,0.5708,2
203401,269,1364,0,1,50,2.4297,-0.2059,0.9838,2
40590,236,1364,0,1,50,2.3729,0.1304,0.7411,2
661077,238,1364,0,1,50,2.3766,-0.4828,0.7079,2
884064,243,1364,0,1,50,2.3856,0.1364,0.6839,2
368013,337,1362,0,1,50,2.5276,-0.0588,0.9947,2
227240,254,1362,0,1,50,2.4048,-0.5882,0.7609999999999999,2
405960,212,1364,0,1,50,2.3263,-0.0968,0.9775,2
262720,361,1362,0,1,50,2.5575,-0.0357,0.9537,2
703761,128,1360,0,1,40,2.1072,-0.3684,0.3787,2
95498,128,1358,0,1,40,2.1072,-0.3684,0.3787,2
690637,649,1360,0,1,40,2.8122,0.2292,0.9999,2
970839,288,1356,0,1,40,2.4594,-0.3636,0.9312,2
374223,434,1358,0,1,40,2.6375,-0.1818,0.9806,2
932956,383,1354,0,1,40,2.5832,-0.4048,0.9932,2
567169,203,1354,0,1,40,2.3075,-0.05,0.6268,2
846063,1666,1356,0,1,40,3.2217,-0.5657,1.0,2
697349,617,1354,0,1,40,2.7903,0.6066,0.9996,2
440934,204,1358,0,1,40,2.3096,0.0,0.8958,2
246068,160,1356,0,1,40,2.2041,0.0526,0.5659,2
591598,146,1356,0,1,40,2.1644,-0.2632,0.4399,2
644461,235,1356,0,1,40,2.3711,-0.0952,0.6559,2
361793,106,1387,0,1,40,2.0253,0.0,0.2583,2
325959,54,1358,1,0,100,1.7324,0.5,0.204,2
452810,56,1360,1,0,100,1.7482,-0.5,0.204,2
79644,1182,1360,1,0,100,3.0726,-0.12,1.0,2
818836,66,1362,1,0,120,1.8195,0.0,0.1862,2
591122,4758,1364,1,0,120,3.6774,0.9362,1.0,2
666063,84,1362,1,0,120,1.9243,0.4375,0.2583,2
240038,67,1362,1,0,120,1.8261,-0.2,0.1852,2
57836,35,1356,0,1,50,1.5441,-0.2222,0.1687,2
812861,53,1358,1,0,300,1.7243,0.0,0.2061,2
823544,59,1360,1,0,300,1.7708,0.0,0.2914,2
765311,74,1358,1,0,300,1.8692,0.2941,0.3419,2
436176,74,1358,1,0,300,1.8692,-0.5625,0.2195,2
874510,68,1360,1,0,300,1.8325,-0.0909,0.2173,2
763678,73,1360,1,0,300,1.8633,0.4,0.2469,2
316280,62,1360,1,0,300,1.7924,-0.25,0.215,2
337444,52,1360,1,0,300,1.716,-0.1111,0.1773,2
493834,61,1360,1,0,300,1.7853,-0.3889,0.3329,2
101206,96,1358,1,0,300,1.9823,-0.4444,0.3068,2
225051,61,1623,1,0,100,1.7853,-0.3846,0.2105,2
94685,240,1356,1,0,120,2.3802,0.0909,0.7147,2
912161,220,1686,1,0,143,2.3424,0.4348,0.4946,2
607781,34,1366,0,1,60,1.5315,-0.7143,0.1622,2
416781,148,1362,0,1,175,2.1703,0.625,0.3601,2
728393,103,1358,0,1,40,2.0128,-0.5938,0.6809999999999999,2
991628,55,1354,0,1,40,1.7404,0.4615,0.1965,2
872765,365,1710,1,0,100,2.5623,0.5641,0.9172,2
544665,109,1708,1,0,100,2.0374,0.5556,0.2583,2
459667,36,1694,1,0,211,1.5563,0.4615,0.1965,2
547266,68,1364,0,1,130,1.8325,0.5714,0.1892,2
409229,85,1366,0,1,175,1.9294,0.6111,0.2359,2
608467,126,1364,0,1,100,2.1004,0.55,0.3068,2
708261,101,1694,0,1,70,2.0043,0.7037,0.3601,2
225681,583,1366,0,1,40,2.7657,0.9359999999999999,0.9905,2
6387,92,1356,1,0,300,1.9638,0.1539,0.257,2
908151,131,1354,1,0,300,2.1173,-0.1429,0.2901,2
64706,135,1356,1,0,300,2.1303,0.45,0.3663,2
253497,83,1353,0,1,200,1.9191,0.72,0.2998,2
658862,39,1353,0,1,200,1.5911,-0.5454,0.1613,2
83039,32,1353,0,1,200,1.5051,-0.5556,0.1449,2
174578,42,1353,0,1,200,1.6233,-0.3636,0.1822,2
915645,119,1353,0,1,200,2.0756,0.3889,0.3329,2
872231,36,1353,0,1,200,1.5563,0.2222,0.1687,2
601655,64,1353,0,1,200,1.8062,0.6471,0.2083,2
290192,42,1353,0,1,200,1.6233,0.4167,0.1892,2
243947,57,1353,0,1,200,1.7559,0.1818,0.2051,2
924159,34,1353,0,1,200,1.5315,0.3636,0.1822,2
371534,39,1353,0,1,200,1.5911,0.125,0.1622,2
165613,301,1353,0,1,200,2.4786,-0.2308,0.8102,2
287056,105,1353,0,1,100,2.0212,0.55,0.3068,2
730046,126,1353,0,1,100,2.1004,0.2353,0.3678,2
852758,102,1353,0,1,100,2.0086,-0.375,0.2792,2
599180,225,1353,0,1,100,2.3522,0.4839,0.7844,2
77553,130,1353,0,1,100,2.1139,-0.7,0.4465,2
443634,121,1353,0,1,100,2.0828,0.6897,0.4317,2
410933,116,1353,0,1,100,2.0645,0.7407,0.3197,2
222211,101,1353,0,1,100,2.0043,0.375,0.2792,2
547670,155,1353,0,1,100,2.1903,0.4545,0.4366,2
147937,137,1353,0,1,100,2.1367,0.6,0.4138,2
234194,227,1353,0,1,100,2.356,0.7105,0.6839,2
296469,145,1353,0,1,100,2.1614,0.75,0.5362,2
340085,111,1353,0,1,100,2.0453,0.7308,0.3097,2
847026,117,1353,0,1,100,2.0682,0.6522,0.3125,2
119103,108,1353,0,1,100,2.0334,0.55,0.3068,2
560674,116,1353,0,1,100,2.0645,-0.6,0.4138,2
371940,53,1692,1,0,70,1.7243,0.5,0.1773,2
126451,60,1690,1,0,70,1.7781,-0.95,0.1852,2
320511,98,1692,1,0,70,1.9912,0.6316,0.2445,2
2039,63,1690,1,0,70,1.7993,-0.8889,0.1862,2
567540,52,1690,1,0,70,1.716,-0.8571,0.1687,2
113239,92,1690,1,0,70,1.9638,-0.9286,0.2359,2
759302,86,1692,1,0,70,1.9345,0.2222,0.41700000000000004,2
316533,95,1692,1,0,70,1.9777,0.0833,0.2432,2
68580,81,1692,1,0,70,1.9085,0.0833,0.2432,2
818111,54,1692,1,0,70,1.7324,-0.8636,0.1715,2
414659,795,1692,1,0,70,2.9004,-0.991,0.9905,2
677871,52,1692,1,0,70,1.716,-0.8636,0.1715,2
898890,68,1692,1,0,70,1.8325,-0.9063,0.2018,2
430716,51,1690,1,0,70,1.7076,-0.8636,0.1715,2
581756,65,1688,1,0,70,1.8129,-0.95,0.1852,2
593616,86,1690,1,0,70,1.9345,-0.9118,0.2083,2
638001,55,1690,1,0,70,1.7404,0.3333,0.2018,2
939283,173,1692,1,0,70,2.238,-0.9559,0.3419,2
710691,76,1688,1,0,70,1.8808,0.0,0.2061,2
219260,56,1692,1,0,70,1.7482,-0.1,0.1954,2
924098,58,1690,1,0,70,1.7634,-0.8965,0.1923,2
555152,53,1690,1,0,70,1.7243,-0.9063,0.2018,2
293964,59,1690,1,0,70,1.7708,-0.9286,0.2359,2
110272,64,1692,1,0,70,1.8062,-0.9063,0.2018,2
406551,54,1362,1,0,70,1.7324,-0.9474,0.1812,2
589717,209,1370,1,0,69,2.3201,-0.3333,0.7729,2
841555,156,1370,1,0,69,2.1931,-0.1905,0.5903,2
398893,55,1372,1,0,69,1.7404,-0.7222,0.1954,2
698509,74,1366,1,0,69,1.8692,-0.5652,0.3819,2
199498,51,1364,1,0,69,1.7076,-0.2727,0.1934,2
315713,77,1650,1,0,69,1.8865,-0.6471,0.2083,2
429851,83,1650,1,0,69,1.9191,-0.55,0.3068,2
840034,91,1688,1,0,150,1.959,0.4118,0.2928,2
129296,35,1686,1,0,150,1.5441,0.2,0.1852,2
767187,167,1688,1,0,150,2.2227,0.7273,0.4913,2
344267,194,1688,1,0,150,2.2878,0.6333,0.5461,2
453968,35,1658,1,0,143,1.5441,-0.6364,0.1517,2
704322,133,1658,1,0,143,2.1239,-0.1364,0.6839,2
560016,1973,1658,1,0,143,3.2951,-0.425,1.0,2
442792,69,1652,1,0,100,1.8389,-0.5294,0.2482,2
828234,143,1668,1,0,100,2.1553,-0.56,0.4547,2
707989,126,1666,1,0,100,2.1004,-0.0588,0.4498,2
169664,207,1668,1,0,100,2.316,-0.5357,0.6015,2
964448,860,1708,1,0,100,2.9345,-0.0488,0.9998,2
559204,339,1710,1,0,100,2.5302,-0.0741,0.9231,2
518054,55,1694,1,0,143,1.7404,-0.7895,0.1812,2
8678,381,1694,1,0,143,2.5809,-0.5957,0.9809,2
15297,53,1692,1,0,143,1.7243,-0.625,0.2018,2
843879,67,1692,1,0,143,1.8261,-0.4375,0.2583,2
872999,76,1692,1,0,143,1.8808,-0.6667,0.2621,2
272794,73,1692,1,0,143,1.8633,-0.8,0.2348,2
432130,102,1694,1,0,143,2.0086,-0.2273,0.6173,2
473407,24,1364,0,1,130,1.3802,-0.375,0.1483,2
782153,60,1364,0,1,40,1.7781,-0.3077,0.2253,2
72340,95,1362,0,1,40,1.9777,-0.625,0.3601,2
777606,63,1364,0,1,40,1.7993,-0.0714,0.3097,2
853804,137,1364,0,1,40,2.1367,0.1111,0.4763,2
937488,60,1364,0,1,40,1.7781,-0.2941,0.3419,2
601579,149,1360,0,1,40,2.1732,-0.5185,0.5805,2
17830,268,1364,0,1,40,2.4281,0.0,0.9732,2
257907,94,1366,0,1,40,1.9731,-0.6,0.4138,2
8546,67,1362,0,1,40,1.8261,-0.4706,0.2699,2
614734,54,1362,0,1,40,1.7324,-0.4,0.2469,2
333098,83,1362,0,1,40,1.9191,-0.381,0.4514,2
784078,75,1364,0,1,40,1.8751,-0.2,0.3068,2
57608,318,1364,0,1,40,2.5024,-0.2083,0.7359,2
966591,204,1362,0,1,40,2.3096,-0.05,0.6268,2
900146,209,1362,0,1,40,2.3201,-0.5454,0.7833,2
885568,329,1362,0,1,40,2.5172,-0.2903,0.9263,2
906421,281,1362,0,1,40,2.4487,-0.0769,0.8952,2
517312,170,1364,0,1,40,2.2304,-0.1,0.5951,2
7487,277,1362,0,1,40,2.4425,0.1724,0.9324,2
824326,201,1364,0,1,40,2.3032,0.2174,0.6781,2
590018,68,1366,0,1,185,1.8325,0.4444,0.3068,2
354410,97,1364,0,1,185,1.9868,0.5454,0.3663,2
364073,452,1366,0,1,175,2.6551,-0.3902,0.992,2
821856,240,1360,0,1,40,2.3802,-0.2609,0.6438,2
256579,235,1360,0,1,40,2.3711,-0.24,0.7598,2
116953,209,1360,0,1,40,2.3201,-0.7273,0.8183,2
255683,299,1360,0,1,40,2.4757,-0.4,0.8299,2
350353,355,1360,0,1,40,2.5502,-0.6727,0.9899,2
797886,304,1360,0,1,40,2.4829,-0.4242,0.8971,2
202700,671,1360,0,1,40,2.8267,-0.4286,0.9992,2
369828,273,1360,0,1,40,2.4362,-0.4286,0.7254,2
806310,287,1360,0,1,40,2.4579,-0.4516,0.8173,2
241219,292,1360,0,1,40,2.4654,-0.4828,0.7079,2
556248,419,1360,0,1,40,2.6222,-0.0606,0.9919,2
771370,103,1360,1,0,80,2.0128,-0.2,0.5296,2
