V22,V23,V24,i_id,index
2.4265,0.9031,1.6435,3348,731
2.0334,0.7782,1.4624,9912,7061
1.8513,0.7782,1.2553,271,4329
2.2455,0.8451,1.6532,2451,4
3.3818,1.2305,2.4099,2047,9293
2.7993,1.0414,1.9395,8538,7379
3.9567,1.5185,2.6181,3672,8594
2.1206,1.0,1.301,3729,45
2.4216,1.1139,1.415,4123,1022
3.1778,1.2041,2.2148,5678,7424
2.6454,1.0792,1.6812,7306,3446
2.4533,1.0,1.8062,7480,1847
2.6812,1.0792,1.7324,10373,2360
2.6365,0.9542,1.7781,13540,9656
2.8621,1.1761,1.8129,13383,874
3.0402,1.1761,2.1206,5664,1786
3.7028,1.5563,2.4281,5891,7483
2.7419,1.1461,1.8633,13052,10334
2.1367,0.8451,1.3979,7116,10819
2.3201,1.0792,1.4314,574,2163
2.4533,1.0414,1.5315,954,10033
2.1847,0.9542,1.4624,296,6862
2.0253,0.9542,1.2787,9667,5456
2.4216,1.0,1.5911,8052,6677
2.3032,0.9542,1.5185,11345,4321
2.233,0.9542,1.3617,12324,10124
2.5966,1.1461,1.5911,6002,2609
1.9294,0.7782,1.2553,8488,3128
3.5071,1.3222,2.3997,9313,8499
2.5866,1.1139,1.5798,4583,1404
2.2601,0.8451,1.5185,9195,3185
2.7218,1.1139,1.7993,1425,9231
2.1987,0.8451,1.3802,8715,7653
2.3304,1.0,1.4472,14151,4339
2.9974,1.3617,1.7924,3365,4446
2.5647,1.0792,1.6335,12358,1064
2.5052,1.0792,1.5911,7232,6554
2.5775,1.0,1.8513,5681,411
2.3222,1.0,1.6812,2069,366
2.3032,1.0792,1.3617,12769,4348
2.5866,1.0,1.7324,3505,2353
2.5106,1.0792,1.5563,9578,4224
2.3692,1.0792,1.415,4854,7456
2.5315,1.0,1.699,6888,9258
1.9912,0.9031,1.3222,6152,6289
2.4265,0.9542,1.6902,6438,1623
1.7482,0.8451,1.1139,12810,9601
1.8513,0.7782,1.2305,13523,9682
1.9542,1.0792,1.0792,15212,9187
1.7404,0.8451,1.0414,6739,9776
1.7634,0.8451,1.1139,8277,6008
2.7536,1.0414,1.8195,6348,7803
2.2601,0.9542,1.4314,2501,10201
2.1875,1.0,1.3802,10320,6283
2.2742,0.9542,1.5315,425,9975
2.1644,0.9542,1.4314,7489,8328
1.7076,1.1139,0.7782,1693,9166
2.2648,1.0792,1.4771,464,8691
1.8261,0.9031,1.0792,13965,10620
1.8062,0.7782,1.1761,4904,10800
1.7243,0.8451,1.0,4297,564
1.7781,0.8451,1.0414,3088,2044
1.8808,0.9542,1.0414,15300,9490
1.8195,0.8451,1.0792,12055,7848
1.8451,0.9542,1.0414,2155,7084
2.5821,0.9542,1.7781,1620,7973
2.0414,0.9031,1.301,14306,1598
1.7076,0.7782,1.1139,11452,9485
1.7993,0.9031,1.1461,5383,3152
1.7482,0.9031,0.9542,193,3527
1.9494,1.0414,1.1139,6451,2638
2.2787,0.9542,1.4472,9524,6791
1.9085,0.9031,1.301,10005,5208
1.7993,0.7782,1.2553,5404,9659
1.7781,0.9031,1.0792,5803,7842
1.4771,0.8451,0.7782,15003,2794
2.3201,0.9542,1.4914,7307,3886
2.1931,0.9542,1.3617,1200,7904
3.4221,1.2041,2.4487,11710,854
3.3314,1.2553,2.2989,9659,4107
3.1526,1.415,2.2201,14347,10381
2.0128,0.9031,1.2305,10141,5831
1.6021,0.9031,0.8451,12868,3865
4.038,1.4914,2.7760000000000002,11294,7103
2.1303,1.0792,1.2041,12640,10469
2.0569,0.9542,1.2041,13930,10455
1.9138,0.8451,1.301,10072,4001
2.4393,1.0792,1.5051,12471,8449
2.4609,1.0414,1.5563,12039,1236
2.4955,1.1761,1.5911,8058,9220
2.6405,1.1139,1.716,8890,8557
2.8802,1.2305,1.8389,6654,5271
2.8306,1.1139,1.8261,12773,9638
2.3243,1.1139,1.3424,12625,8215
1.716,0.9542,0.8451,1751,3511
2.4166,1.1139,1.4624,952,5875
2.1303,0.9031,1.415,3303,5958
2.2577,0.8451,1.6335,9349,2878
2.0374,0.9031,1.2787,15332,10497
2.0086,0.9031,1.2041,9565,9919
1.7076,0.8451,1.0792,8331,8275
2.1271,1.0,1.3222,10015,9888
2.4249,1.1461,1.4472,3170,4813
2.9868,1.0792,2.0128,8801,7652
2.7118,1.1139,1.7559,2359,4736
2.0645,1.0,1.1761,5184,10488
3.3962,1.3222,2.2945,11255,6957
2.3997,1.1139,1.4472,11610,7225
2.2175,1.0792,1.3802,1616,3400
2.0492,0.9542,1.2305,6270,10531
2.3181,1.0414,1.5051,9134,2887
2.5276,1.1139,1.5441,4097,3317
2.2227,0.9542,1.4472,15362,10576
2.301,0.9542,1.5051,4855,1045
2.5551,0.7782,1.9243,4538,2576
2.5428,0.8451,1.8451,4564,5183
2.1461,0.8451,1.4771,14999,3195
2.5786,1.0792,1.6532,14556,9017
2.0828,0.9542,1.301,7853,8457
2.8819,1.1761,1.9294,13200,10196
2.935,1.1461,1.9912,7378,10659
2.525,1.1461,1.6233,335,10579
2.3838,1.0414,1.5185,12915,148
2.4216,1.0792,1.4771,6368,9322
2.1271,0.9031,1.4314,11481,2738
2.5705,1.0792,1.8389,13798,942
2.8998,1.2041,1.9395,11081,1742
2.356,1.0792,1.5051,14402,9754
2.9671,1.1761,2.0086,7111,10671
2.356,0.9542,1.4914,9421,8134
2.4330000000000003,0.9542,1.6435,828,2519
2.887,1.2553,1.9494,11552,8374
2.673,1.1139,1.7324,8308,7422
2.4548,1.1761,1.5051,3807,493
2.0792,0.9031,1.3617,13791,6875
3.6708,1.2553,2.6294,758,5049
1.8451,0.6990000000000001,1.2553,15036,1406
2.2553,0.9542,1.415,8582,5281
2.2304,1.0414,1.3617,10834,4251
1.9191,0.7782,1.301,8573,3489
3.4322,1.1461,2.5515,480,2543
2.248,0.6990000000000001,1.699,12936,9221
2.3444,1.0414,1.4914,9937,3863
2.0374,0.9031,1.2553,10769,10884
2.017,1.0,1.1461,5651,5859
3.5210000000000004,1.2041,2.5527,419,3484
2.6998,1.1139,1.7243,12431,2872
2.4639,1.1139,1.5185,4956,183
2.6474,1.0414,1.7853,5878,3814
2.4116,1.0792,1.4914,1593,3628
2.2253,0.9031,1.4472,12265,203
2.1335,1.0,1.2787,2149,3180
2.0756,0.9542,1.415,15228,9482
2.4099,1.0,1.5315,12336,10790
2.4232,0.9542,1.7404,10599,9393
2.0212,0.9031,1.3802,1433,1273
2.1875,0.9542,1.3424,8800,9161
2.1614,0.9542,1.3222,7422,4723
2.0899,1.2787,1.1461,6822,73
1.7482,1.0792,0.7782,14070,3885
2.3541,1.2041,1.3979,10230,3733
2.6395,1.0792,1.7482,15676,371
1.9243,1.0792,1.0414,7623,5233
1.7993,1.1461,1.0792,4072,1035
3.2014,1.3222,2.2279,9474,6615
3.3554,1.6128,2.1644,10603,8819
2.7168,1.5441,1.6628,5152,1016
2.5966,1.1139,1.7404,15572,7448
2.5478,1.2305,1.699,5872,1764
2.3117,1.0792,1.5441,11448,9007
2.1303,1.0414,1.301,15546,931
2.4683,1.0792,1.6233,7470,6023
1.8513,0.9031,1.1139,2243,1868
1.7482,0.7782,1.2553,11799,6951
1.7324,0.9542,1.1461,1767,1554
2.6021,1.2787,1.5315,12318,2534
1.9138,0.9031,1.2553,1989,2939
1.8389,1.0,1.1461,12841,10872
2.0569,1.301,1.0792,12993,5876
2.1987,1.2041,1.2787,7389,6004
1.7559,1.0792,1.0792,10085,3248
1.8692,0.9542,1.0414,12822,6513
1.8751,1.1461,1.0792,8952,1674
2.8960000000000004,1.3424,1.9395,9669,6809
3.7013,2.1303,2.1847,2969,10715
2.5478,1.3617,1.5051,5007,10555
1.7708,0.9031,1.0792,12006,5806
1.8692,1.1139,1.0792,15201,228
1.7404,1.0792,0.8451,7454,1955
2.5988,1.1761,1.7243,4005,9809
2.0899,1.2787,1.0414,2312,2060
1.8921,1.0414,1.0414,8609,243
1.7993,0.7782,1.2305,6528,8163
2.2304,1.1139,1.3802,15228,1283
2.0934,1.0792,1.301,6250,5498
2.9464,1.3424,1.8389,3076,2802
2.1430000000000002,1.0,1.4314,9318,5574
2.6474,1.2553,1.699,14500,1113
2.0492,1.1761,1.2041,854,5571
1.8513,1.0414,0.9542,5921,9337
1.8865,0.8451,1.301,1918,6616
2.9096,1.1461,2.0792,12092,7587
3.463,1.5051,2.3096,10064,3794
2.9841,1.3424,1.9823,14099,5784
2.7168,1.3617,1.8062,11801,9239
2.9722,1.5315,1.8751,5401,6705
3.635,2.0212,2.4829,3920,2172
2.9978,1.3617,1.9445,4686,1991
2.7672,1.301,1.7076,5004,10572
3.8628,1.5682,2.5922,111,862
3.0060000000000002,1.3979,1.9445,1294,5416
3.2514,1.5051,1.9685,7746,2294
2.7582,1.301,1.7559,2860,2142
3.4586,1.5911,2.1239,178,10043
3.395,1.4624,2.0934,6012,9155
2.8507,1.4914,1.6128,7196,4004
3.0599,1.301,1.9294,8024,6000
3.5810000000000004,1.6628,2.2718,9510,7846
2.7875,1.415,1.6628,13723,5445
2.7324,1.1139,1.8389,10627,2846
2.8414,1.5185,1.7076,12665,7060
1.8261,1.0,1.0792,11857,6914
3.1297,1.3979,1.9868,4401,2741
2.4232,1.2305,1.5441,8483,9787
2.1399,1.2305,1.1461,8265,10850
2.0374,1.1139,1.3424,8648,9572
1.8692,0.8451,1.301,15733,7586
3.8796,1.8692,2.3463,13098,2035
2.2648,1.2787,1.1761,13176,3294
2.4014,1.2553,1.4472,5691,7100
1.7924,1.0,1.1461,7682,3793
1.7781,1.1139,0.8451,7904,6009
1.7404,1.0,1.0,3892,4096
2.3819999999999997,1.3979,1.2787,2156,6150
1.7324,1.1139,0.8451,11580,5168
2.1072,0.9031,1.4624,5963,361
1.7076,0.7782,1.1461,10020,2530
1.7853,0.8451,1.1461,12164,4951
2.8921,1.3617,1.8261,15370,5189
2.6929,1.3802,1.5315,11722,10842
1.8129,0.9542,1.0414,6433,4938
2.1399,1.1461,1.2787,6800,10269
1.9294,1.2041,1.1139,10345,7101
1.7708,0.7782,1.2041,13879,2825
2.3463,1.1461,1.4472,1762,735
1.8633,1.2041,0.9031,13150,1431
2.4564,1.5315,1.3979,14837,7637
2.5911,1.1761,1.5563,4768,4685
1.716,1.0414,1.0414,13626,1895
1.9912,1.0414,1.1461,3250,2443
1.7853,1.0414,1.0,769,4623
1.8751,1.0414,1.1461,9131,3007
2.8482,1.3424,1.8692,7740,3829
2.2923,1.4624,1.2553,5227,2267
1.8062,1.0792,1.0414,123,1416
2.1139,1.1139,1.3424,13399,5564
2.3324,1.2305,1.3222,817,5301
2.2504,1.0414,1.4472,11963,8665
2.1903,1.0,1.4314,15120,10899
3.0128,1.2305,1.959,2777,9636
2.1461,1.301,1.3222,3501,7592
3.1673,1.5798,1.8692,3474,7643
1.8389,1.1461,1.0792,8931,3807
2.3636,1.301,1.2787,7758,8324
2.2279,1.3222,1.3222,12642,3336
2.6484,1.2787,1.7076,5259,3827
2.3892,1.1761,1.4314,9815,9128
1.9956,1.1461,1.0792,11211,2934
1.7404,0.9542,1.2041,10216,7755
2.9410000000000003,1.8573,1.6532,9686,7064
1.8062,1.0,1.0792,8584,4169
1.7781,1.1139,1.0,11912,4780
2.0792,1.415,1.0414,2561,1836
2.4969,1.5441,1.5441,7787,4594
1.7853,1.1461,1.0414,1479,3859
2.4031,1.4472,1.1461,1164,753
2.7067,1.5051,1.4624,8683,6578
2.2304,1.1139,1.301,13328,2316
1.8921,1.3424,0.7782,12514,6160
1.8865,1.0,1.1139,1667,2936
1.9191,1.1761,1.0414,938,9912
1.7853,1.0,0.9542,15074,1921
1.9031,1.0,1.2305,11445,2845
1.7076,1.0,1.0,15095,2915
1.7634,1.3222,0.6990000000000001,4292,2616
1.7634,1.0,1.0414,3459,8330
2.1139,1.2787,1.1139,9538,8472
2.0682,1.1761,1.0792,4854,8399
2.6902,1.2041,1.6335,5871,1976
2.5024,1.2787,1.4771,9947,8118
2.2672,1.2305,1.3222,11426,2028
1.7708,1.0414,1.0,7199,927
2.0756,1.0792,1.2553,13939,10038
1.8195,0.9542,1.0414,15135,7183
2.4281,1.2041,1.3617,499,6325
1.9956,1.2305,1.0,13225,862
2.2945,1.1461,1.4314,11875,2584
1.959,0.9031,1.1461,10853,1030
2.1523,1.0792,1.4314,6944,947
1.7781,0.9542,1.0414,12102,9618
1.7781,0.9542,1.1139,3612,2309
2.1732,1.3979,1.0,15740,8096
2.0128,1.1139,1.1139,13983,3739
1.9685,1.0792,1.2041,2391,22
2.0607,1.2305,1.0792,13301,8464
3.0803,1.3222,1.9494,14762,57
2.0374,1.0,1.301,4176,5540
3.137,1.2787,2.1553,4527,4333
1.9445,0.9031,1.1761,14044,3059
2.7528,1.3222,1.7853,4478,8066
1.9868,1.1139,1.2305,4866,9738
2.1614,0.9542,1.3802,7096,7517
2.3117,1.1461,1.301,13801,8969
1.7781,0.9542,1.0,809,10040
2.238,1.1461,1.3424,7944,8694
1.8513,1.2041,0.9542,7293,9915
2.7619,1.4472,1.6812,11698,1026
1.7243,1.0,0.9542,1397,9331
2.1847,1.1139,1.3222,15540,2843
1.8921,1.2041,1.0,2550,6948
1.9731,1.2305,1.0792,14445,783
2.5752,1.1761,1.6128,1201,10202
2.0453,1.2041,1.0792,7090,1668
3.1884,1.4472,2.1072,14662,3359
2.2833,0.9542,1.5563,15042,7030
1.8808,1.0,1.0792,6610,5777
2.2989,1.1461,1.3617,1075,8225
1.8513,0.8451,1.1139,15657,10396
1.8389,0.7782,1.2305,4396,6536
1.716,0.8451,1.0792,12110,1334
2.5302,1.3979,1.3222,3775,7068
2.1903,1.301,1.1761,1133,3040
2.7910000000000004,1.7243,1.3222,12463,5475
2.1523,1.2787,1.0792,7827,503
2.7059,1.716,1.4914,5958,8796
2.1987,1.3222,1.2041,5868,5476
2.1931,1.4771,1.0792,9461,6059
2.4941,1.6902,1.415,2664,1708
2.2553,1.0414,1.415,6492,6894
2.1673,0.9031,1.4771,15381,1131
3.2388,1.2553,2.4683,4364,5947
2.0792,0.8451,1.5798,12896,9901
3.2562,1.301,2.3181,13825,750
2.0934,1.0,1.301,4447,7497
2.0756,1.1139,1.2787,13073,163
2.1139,0.9542,1.3979,5541,4534
3.5892,1.4624,2.4487,13257,2210
2.4698,1.0414,1.7482,3770,991
1.8573,1.0,1.0414,2544,948
1.8195,0.9031,1.0414,9204,729
1.7853,0.9542,1.0792,4209,7853
1.8751,0.9031,1.0414,3557,7694
2.6464,1.2041,1.7708,2720,4822
1.8808,1.0,0.9542,6713,6823
2.1761,1.1139,1.1761,9805,455
2.9504,1.2787,2.0086,6310,4119
1.8692,1.1761,0.9542,14890,10889
2.1335,1.2553,1.0414,4476,1900
2.0334,1.1139,1.1139,12232,3195
1.8692,0.9031,1.0792,3683,7021
1.716,0.9031,1.0,4762,7724
1.8389,0.9031,1.0414,249,10636
1.7781,0.8451,1.1461,9486,10254
1.8325,0.8451,1.0414,688,5521
1.8451,0.9031,0.9542,8364,6246
2.7024,1.3802,1.4314,5892,2882
2.1461,1.0792,1.1761,2315,1387
2.0334,1.0414,1.1139,3843,7319
1.9823,0.9542,1.1139,11740,1660
1.9085,1.0,1.0,12130,5458
1.9294,1.0414,1.0,5356,1821
1.7559,0.9031,0.9542,13806,5033
1.8751,0.9542,1.0414,2844,2889
1.9445,1.0414,1.0,11179,10540
1.9445,0.9542,1.0792,6257,7742
1.716,0.8451,1.0,3545,3591
1.716,0.7782,1.0414,4490,6530
1.8129,0.9031,0.9542,635,5484
1.7993,0.9542,1.0414,10686,1159
2.0043,1.0,1.0414,9243,2141
1.9638,1.0414,1.0792,4409,9264
1.7243,0.9031,0.9031,2705,10060
3.3725,1.7853,1.8389,5730,9859
3.3239,1.8633,1.6128,1022,3217
2.356,1.1461,1.2553,3286,7426
2.3636,1.2305,1.2305,15639,5028
2.2878,1.1761,1.2305,11500,8364
2.3927,1.1761,1.3222,13812,5109
2.2430000000000003,1.1139,1.2787,2163,10211
2.7528,1.2787,1.6812,3779,6093
2.8162,1.3802,1.5315,9349,1999
5.1837,2.1761,4.2587,1817,9779
4.4035,2.3617,2.3201,9110,5929
4.3245,2.3424,2.3075,13138,8561
4.4061,2.3522,2.3201,12286,2162
4.3868,2.6395,2.3692,15535,9636
4.32,2.3503,2.2967,6139,10680
4.3165,2.918,2.3075,13951,384
4.3532,2.3444,2.3463,837,6287
4.3422,2.3483,2.3139,13202,8035
4.323,2.5843,2.3404,4822,4880
4.2242,2.248,2.2648,7383,5979
4.2547,2.2577,2.29,4836,4939
4.2929,2.8414,2.2553,9551,6846
4.2525,2.2577,2.3117,10853,3842
4.2676,2.3503,2.3541,11062,6819
4.251,2.2529,2.3304,12614,10627
4.2224,2.6181,2.2833,4426,1500
4.218,2.842,2.3032,2803,8668
4.2481,2.2672,2.3222,4404,7376
4.257,2.2718,2.2878,7395,893
4.2766,2.2430000000000003,2.3075,12972,2747
4.2764,2.2718,2.2553,1574,3474
4.3078,2.281,2.2765,11366,9600
4.2601,2.2624,2.301,9524,696
4.2395,2.238,2.3385,4784,8892
4.2777,2.2718,2.2967,11466,10187
4.1746,2.248,2.1553,9660,10764
4.2167,2.9385,2.2529,1252,7370
4.2507,2.2695,2.29,4847,7402
2.0,1.2787,1.0414,9242,8616
2.549,1.3979,1.4624,4209,2589
4.2259,2.2529,2.1703,9975,10488
4.2024,2.2529,2.1732,15327,10519
4.2013,2.2577,2.238,9602,6375
2.1072,1.2305,1.1461,6665,4602
4.2101,2.2577,2.233,10506,7938
4.175,2.2430000000000003,2.233,4172,1778
4.1775,2.2455,2.2529,1739,6056
4.115,2.2430000000000003,2.2041,12381,9180
4.2296,2.2406,2.2175,1197,10125
4.2197,2.2406,2.2765,11268,243
4.1752,2.233,2.238,3426,7520
4.1336,2.2430000000000003,2.2672,13215,6463
4.1267,2.238,2.1761,13401,960
4.2085,2.248,2.3054,5608,10584
2.9708,1.5441,1.7076,8114,9469
4.1932,2.2504,2.2304,10164,4625
4.0549,2.2553,2.1399,3469,7524
4.1879,2.2430000000000003,2.2718,10795,6301
4.1453,2.2355,2.233,15201,8575
4.0564,2.6031,2.2148,10807,10125
4.132,2.2430000000000003,2.2122,11874,4394
4.196000000000001,2.2577,2.2553,15237,8085
4.0796,2.2355,2.233,1986,9030
4.0746,2.238,2.2355,7552,9925
4.052,2.233,2.2148,9467,4224
4.0868,2.2695,2.2175,10898,309
2.7316,1.4624,1.5051,8703,2003
2.8306,1.5185,1.5441,12013,903
4.0118,2.2504,2.1461,14933,8796
4.062,2.2624,2.2148,11604,9214
2.8998,1.4314,1.7243,13890,5215
4.0604,2.2355,2.2041,11722,10067
4.0376,2.2279,2.1367,10306,7624
4.1483,2.2095,2.2253,4939,5057
4.093,2.1818,2.2227,4003,6098
4.0831,2.1790000000000003,2.2095,5671,1785
4.1445,2.1847,2.2355,14188,7914
4.1241,2.1703,2.1818,13566,3786
4.1048,2.1903,2.2601,6577,6621
4.1556,2.1931,2.2787,7915,8803
4.1567,2.1818,2.2672,3866,5807
4.0885,2.1761,2.2041,8104,4962
4.1201,2.1847,2.2068,7055,3334
4.1177,2.1818,2.1703,7763,10226
4.0333,2.2068,2.1430000000000002,11718,6667
4.0609,2.1847,2.1732,2983,541
4.1339,2.1732,2.2253,14789,7036
4.0961,2.1761,2.1703,15363,9202
4.1044,2.1761,2.1987,12022,2186
4.1158,2.1818,2.1987,13142,782
4.1367,2.1790000000000003,2.2227,7683,8091
4.0972,2.1818,2.2253,8221,621
4.0449,2.1790000000000003,2.1644,1137,847
4.0686,2.1790000000000003,2.2279,2953,8149
4.1153,2.1644,2.2014,13307,9922
4.0379,2.1847,2.1584,7636,1388
4.081,2.2175,2.2553,10308,8295
4.0552,2.1790000000000003,2.2553,2781,2392
4.0564,2.1732,2.2095,6830,9235
4.0724,2.1931,2.2253,7246,3500
4.1207,2.1903,2.2355,9568,4284
4.0722,2.1847,2.1959,1540,3835
4.0496,2.1847,2.2014,15420,8702
4.0366,2.1703,2.2304,7844,2750
4.1152,2.1931,2.2833,8208,3027
4.0965,2.1959,2.2553,10583,4325
4.0974,2.1732,2.2014,2905,5629
4.0611,2.1875,2.1703,14699,1484
4.1084,2.1987,2.1703,11664,5691
4.0182,2.5465,2.2878,1273,1568
3.9812,2.1584,2.1790000000000003,5746,6820
4.0311,2.1818,2.1553,8757,2179
4.0573,2.1931,2.2227,8896,4269
4.0391,2.1818,2.2355,6020,5781
4.0343,2.1987,2.2175,11827,4343
3.9708,2.1644,2.2175,12160,10897
4.0623,2.2148,2.2355,5627,6564
3.9968,2.1673,2.2175,3514,9793
3.7419,2.1903,1.8751,5999,9440
3.6885,2.1703,1.699,8539,8988
3.977,2.1673,2.1903,3442,9231
4.0408,2.1931,2.2201,11419,2517
3.6985,2.1732,1.7482,9868,9675
3.7560000000000002,2.1903,1.7482,7606,10314
3.9785,2.1903,2.2175,10973,7037
3.775,2.1818,1.8808,10527,7105
3.7495,2.1673,1.8513,6582,9661
3.9815,2.1703,2.1959,2304,7098
3.963,2.1847,2.2304,8244,1967
3.9408,2.1931,2.1732,13174,8404
3.9953,2.1761,2.233,3761,1352
3.9272,2.1818,2.1931,5933,1085
3.3068,1.8921,1.8451,10255,2395
3.7476,2.1987,1.7559,3784,8815
3.94,2.1931,2.2201,8732,2515
3.7463,2.1644,1.8633,2900,9938
3.7289,2.1584,1.7243,1181,6598
3.6660000000000004,2.1461,1.699,9132,4579
3.9522,2.1492,2.1523,12171,4303
3.7211,2.1523,1.7559,5019,2485
3.7582,2.1461,1.9085,5330,5121
3.2808,1.7924,1.8451,1200,5673
3.4458,1.8976,2.0043,8759,9727
3.8049,2.1335,1.9445,13096,5345
3.9214,2.1271,2.1703,13060,5679
3.903,2.1430000000000002,2.2095,12663,3733
3.7388,2.1399,1.8325,5288,2620
3.806,2.1703,1.9294,4766,1163
3.6915,2.1847,1.716,7040,5636
3.7602,2.1761,1.8865,10919,10695
3.6504,2.1553,1.7924,12819,3887
2.5843,1.5911,1.2787,9557,306
2.4409,1.4472,1.2787,11408,10224
3.6144,2.1206,1.6902,7376,6765
3.5931,2.1492,1.6721,15188,2596
3.6256,2.1523,1.6902,5664,205
3.6437,2.1553,1.716,5730,787
3.3915,1.7634,2.0414,7947,4101
3.5924,2.1173,1.7708,4042,5545
2.0043,1.3424,0.9031,9560,3554
3.616,2.1206,1.7324,9219,3594
3.6247,2.1523,1.699,12928,4005
3.6519999999999997,2.1584,1.6812,9397,10867
3.5217,2.0828,1.6721,10544,2311
3.56,2.0934,1.6902,9624,8200
3.5636,2.1004,1.6721,15654,6856
3.5782,2.1303,1.7076,389,9191
3.5686,2.0864,1.6721,636,2963
3.5951,2.1553,1.6721,4418,10280
3.5168,2.0682,1.6721,7322,9105
3.5648,2.0828,1.6721,9861,1076
3.5362,2.0756,1.6721,9538,5300
3.6152,2.1239,1.6721,748,7327
3.5642,2.1173,1.6628,6684,8637
3.6366,2.1553,1.6902,10622,5711
3.6072,2.1239,1.7076,5981,6462
3.6004,2.1106,1.6812,14949,277
3.6041,2.1399,1.6628,6868,5743
3.6443,2.1492,1.716,10743,2333
3.5933,2.1335,1.6812,5005,9371
3.6992,2.1644,1.7243,10669,5778
3.8045,2.1959,1.8129,6576,7015
3.7933,2.1959,1.8129,875,8767
3.7903,2.1847,1.8692,9079,3364
3.7946,2.1732,1.8865,14451,4234
2.3598,1.5798,1.2041,15034,2850
3.7692,2.1903,1.7924,11669,7284
3.7560000000000002,2.1732,1.7708,5409,576
3.7673,2.1875,1.7559,5481,1730
2.316,1.5911,1.1139,2739,1644
2.301,1.5682,1.1461,790,8303
3.7760000000000002,2.1931,1.7781,13203,10894
3.7823,2.1903,1.7924,6993,335
3.7884,2.1959,1.7993,3757,8327
3.7624,2.1931,1.7924,6071,5060
3.7739,2.1790000000000003,1.7781,12939,9990
3.7977,2.1959,1.8129,8004,7216
3.7787,2.1959,1.7708,15538,2018
3.7989,2.1903,1.8325,9413,541
3.7943,2.1903,1.7708,9366,3370
3.7824,2.1959,1.8062,14861,7449
3.7865,2.1875,1.8261,15311,8233
3.7911,2.2068,1.7993,3426,4729
3.3813,1.8808,1.9191,3832,7528
3.7555,2.1847,1.8195,9143,7724
3.332,1.8325,1.8865,3013,10066
3.7647,2.1790000000000003,1.7781,14827,2881
3.2925,1.8261,1.8808,12240,8345
3.284,1.8751,1.8865,10249,7461
3.7776,2.2068,1.7924,12008,1879
3.7698,2.1959,1.7853,3824,7326
3.3239,1.8976,1.9243,467,3601
3.8033,2.238,1.8195,773,8882
3.8064,2.238,1.8325,1962,898
3.8245,2.2304,1.8325,12536,4416
3.7989,2.2279,1.7993,9081,5401
3.8061,2.233,1.8389,4513,428
3.8461,2.248,1.8261,4230,4677
3.8019,2.2304,1.8062,5250,9218
3.8603,2.2529,1.8389,7443,5604
3.8125,2.233,1.8261,5584,7037
3.845,2.2553,1.8751,7674,3185
3.8235,2.2430000000000003,1.8195,2031,2574
3.2634,1.9031,1.8921,4255,8538
3.8169999999999997,2.2430000000000003,1.8261,633,3253
3.7931,2.2455,1.8195,4116,6075
3.803,2.238,1.8129,15179,7102
3.7794,2.233,1.8261,1578,10589
3.8082,2.2455,1.8325,3405,3646
3.7977,2.2430000000000003,1.8451,12799,9318
3.7563,2.2304,1.7853,7421,8691
3.7928,2.2355,1.8062,3676,1679
3.813,2.2430000000000003,1.7924,5865,10670
3.8343,2.2529,1.9191,7766,10593
3.8077,2.2430000000000003,1.8325,2878,3185
3.8142,2.2529,1.8513,9863,9573
3.8247,2.248,1.8261,9982,8224
3.8212,2.2504,1.8325,9893,10078
3.8193,2.238,1.8325,7515,7016
0.301,0.301,0.0,4850,4565
3.8360000000000003,2.238,1.8261,9608,10190
3.8158,2.2529,1.8261,15715,7749
3.8310000000000004,2.2430000000000003,1.8325,8768,5448
3.8252,2.238,1.8513,11662,439
3.8236,2.2253,1.8261,1047,7859
3.8335,2.2504,1.9395,7489,3348
3.8146,2.238,1.8195,11574,1503
3.8199,2.2553,1.8325,1886,923
3.8224,2.2577,1.8195,680,4302
3.8118,2.2253,1.8451,8683,1477
3.2655,1.8573,1.7324,4197,906
3.8084,2.233,1.8451,4178,9411
3.8122,2.2553,1.7993,14038,4277
3.8375,2.248,1.8325,2801,5135
3.8205,2.2430000000000003,1.8325,849,8353
3.8124,2.233,1.7993,5741,8545
3.8475,2.248,1.8195,2926,3207
3.8443,2.2455,1.8325,2663,5739
3.8197,2.233,1.8261,11428,4150
3.8649,2.2430000000000003,1.8751,2887,8400
3.845,2.2430000000000003,1.8751,5833,4065
3.8416,2.248,1.8062,5947,1008
3.4464,1.9731,1.9243,2422,9100
3.819,2.2430000000000003,1.8195,8356,7971
3.8128,2.2304,1.8261,15126,9132
3.8113,2.2304,1.8573,13217,8045
3.8061,2.238,1.8451,12635,4587
3.8139,2.2430000000000003,1.8129,6923,8784
3.8412,2.248,1.8451,2908,445
3.8301,2.2455,1.7993,1371,740
3.78,2.2355,1.7708,13890,9994
3.7977,2.248,1.8261,13751,240
0.301,0.301,0.0,7246,6720
3.7789,2.248,1.8325,3327,6544
3.7733,2.248,1.7708,930,2998
3.7958,2.2355,1.8325,9746,9717
3.798,2.2430000000000003,1.8195,7016,4785
3.8,2.238,1.8325,11104,7235
3.8342,2.238,1.8633,14132,7274
3.7907,2.238,1.8129,12545,6111
3.7913,2.2504,1.8129,12810,1600
3.8098,2.2504,1.8513,11058,2495
3.7599,2.2355,1.8195,10128,1818
3.7979,2.2253,1.8261,12522,8620
3.3345,1.7853,1.9345,2046,9572
3.7577,2.2201,1.8389,4406,6539
3.8110000000000004,2.2430000000000003,1.8389,2644,4858
3.8049,2.2355,1.7993,9368,2530
3.7951,2.248,1.7993,1786,6126
3.7438,2.233,1.8062,1414,641
3.7646,2.233,1.7781,12836,2178
3.7948,2.2279,1.8129,15425,9599
3.7836,2.238,1.7924,2146,7779
3.7754,2.2253,1.7853,9210,6483
3.2266,1.7634,1.7924,11567,10590
3.8,2.248,1.8261,1136,4689
3.8237,2.248,1.8573,11879,121
3.8012,2.248,1.7924,2262,68
3.7992,2.2430000000000003,1.7853,6983,7839
3.7859,2.238,1.8261,4931,70
3.815,2.2355,1.9031,12776,6904
3.798,2.2430000000000003,1.8261,8793,9225
2.3997,1.5185,1.2041,10489,9602
3.7904,2.238,1.8195,1331,3087
3.7759,2.238,1.8325,7346,861
3.7669,2.248,1.7781,7009,247
2.3404,1.5315,1.1461,7547,5381
3.8079,2.2430000000000003,1.8389,14213,8575
3.8131,2.248,1.8261,12310,4168
3.8096,2.248,1.8633,7007,781
3.7981,2.2406,1.8633,1528,3288
3.7911,2.2430000000000003,1.8129,15403,3469
3.8135,2.238,1.8062,10201,6538
3.8377,2.2430000000000003,1.8261,4490,2553
3.823,2.2430000000000003,1.8451,10481,1500
2.2304,1.3979,1.1139,12911,7308
3.8453,2.2430000000000003,1.8389,13827,9586
3.8176,2.2455,1.8325,1823,5460
3.7880000000000003,2.2355,1.8513,5025,8751
3.7989,2.2553,1.8325,3458,5956
3.8006,2.2304,1.8195,11172,5042
3.7403,2.2279,1.7559,14283,3015
3.7430000000000003,2.2253,1.7634,15586,3072
3.7906,2.233,1.7708,672,1332
3.755,2.2279,1.7924,7696,3858
3.7655,2.2253,1.8129,14327,4556
3.7645,2.2175,1.7924,15221,3942
3.7657,2.2304,1.8129,6519,9184
3.6107,2.1139,1.716,9653,8228
3.6273,2.0934,1.7324,10837,8233
3.6802,2.2253,1.7404,14554,2644
3.6451,2.1399,1.7243,1509,2607
3.6097,2.1139,1.7324,11822,8434
3.6381,2.1106,1.7076,1567,8170
3.5978,2.1072,1.6902,7738,1677
3.5385,2.0756,1.6902,2653,6999
3.6431,2.1399,1.7243,3594,8494
3.6399,2.1430000000000002,1.7634,10576,5344
3.5825,2.1818,1.6812,4379,613
3.5911,2.0934,1.716,9818,7897
3.5884,2.1461,1.7076,422,8846
4.1579,2.8882,2.0899,13483,4372
4.2055,2.3503,2.1303,3727,4616
4.1255,2.3503,2.0969,1947,5552
4.1945,2.3962,2.0899,4362,10289
4.1821,2.9335,2.1903,7080,6410
3.5228,2.1430000000000002,1.699,820,18
3.5169,2.0645,1.699,11643,111
3.5238,2.0492,1.6812,6879,572
3.5599,2.0969,1.6812,12493,7521
3.7532,2.0086,2.0414,13479,5602
3.5089,2.0828,1.6902,11502,2583
3.7863,2.0899,2.0531,6595,1400
3.883,2.1038,2.1492,4473,9177
3.85,2.0756,2.1430000000000002,6556,3665
3.7316,1.6233,2.356,12702,1598
2.42,1.3802,1.2041,9435,9463
1.7924,1.3979,0.8451,11682,3417
1.3424,0.8451,0.6021,5689,3634
1.9345,0.9542,1.1139,12751,1894
1.6233,1.0792,0.7782,5318,4186
1.2305,0.6990000000000001,0.6021,12747,8912
1.2553,0.9031,0.6021,6846,4018
1.0792,0.6021,0.6021,503,3486
1.0792,0.6021,0.7782,14415,6501
1.0792,0.6021,0.6021,7597,7440
1.0792,0.6990000000000001,0.6990000000000001,12538,9107
1.0792,0.6990000000000001,0.6021,5434,1986
1.1461,0.9542,0.4771,98,6899
1.0792,0.7782,0.4771,13306,10548
1.1761,0.8451,0.4771,8069,3224
1.0792,0.7782,0.4771,9575,2329
1.8129,1.0,1.0,7864,10842
1.0792,0.9031,0.6021,3526,1777
1.0792,0.6990000000000001,0.6021,3763,3777
1.0414,0.6990000000000001,0.4771,12281,1279
1.2305,0.6990000000000001,0.6990000000000001,8392,3296
1.1761,0.7782,0.6021,10558,7686
1.0792,0.6021,0.6021,14930,5936
0.9542,0.6990000000000001,0.4771,1511,6370
0.9031,0.4771,0.6021,3500,8897
0.9031,0.6021,0.4771,2411,4537
0.9542,0.6021,0.4771,12056,1082
0.7782,0.4771,0.4771,5422,6228
0.7782,0.7782,0.301,2516,5290
1.0,0.6021,0.6021,15559,6809
1.2041,0.9031,0.6021,1715,1599
1.2305,0.8451,0.6021,5934,10524
1.4472,1.0414,0.7782,2187,8784
1.2041,0.8451,0.6021,10683,6605
1.8261,1.301,1.0792,8481,3113
1.2041,0.7782,0.6021,4437,9680
1.2553,0.8451,0.6021,4353,9485
1.2305,0.9031,0.6990000000000001,9245,9112
1.415,1.0,0.6990000000000001,761,1933
1.2553,0.8451,0.6021,5631,3798
1.2305,0.7782,0.6990000000000001,12694,7289
1.2041,0.6990000000000001,0.6021,5675,3758
1.2305,0.6990000000000001,0.6021,3235,1425
1.2041,0.7782,0.7782,14952,8901
1.2305,0.6990000000000001,0.6021,14378,7936
1.2553,0.7782,0.7782,13193,7437
1.2553,0.7782,0.6990000000000001,1770,3073
1.2553,0.7782,0.6021,2762,3795
1.2305,0.7782,0.7782,13554,6076
1.2041,0.8451,0.6990000000000001,10064,961
1.2041,0.6990000000000001,0.7782,3956,2177
1.5051,1.1461,0.7782,12990,2056
1.2041,0.6990000000000001,0.6021,3292,10090
1.2041,0.7782,0.6990000000000001,14665,1863
1.2041,0.7782,0.6990000000000001,7652,5601
1.3222,0.9031,0.6021,10401,6625
1.2305,0.7782,0.6990000000000001,9823,1795
1.3424,1.0,0.6021,13041,116
1.6902,1.0792,0.9031,2014,3672
1.2041,0.8451,0.6021,1757,7761
1.2305,0.8451,0.7782,1113,4921
1.2553,0.9031,0.6990000000000001,12191,10309
1.2041,0.8451,0.6021,13645,2441
1.2041,0.6990000000000001,0.6021,12330,5288
1.2305,0.7782,0.6021,10703,9454
1.2787,0.7782,0.6990000000000001,10087,6619
1.3222,1.0,0.7782,13046,9594
1.415,0.9031,0.9031,6504,7853
1.415,0.9031,0.8451,3779,6534
1.2787,1.0,0.6021,8248,9573
1.2305,0.8451,0.6990000000000001,4629,5687
1.2041,0.6990000000000001,0.6021,118,8910
1.2041,0.7782,0.6990000000000001,14263,9841
2.4281,1.1461,1.4914,1003,6474
2.5682,1.1761,1.7559,15272,2075
2.5185,1.0,1.7853,4445,6110
2.316,0.9542,1.5911,13352,5904
2.7738,1.0414,1.9085,12724,10237
2.7619,1.3222,1.8692,1694,9661
2.8965,0.9031,2.1038,11549,9284
2.1614,0.7782,1.5563,15292,6591
1.9868,0.8451,1.3979,10669,10732
2.1430000000000002,0.8451,1.5441,14492,10476
2.2430000000000003,0.8451,1.5798,7903,10357
2.1584,0.6990000000000001,1.6628,1337,9697
1.8633,0.6021,1.4771,7547,741
1.9494,0.6990000000000001,1.4472,6719,4361
1.8573,0.6990000000000001,1.2553,396,3098
1.8062,0.7782,1.2553,2097,7058
2.0607,0.7782,1.4624,708,7515
1.7634,0.7782,1.301,5557,2656
1.7781,0.7782,1.2553,11827,8421
2.1271,1.5563,0.9031,11112,4149
1.716,1.2041,0.8451,8948,10723
2.0899,1.4472,0.9031,375,3450
1.9085,1.4314,0.6021,6683,4178
1.7482,1.301,0.6021,5322,10359
1.8325,1.3424,0.6990000000000001,15506,1566
1.8976,1.1139,0.9542,10394,4044
3.3071,1.3617,2.1818,12785,7716
1.8921,0.9542,1.2305,8308,2956
2.1038,0.7782,1.4914,390,1975
2.7324,1.0,1.9445,10873,9806
2.8549,1.0414,2.0128,5818,5400
2.7566,1.0,1.9777,4285,3147
3.0342,1.0414,2.1761,2748,1309
3.0017,1.2041,2.1271,15373,8421
2.6785,1.0414,2.0294,11077,82
2.842,1.2305,2.0607,6404,6824
2.5038,0.9542,1.699,13362,1229
2.7672,1.0414,2.017,7295,2096
2.6946,1.0414,1.9494,11529,7600
2.6919999999999997,0.9542,1.9085,6921,3625
2.9863,1.0792,2.2122,13525,4275
2.8651,1.0414,2.0492,5407,1530
2.989,1.0792,2.1430000000000002,9968,1916
2.8488,1.0414,1.9685,9062,7069
2.9666,1.0414,2.1614,9528,4352
2.8149,1.0414,2.0414,4384,4134
2.017,0.7782,1.415,5642,2167
2.0212,0.8451,1.3424,5930,6895
1.9138,0.7782,1.3222,3904,454
1.7559,0.8451,1.1761,13031,697
2.0453,0.9031,1.3802,1061,10468
2.2068,0.9031,1.4472,11593,2443
1.8325,0.9031,1.1461,15087,2629
1.9395,0.7782,1.301,3983,407
1.9395,1.0,1.1761,4195,612
2.0531,1.0414,1.0792,7976,10580
3.2582,1.9823,1.8808,8966,4472
1.6128,0.8451,1.0414,2081,5958
2.7694,1.2305,1.7076,9899,28
2.0253,1.0414,1.0792,9740,2777
2.7868,1.415,1.699,13631,9967
2.1903,1.1139,1.1461,553,10814
2.3927,1.0792,1.4624,6412,10336
2.1303,0.9542,1.301,77,8483
2.5752,1.0414,1.6628,8073,4470
2.3054,0.9542,1.4624,5288,6806
2.1206,1.3424,0.9542,15628,9876
2.2967,0.8451,1.5682,1032,4327
2.1072,1.0414,1.2041,8428,438
2.1553,1.0792,1.2041,13667,2328
2.3444,1.1761,1.3424,5598,7186
2.0569,1.0792,1.1461,10402,9676
2.2455,1.6128,0.9031,6491,2075
2.2455,1.1139,1.2787,6147,2255
2.7101,1.5563,1.4472,7947,285
2.1761,1.4314,1.0,11668,4173
2.2577,1.1139,1.301,5757,461
2.4456,1.2041,1.3979,8265,8298
2.0253,1.2041,1.1461,9556,4822
2.1038,1.1139,1.1761,13877,4419
1.699,0.9031,1.0,13817,2825
1.9445,0.8451,1.2787,11007,7680
1.5315,0.9031,0.7782,7290,5538
1.6628,0.9031,0.8451,8294,8742
1.5798,0.9031,0.9542,9319,10030
1.5441,0.8451,0.9031,12347,8229
1.8195,1.0792,0.9542,6834,7341
1.5911,0.8451,0.8451,5232,3445
1.5798,0.9542,0.9031,8334,6368
1.5051,0.8451,0.9031,8019,4742
1.8261,1.0,0.9542,1318,2924
1.8062,1.0,1.0,2972,2741
2.0607,1.1461,1.1461,7187,3376
2.1271,1.1761,1.1139,13770,3289
1.8389,0.9542,1.0414,13482,8423
2.0043,0.9542,1.1461,9371,10573
2.7903,1.4771,1.5315,9261,5578
1.9685,1.1139,1.0414,5888,7126
1.8325,1.0,1.0,5518,7462
1.8261,0.9542,1.0,6501,1469
2.2201,0.9542,1.4771,2427,1069
1.8751,1.0,1.0,7906,10462
1.9138,1.0,1.0414,13407,7649
1.9085,1.1139,1.0,5099,6648
1.7404,0.9542,0.9031,7509,7316
2.3181,1.1461,1.301,7435,2867
2.1703,1.0792,1.3424,5024,1505
2.1004,0.9542,1.2553,7286,6090
2.2095,1.1139,1.3424,4269,1596
2.0,1.0792,1.0792,13048,9880
2.5172,1.3617,1.3424,12189,10799
1.716,0.7782,1.0792,6767,9260
2.1399,1.0792,1.1761,12549,1914
1.9395,1.0,1.0792,12241,5256
1.9395,1.0,1.0414,7183,2123
1.7482,0.8451,1.0792,10272,6028
2.8189,1.4472,1.5185,5362,10864
1.8195,1.0414,1.0,13838,674
2.2648,1.2041,1.2553,15374,3323
2.8209,1.5563,1.4624,6111,6165
2.2648,1.1761,1.3222,14950,3674
1.8451,0.9031,1.0414,8418,1287
2.0294,1.1139,1.0792,10651,7878
1.9243,1.1761,0.9031,3764,1450
2.1004,1.0,1.3222,5622,7394
1.9542,0.9031,1.1761,9205,3209
2.1584,1.0792,1.2305,13804,6431
1.8261,0.9031,1.1461,5691,2962
1.9731,0.9542,1.1461,13943,516
2.2122,1.1139,1.2787,3241,3859
2.3096,1.3979,1.1139,3465,3932
1.8921,0.9031,1.1461,4009,6335
1.7924,1.0,0.9542,11420,10524
2.0414,1.0792,1.0414,10946,920
1.8129,1.0792,1.0,10422,8996
1.7634,0.9542,0.9542,6753,3915
1.8325,0.9542,1.0,11252,1697
2.9149,1.5798,1.6233,14310,3702
1.8325,0.9542,1.0,12826,6209
1.7708,1.0,1.0792,14133,9369
1.8513,0.9542,1.0792,12736,2643
3.0531,1.3802,1.9685,11298,10523
3.0512,1.3617,1.959,14031,9008
1.8195,0.9542,1.0414,2611,10385
1.8389,0.9542,1.0,880,4725
2.4065,1.1761,1.415,407,104
1.8921,1.0414,0.9031,13697,5649
1.7324,0.9542,0.9031,9458,281
1.8692,1.0,1.0,12978,4392
2.3979,1.2041,1.301,10501,3269
1.7076,0.9031,0.9031,11200,8740
1.9345,1.0414,1.0,14405,6888
1.7404,0.9031,0.9031,518,2619
2.0414,1.0,1.1461,15686,1395
2.574,1.3424,1.3617,5686,3121
1.8261,0.9542,1.0414,6995,6039
2.1004,1.0414,1.2553,2647,5937
1.8808,0.6990000000000001,1.3222,2042,1266
2.9445,1.9191,1.3802,9367,9138
1.716,0.9031,0.9542,13475,6548
2.0492,0.7782,1.4472,3401,5259
1.7708,0.8451,1.0,7906,5775
1.9243,0.9542,1.1461,14769,5793
1.7404,0.6990000000000001,1.1461,12901,2787
1.8325,0.9031,1.1461,9239,3017
1.8921,0.8451,1.2041,949,10446
2.0864,0.7782,1.4624,11317,6753
1.8261,0.9542,1.0414,3013,8539
1.7482,0.9542,0.9031,14222,2860
2.0043,1.0,1.1761,6335,7323
1.8261,0.9542,1.0414,6125,2515
1.8865,1.0,1.1461,7146,5716
1.9494,1.0414,1.0792,1892,4477
1.716,1.0,0.9031,14843,4182
2.0212,1.3424,1.2305,3339,10407
1.7324,1.0,0.8451,3354,7870
2.2856,1.0,1.4771,14281,9129
2.3483,1.1761,1.3617,13362,5814
1.9345,0.9542,1.1461,7836,2353
2.0414,0.9031,1.3802,5990,7892
1.9085,1.0,1.1139,13289,2565
2.0645,1.2305,0.9542,9991,7011
2.0414,1.2553,1.0414,2974,1580
1.9494,1.2787,0.9542,11635,51
1.7076,1.1139,0.8451,6808,9687
1.8808,1.3617,0.6990000000000001,7162,5463
1.7076,0.9031,0.9542,6994,1943
2.4014,1.1761,1.3979,11693,5659
2.0086,1.0792,1.1461,1875,9463
2.9908,1.5185,1.8389,7302,9263
1.716,0.9542,0.9031,10021,4956
2.4624,1.3424,1.301,10401,6886
1.7482,0.9542,0.9031,1695,4245
1.7482,1.1761,0.9542,6967,653
2.3541,0.9542,1.6435,9651,6047
2.2718,1.2553,1.415,11625,9478
2.233,1.0,1.4472,6731,9172
2.5832,1.2553,1.5185,1932,6260
2.0792,1.1139,1.1139,4796,1516
2.6284,1.3222,1.415,14698,10255
2.0453,1.0792,1.0792,15624,2704
1.9823,0.9542,1.2305,13751,6631
2.1239,1.0792,1.1461,11570,575
1.7993,0.9542,1.0,10469,9134
1.8389,0.9031,1.0414,10342,3515
2.2175,1.1461,1.1761,14869,10213
2.3892,1.1761,1.3617,2107,7912
1.9445,1.0,1.0414,13294,4393
2.0253,1.0414,1.1139,2454,5153
2.1875,1.1139,1.2041,229,227
1.9445,0.9031,1.301,10590,1484
2.2279,1.1461,1.2787,4978,9370
1.9031,0.9542,1.1139,5879,6401
1.7993,0.8451,1.1461,4588,220
1.9243,1.0414,1.0414,11398,7083
1.8976,0.9542,1.1761,15107,3894
1.8195,1.0,1.0,12015,9703
2.5441,1.415,1.3222,14261,7522
1.9294,1.0,1.0792,12073,7130
1.9138,1.1761,0.9031,11586,9314
1.7781,0.8451,1.0414,3718,5624
2.0334,1.0,1.2305,14131,1582
1.7559,0.9542,0.9031,8856,4566
1.5315,0.7782,1.0,6605,455
1.7076,1.3802,0.7782,4249,1776
2.0645,1.0414,1.1461,9199,2560
1.8976,1.0,1.1761,5213,7409
2.0569,1.1761,1.0414,10591,5537
1.5798,0.9031,0.8451,2947,1718
1.5051,0.7782,0.9031,7861,6230
1.3979,0.7782,0.7782,12896,109
1.6532,0.9542,0.8451,55,7360
2.3483,1.1461,1.5051,14911,2454
1.7924,0.9542,0.9542,4915,1860
1.9243,1.0414,1.0792,7375,5311
2.1367,1.1139,1.1139,1603,7764
2.1703,1.1139,1.2553,4596,9004
1.716,0.9031,0.9542,8204,7231
1.8325,1.0414,1.0,215,1528
1.7781,1.0,1.0,9372,5436
2.0531,1.1139,1.0792,674,2331
1.7076,0.9031,0.9542,6583,9420
1.8451,1.0414,1.0,6202,8627
1.8195,1.0,1.0,9260,10162
2.017,1.0414,1.1139,13984,9073
2.1461,1.1139,1.1461,1991,2041
1.8062,1.0414,0.9031,3320,3168
1.7559,1.0414,0.8451,6110,354
2.0569,1.1139,1.1139,14707,5974
1.7634,1.0,0.9031,14265,2741
2.8848,1.4771,1.5682,13897,10690
1.8195,0.9031,1.1139,4400,9314
1.7708,0.9031,0.9031,11362,903
1.9685,1.0792,1.0414,15491,6226
1.9243,0.9542,1.0792,4750,372
1.8808,1.2305,0.9031,9467,2198
1.7993,1.0,1.0414,8179,8164
1.716,0.9542,0.9031,13122,3653
1.9243,1.0792,1.0,10665,4080
2.0828,1.0,1.2553,5139,3292
1.7853,0.9542,0.9542,10144,644
1.8751,1.0792,1.0414,3523,5241
1.8573,0.9542,1.0,12943,10694
1.699,0.9542,0.9542,15090,6152
1.9445,1.0,1.0792,6812,3856
2.0294,1.1461,1.0792,11362,5823
2.1673,1.0414,1.2305,3149,9331
1.9243,0.8451,1.1761,4544,8833
1.5051,0.7782,0.8451,12556,647
1.7924,1.0414,1.0,14220,7511
2.4362,1.0,1.6021,8872,395
3.0704,1.4914,1.7324,4084,10295
3.3802,1.6335,1.9685,12771,2292
2.248,1.1139,1.2553,5215,7621
1.7853,0.8451,1.0,7080,7915
2.3424,1.2041,1.3222,1488,3235
1.8261,0.9542,1.0,1350,5177
2.5327,1.0792,1.6335,4472,5209
1.7559,0.7782,1.1461,3901,5628
1.9031,0.9542,1.0792,15042,7273
2.0453,1.0792,1.0414,9027,4747
1.9912,1.0414,1.0414,11069,7652
2.2253,1.0792,1.301,9216,1585
2.2355,1.1461,1.3979,6548,442
2.8,1.3617,1.7076,784,8059
3.0065,1.415,1.7559,2648,8805
2.7489999999999997,1.3979,1.6721,4318,9770
3.9238,2.7235,1.5563,1330,9784
2.1987,1.3802,1.3802,2734,7860
1.7781,0.9031,1.1461,10358,2614
1.7076,0.8451,1.0,15568,9449
1.9542,1.0414,1.0414,6048,10811
2.3263,1.0792,1.4771,13394,31
2.3365,1.2041,1.4624,9115,2057
1.9085,0.9031,1.2305,2546,2216
2.3784,1.0792,1.6233,13593,10790
1.7708,1.1139,1.0,10071,1207
1.7993,0.8451,1.0792,2339,6121
2.3324,1.0,1.5911,8899,1471
2.5441,1.8195,1.1139,2487,497
2.0492,1.4472,0.9542,5983,2313
2.2304,1.3802,1.1461,15123,2231
2.1847,1.4472,1.1761,6555,9639
2.1461,1.3424,1.0792,2050,7671
2.2253,1.5441,1.1461,2404,6305
2.3541,1.6335,1.1761,9140,1317
2.0645,1.415,1.0792,2612,2742
2.017,1.1139,1.0414,3632,9825
2.1931,1.0414,1.301,324,6589
2.1335,1.2041,1.2787,11011,1179
2.5763,1.0792,1.6532,2149,5496
2.3503,1.0414,1.4914,9961,9345
2.2122,1.0414,1.301,3808,2849
2.2355,1.0792,1.2305,4726,8404
2.2648,1.2305,1.2553,25,9414
2.4829,1.301,1.4314,13369,10505
2.1461,1.1461,1.2553,2231,3856
2.4183,1.2787,1.2787,6085,3182
2.4166,1.3222,1.2305,14174,9984
2.0043,1.1139,1.1139,13243,4567
2.1584,1.0414,1.2787,13775,1043
2.0645,1.2041,1.0,4154,3266
2.7505,1.3617,1.5315,9338,4154
3.5034,1.8513,1.9956,13590,7046
2.3222,1.1139,1.3424,12369,775
2.0492,1.0414,1.1461,9464,8277
2.0569,0.9542,1.1761,8757,8977
2.6493,1.1761,1.716,3011,10799
2.1430000000000002,1.0792,1.2041,243,10823
2.2504,1.1761,1.2305,11773,772
2.1072,1.1761,1.1461,6358,7728
2.6628,1.5185,1.3617,6848,1968
2.0492,1.0,1.1461,13737,4432
2.0086,1.0792,1.0414,4480,1916
2.415,1.2305,1.301,6099,9780
2.0253,1.0792,1.1139,9150,10406
2.2504,1.2305,1.2041,3621,5256
2.7489999999999997,1.6335,1.5682,14,2670
2.2695,1.3617,1.1461,8356,6005
2.1173,1.2041,1.2041,13439,51
3.5097,1.9395,2.1399,7711,5364
3.6687,2.1931,2.017,12189,2223
3.0394,1.7076,1.8573,9417,4791
2.7033,1.6812,1.3424,5430,6664
2.7566,1.6128,1.5315,6396,7511
2.8976,1.4771,1.7708,11909,10715
2.9557,1.5682,1.7404,1588,1091
2.7411,1.5051,1.4314,3316,6994
2.5159,1.4624,1.4472,43,6583
2.4314,1.3802,1.301,12661,4243
2.3222,1.3222,1.4472,6587,4931
2.3636,1.2041,1.301,8322,4866
2.0374,1.1761,1.0,12616,5570
2.4048,1.2787,1.301,12551,758
2.0212,1.0792,1.0414,15305,5456
2.2201,1.1761,1.2041,11563,2872
2.0969,1.1461,1.0792,10743,8771
2.525,1.3802,1.4771,11563,10034
2.0043,1.0414,1.0792,8862,10065
2.1553,1.1761,1.0792,6253,9063
2.0569,1.1461,1.0414,12445,10199
2.0414,1.1139,1.0414,1234,928
2.0569,1.0792,1.0792,15128,4022
2.0607,1.1461,1.0792,4075,2635
2.0934,1.1139,1.1139,10029,4898
2.0569,1.1139,1.0414,10589,1759
2.1206,1.1139,1.1761,10336,3541
2.4502,1.2305,1.5051,15720,2298
2.0969,1.0792,1.1461,15230,5216
2.42,1.2553,1.3617,7102,9409
2.2833,0.9542,1.5051,10316,7850
2.0828,1.1139,1.1139,8842,1645
2.3944,1.2553,1.301,1442,4005
2.0334,1.0792,1.1461,3339,1085
2.0607,1.1461,1.0792,3996,1488
2.6107,1.3424,1.4314,6161,1720
2.6656,1.5051,1.3617,4355,5443
2.0828,0.9542,1.301,4344,5197
1.8751,0.9031,1.1761,11918,6070
1.8129,0.9031,1.2305,2823,5753
2.0334,1.1139,1.0414,1805,8324
2.1239,0.9542,1.3222,12086,10354
1.7993,0.9031,1.2787,176,5216
1.699,0.9031,1.0,13702,3562
1.7924,0.8451,1.1761,8622,7411
2.3096,1.2305,1.2305,13360,4707
2.017,1.3424,1.0792,11036,1792
2.2923,1.2305,1.2553,6864,4498
2.2577,1.7559,1.0792,15635,9771
2.1106,1.4624,1.2553,10874,99
2.1553,1.3424,1.1139,14340,6012
2.1004,1.4624,1.0414,2416,1984
2.0414,1.4914,0.7782,12363,5499
2.0043,1.1139,1.0792,6114,1536
2.2577,1.3617,1.2305,5946,6146
2.0864,1.3424,1.2041,6396,10213
2.0212,1.2305,1.1139,14337,4884
2.0531,1.3222,1.1761,13553,3364
2.1903,1.2553,1.1761,3951,9802
2.0294,1.2553,1.0,11095,5381
2.0719,1.1761,1.3222,3937,960
2.1673,1.2787,1.2553,6831,5333
2.1673,1.3617,1.301,9702,700
2.0212,1.1761,1.0,10988,9395
2.0086,1.301,1.1461,14818,4937
2.2068,1.3802,1.3222,4567,4812
2.2253,1.4314,1.2553,11785,7081
2.0969,1.301,1.2041,228,7870
2.0719,1.3222,1.0792,2369,1721
2.2923,1.415,1.3617,10841,10108
2.4885,1.2041,1.5563,3641,331
2.4378,1.5185,1.301,4726,9807
2.1106,1.3222,1.2305,5734,4247
2.2878,1.2041,1.2787,4608,6217
2.4955,1.5798,1.301,4328,8795
2.0569,1.2553,1.301,565,10267
2.1818,1.301,1.3424,12499,3931
2.0682,1.2553,1.1761,8751,5286
2.1644,1.3979,1.2553,5512,7464
2.0253,1.3222,1.0,3282,1227
2.2430000000000003,1.5441,1.1461,15669,10428
2.3181,1.5185,1.3979,6158,434
2.3766,1.2305,1.5185,11247,5932
2.5855,1.8195,1.1139,1460,3856
2.4609,1.2787,1.415,7434,1465
2.5611,1.5563,1.415,2999,7539
2.2279,1.4314,1.1461,14708,369
2.0086,1.0414,1.1461,11589,8706
2.7589,1.3979,1.5315,6013,3040
2.2878,1.2305,1.3802,50,4387
2.8921,1.4314,1.6233,12061,6667
2.5263,1.3222,1.3424,2383,10136
2.1106,1.1139,1.1139,4748,10356
2.1553,1.0414,1.301,14921,3921
2.1492,1.0792,1.2041,10218,191
2.1239,1.1761,1.1461,6946,2433
2.0043,1.0792,1.1139,10864,9241
2.1673,1.2041,1.1139,11894,8733
2.2122,1.1761,1.2041,10392,6304
2.3766,1.1761,1.3424,15292,10566
2.8445,1.5051,1.4914,9331,2416
2.7566,1.4771,1.3979,8740,3431
2.2455,0.9542,1.5051,2684,1165
2.1523,1.0,1.4472,5275,3041
2.0756,1.0792,1.0792,11539,7895
2.0899,1.0414,1.2553,7194,7345
2.2095,0.9542,1.3617,10320,4969
2.5428,1.2305,1.4472,7791,7140
2.0864,1.0792,1.1761,14697,1521
2.3636,1.2041,1.4314,12059,8782
2.4579,1.2787,1.3222,3068,610
2.1553,1.0792,1.1761,12633,6627
2.7152,1.3222,1.6128,11132,1636
2.0414,1.0,1.3424,7005,5952
2.1461,1.0414,1.4472,1998,4300
2.3636,1.3424,1.1761,8967,4232
3.0149,1.6233,1.7324,1534,3472
2.1367,1.0792,1.2041,6678,7871
2.7202,0.9542,2.0253,14280,5024
3.3915,1.4314,2.29,9157,8690
3.6333,1.5441,2.2624,353,6097
3.4221,1.3617,2.4472,8512,5783
2.4297,1.0792,1.4624,6209,5086
2.574,1.1139,1.5682,9874,3551
1.1761,0.6990000000000001,0.6021,9776,9989
3.7507,2.2279,1.7634,5667,7874
3.7746,2.233,1.8195,13887,7900
1.8389,0.9031,1.1139,7477,1541
2.1399,0.9542,1.415,15319,6199
2.0645,0.9542,1.2787,14881,9149
2.4885,1.0,1.6233,4899,569
2.0645,1.0414,1.2553,9403,270
2.1818,0.9031,1.5051,10714,3454
2.0334,0.9031,1.1761,7954,2770
2.5465,1.0414,1.716,5672,2990
2.2787,0.9031,1.4914,12947,2508
2.0453,0.9031,1.3617,5316,10448
2.3243,1.2041,1.3979,6413,6236
3.8229,1.5441,2.5752,12599,2964
2.4031,1.1139,1.6233,11837,2414
3.0512,1.2305,2.1106,2758,5304
2.0414,0.9542,1.301,3690,9585
2.0969,0.9542,1.3222,6484,4573
2.1761,1.0,1.3424,3663,465
2.1461,1.0414,1.2305,8349,8437
2.2989,1.0792,1.2787,14144,4329
2.0414,0.9542,1.2787,10418,10018
2.2923,0.9031,1.4914,11562,7455
2.1614,1.0414,1.3802,13785,8502
2.3284,0.9542,1.5682,11985,1828
2.2068,0.9031,1.4624,7799,5771
2.4829,1.0792,1.5051,155,3505
2.2068,1.0414,1.3222,12079,183
2.1367,0.7782,1.5911,11398,6895
2.0969,0.9031,1.415,3807,1489
2.2765,0.9031,1.5441,15629,5731
2.0934,0.9031,1.3424,9498,4578
1.959,0.9031,1.2305,5368,4644
1.7482,0.9031,1.0414,3934,9716
1.9191,0.6021,1.4771,6837,4494
2.1173,0.9031,1.3617,5571,278
2.4955,1.0,1.7404,4252,5318
2.9499,0.9542,2.1903,4167,5218
2.1271,0.9031,1.3979,9218,9604
2.3617,0.9031,1.699,8900,1912
2.0792,1.1461,1.2305,10677,6615
2.1239,1.1139,1.3979,7127,6088
2.0128,1.0792,1.3424,14400,4771
2.2304,1.0,1.3802,15580,920
2.2253,1.1139,1.4914,15426,969
2.0969,1.3424,1.1139,5400,2770
2.3032,1.0414,1.5315,15647,535
2.2279,0.9542,1.415,8055,5703
2.1761,1.2041,1.3802,14874,8549
2.0128,1.1461,1.1761,14175,2508
2.1644,1.2553,1.2787,4293,2459
2.4683,1.1761,1.6721,1907,7423
2.2967,1.1461,1.415,3016,7376
2.2833,1.1139,1.4914,4079,6327
2.2553,1.3222,1.2553,12645,8870
2.0294,1.0,1.2787,11715,8933
2.2601,1.0414,1.4771,4436,41
2.4216,1.0792,1.6233,9028,6246
2.3284,1.2041,1.4914,15577,9203
2.4885,1.1139,1.5911,5457,7196
2.4232,0.9542,1.6628,10081,5399
2.3598,1.3222,1.4624,412,1652
2.4314,1.1139,1.5563,11269,5905
2.5911,1.2305,1.6812,13194,9013
2.3365,1.1761,1.4624,9333,9064
1.7482,0.8451,1.0414,548,10252
2.0569,1.0792,1.1461,12383,6889
1.9956,1.0,1.1761,11176,708
2.3874,1.0792,1.5185,3454,4729
1.7482,0.9031,1.0,286,5289
2.4814,1.2041,1.3802,741,425
2.4885,1.1761,1.5441,95,2276
2.1430000000000002,0.9542,1.3617,15312,5392
2.2718,1.0792,1.3222,11081,5631
2.9405,2.2122,0.9031,8176,803
2.2304,1.5798,0.9031,704,2526
3.2438,2.3541,2.0294,3840,7625
1.6902,0.9542,0.8451,14137,2472
2.5832,1.5682,1.3424,12407,4387
2.2095,1.5798,1.0414,15704,1201
3.0442,2.1430000000000002,1.301,1019,10063
2.2504,1.301,1.301,14540,10897
2.1173,1.8325,0.301,4278,4098
2.8195,2.1761,0.9031,2127,6420
1.4624,1.2305,0.6021,15700,7375
3.0892,1.5911,1.6628,1755,7990
2.7292,2.0086,1.0792,6253,10083
3.2292,2.3747,1.1461,12163,7561
2.98,2.0374,1.2305,5436,9511
1.8751,1.2305,0.9542,7652,8546
1.7924,1.301,0.8451,5982,6475
1.8325,1.415,0.6021,1391,3740
1.8921,1.2553,1.0792,5749,9267
1.6902,1.2041,0.6990000000000001,11408,7596
1.7559,1.3979,0.6021,9365,5468
1.716,1.2787,0.6021,4789,10493
1.8865,1.2305,0.9542,2205,6076
1.6628,0.9542,0.9031,2368,807
1.7708,1.2305,0.9031,8809,6913
3.6342,2.5378,1.2553,6097,8395
4.0718,2.8048,1.4914,12676,7184
4.0072,2.7543,1.4771,6113,7073
2.5551,1.6233,1.2553,10691,7685
3.8241,2.6721,1.415,11266,4751
2.9917,2.1584,1.2787,7053,7098
3.1861,2.3181,1.2787,7559,5224
4.198,3.0741,1.4914,5843,609
3.2674,2.4683,1.0792,14030,3194
2.5353,1.9777,0.9031,12473,2370
2.2878,1.7559,0.7782,10205,10405
2.7218,2.0253,1.0414,7532,1527
2.5659,2.0,0.9031,13632,3358
2.1139,1.6021,0.7782,1368,1321
2.3541,1.6812,0.8451,4473,458
3.5127,2.6064,1.2041,9375,10160
2.3054,1.8633,0.6990000000000001,9420,6299
2.0864,1.7634,0.6990000000000001,11671,6871
2.0756,1.4314,0.9031,9659,1755
2.0453,1.5911,0.7782,3765,5269
1.7404,0.8451,1.1461,695,8413
3.0457,1.5315,1.8633,1761,6583
2.8228,1.4314,1.6233,6448,9693
2.7093,1.3222,1.6335,11258,9422
3.3508,1.8261,2.0043,13274,6413
2.2577,1.3424,1.2305,10343,6655
2.1584,1.2305,1.1761,1155,7109
2.1004,1.0792,1.1461,15374,10887
2.2945,1.1461,1.2305,3972,679
2.2355,1.1761,1.1761,13045,1405
1.8195,0.9031,1.0,9226,5677
1.8325,1.0414,0.9542,14590,2540
1.8062,1.0,0.9031,14542,3549
1.7781,0.9542,0.9542,2036,10740
1.6812,0.9031,0.9542,15382,9246
1.4914,0.9031,0.7782,13315,2171
1.8389,0.9542,1.0,889,8140
1.9395,1.0414,1.0414,14108,4771
1.8451,1.0,1.0414,4462,3288
1.9294,0.9031,1.1139,13487,8747
1.7324,0.9542,0.9031,4934,7826
1.6128,1.0414,0.7782,7737,1255
1.7559,1.0414,0.8451,12526,6683
2.2304,1.0414,1.3222,1664,9296
2.4116,1.1761,1.415,2144,7943
2.2967,1.2305,1.2305,8278,9387
2.1072,1.1139,1.1761,7052,10096
1.8325,1.0414,0.9542,7582,9055
2.0531,1.1461,1.1761,11983,9322
2.3263,1.2041,1.3424,11338,7574
1.7781,0.9031,1.0,11171,3921
1.9956,1.0792,1.0414,4682,2865
1.8692,1.0792,1.0414,5513,1082
2.0043,1.1761,1.2041,12503,7204
2.3345,1.1139,1.4771,9386,3664
1.7559,1.0,0.9542,9771,143
1.9345,1.0792,1.0414,14517,3812
2.3222,1.2305,1.2305,1223,10146
2.0414,1.0792,1.0792,575,2096
1.8195,1.0,0.9031,13610,5113
1.5185,0.8451,0.8451,13949,1830
1.9638,1.0,1.0792,6911,4994
2.0453,1.1461,1.1139,2623,181
2.1461,1.1761,1.1461,6862,2569
1.8692,0.9542,1.0414,7776,10757
2.6776,1.3979,1.3979,2645,2564
1.7708,0.9031,1.0,14359,7740
2.0934,1.0792,1.1139,8825,5978
2.0756,1.0792,1.1139,15274,7123
3.0871,1.6233,1.6902,3396,8615
1.8062,1.0,0.9031,13320,91
2.0,1.0414,1.0792,9647,5415
2.1903,1.2305,1.1461,7771,9164
3.1086,1.5798,1.7781,9672,4445
1.9138,1.0414,1.0414,7259,1273
1.8389,1.0414,0.9542,5783,7156
1.8325,0.9031,1.0414,14753,5463
2.281,1.1461,1.2553,15553,10893
2.659,1.301,1.4914,3884,6049
2.0569,1.0,1.1761,734,1732
1.7404,0.9031,0.9542,10249,1730
1.9294,1.0414,1.0414,4048,229
1.7324,0.9542,0.9542,4659,281
2.0719,1.0792,1.1139,7589,7575
1.7324,0.9542,1.0,1413,10013
1.9912,0.9542,1.0792,7063,4454
2.2624,1.0792,1.3222,1108,1457
2.7604,1.3424,1.5315,12447,2570
2.6542,1.3979,1.415,9018,1697
2.2878,1.2041,1.2305,13180,2803
1.8633,1.0,1.0,13032,9231
1.9345,1.0414,1.0,15565,9834
2.1367,1.1461,1.1461,4532,9646
1.8513,1.0414,0.9031,12490,8987
1.5185,0.8451,0.7782,1933,8190
1.8751,0.9031,1.0792,3657,10600
1.7708,0.9542,0.9031,5309,9564
2.8048,1.4914,1.5051,10425,8461
2.0253,1.0,1.2041,2796,10883
2.1553,1.1461,1.1461,8195,6369
2.2504,1.2305,1.1761,3202,8904
2.2787,1.1461,1.301,440,3927
2.4843,1.4314,1.2787,13951,7026
2.0969,1.1461,1.0792,2269,6470
2.6803,1.3979,1.8129,6845,5445
3.2292,1.6532,1.9731,13798,4140
2.5132,1.1139,1.6812,7723,3406
2.3096,1.0414,1.5682,14373,1348
2.8537,1.3979,1.8389,6748,3755
2.4728,1.2041,1.6021,2969,2141
2.4786,1.1761,1.5441,15549,7133
2.3385,1.2041,1.4314,4356,4171
2.8716,1.3979,1.7559,14044,5629
2.2406,1.2041,1.301,4690,2346
2.2253,1.1461,1.415,200,4126
2.847,1.4624,1.7853,13421,4184
2.6628,1.2305,1.6335,11029,2966
2.7067,1.3222,1.716,5096,3917
2.2833,1.2041,1.4314,11108,1093
2.4843,1.0414,1.6628,12665,8230
2.5092,1.1761,1.6902,15198,5210
2.0899,1.0792,1.2305,10323,778
2.301,1.0792,1.3979,9579,9207
2.9207,1.3802,1.8451,12680,8157
2.2923,1.2553,1.3979,6040,10721
2.6335,1.3802,1.6128,11996,6026
2.7396,1.2041,1.7559,5428,6809
3.1959,1.5798,1.9345,3008,6259
3.3604,1.5051,2.1461,4775,1553
3.6866,1.6628,2.5052,14988,9927
3.7855,1.7781,2.4594,1929,7006
2.0864,1.1139,1.3617,10072,10660
2.4456,1.1461,1.6233,12143,5154
2.6637,1.3802,1.7076,15233,4934
1.9395,1.0792,1.2041,6465,2680
1.9956,1.2553,1.2041,14335,4683
3.1526,1.4314,2.2304,9589,5769
1.9395,1.0,1.1761,11100,3621
2.1367,1.1461,1.3617,1068,2578
2.233,0.9542,1.4472,13558,3725
2.3598,1.1761,1.3222,513,5035
3.4716,1.4771,2.444,11748,6588
2.5024,0.8451,1.7924,5300,4995
2.5478,1.1139,1.5682,620,3491
2.0607,0.9542,1.2787,5011,9483
2.0043,0.7782,1.4624,6120,7851
3.2865,1.1139,2.3838,13930,8486
2.1703,0.6990000000000001,1.7634,9881,631
2.415,1.1139,1.716,931,2566
3.5218,1.5185,2.3617,12237,6913
2.49,1.0792,1.7708,5775,6808
2.3927,1.2305,1.6021,3852,3212
2.0086,0.9031,1.1761,15425,9068
2.4728,1.1139,1.5563,8373,1716
3.7262,1.6021,2.3979,14780,7584
1.716,0.8451,1.1139,8851,10624
2.301,1.1139,1.3802,9675,4444
2.6702,1.2305,1.6902,11996,9889
2.8142,1.3979,1.6628,14299,8624
1.9685,0.9542,1.1461,7955,6926
3.8429,1.8195,2.3032,12004,5498
2.3874,1.415,1.3617,9574,4439
1.7076,1.2787,0.6990000000000001,9056,7364
1.9031,1.3617,0.8451,12845,9862
2.0828,1.1461,1.1139,12628,5462
1.9956,1.3802,0.9031,9162,3855
2.4014,1.2305,1.3617,15295,5445
1.7404,1.2787,0.6990000000000001,9688,1902
3.5356,1.8865,2.3222,4323,3412
2.4330000000000003,1.5911,1.2305,2018,8455
1.9494,1.0414,1.1139,6616,3922
2.1173,1.1461,1.1461,5603,5931
2.1399,1.1139,1.3617,10553,8437
1.8325,0.9542,1.1139,2446,1156
1.9542,0.9031,1.2041,3929,9044
1.8573,1.3802,0.9542,2417,5224
1.7559,0.8451,1.0792,406,3775
1.7993,0.9542,1.0414,10222,4018
2.0212,0.6990000000000001,1.5563,8294,1142
1.9345,0.6990000000000001,1.415,2693,7609
1.8692,0.4771,1.5185,11387,683
1.9138,1.6435,0.301,15565,796
1.8751,1.4771,0.6021,4085,959
1.9138,1.3617,0.6990000000000001,3527,9293
2.1004,1.0792,1.3424,6377,10689
1.2553,0.6021,0.6990000000000001,1713,9752
1.5441,1.1139,0.6990000000000001,7290,7072
2.1106,1.5051,1.0414,2187,5980
1.9542,1.2553,1.0792,8105,5058
2.9159,1.6532,1.5441,273,2110
3.2876,2.1761,1.8129,14494,5422
2.5933,1.1761,1.5911,6255,4193
2.9222,1.2041,2.0,9128,5607
2.2014,1.1461,1.3979,10847,5915
2.0531,1.0792,1.0792,6221,6304
2.0569,1.0,1.1761,1647,5999
2.0645,1.0,1.1761,627,4658
2.2279,0.9031,1.3802,8520,1684
3.5543,1.3222,2.4928,11165,650
3.2076,1.301,2.2041,10671,7092
2.8722,1.0792,2.0934,7244,8691
3.2898,1.3222,2.1673,1645,10585
2.9063,1.0792,2.1367,9678,3338
2.8507,0.9542,2.0334,13706,8930
2.9773,1.1461,2.0682,11631,7903
3.073,1.1461,2.1931,1803,1722
2.9983,1.1461,2.0756,4092,2769
2.8774,1.1461,2.0128,312,3361
2.9355,1.1461,2.0492,11397,2738
1.7853,1.0792,0.9031,6902,1945
2.2279,0.9542,1.6021,8306,3104
1.7324,1.1139,1.0792,870,10338
2.5224,1.3617,1.3424,7499,4765
2.5669999999999997,1.2305,1.5315,14229,10212
2.5563,1.3802,1.4771,10626,2208
2.2672,0.9031,1.4914,6089,6010
2.3541,1.0414,1.4314,9731,5054
4.5721,2.1271,2.6149,7484,6102
2.3617,1.3222,1.4472,7538,4133
3.1664,1.5051,1.7482,576,344
3.1082,1.415,1.9912,15027,8050
2.0294,0.7782,1.3979,7780,3489
2.8965,1.1139,2.1173,15194,7866
2.6222,1.1761,1.7559,963,8292
2.2648,1.0792,1.3424,4144,5408
2.415,1.2305,1.5441,11985,9387
2.8733,1.2787,1.8513,4926,3387
3.0009,1.8129,1.5563,8196,4
2.1399,1.0,1.3979,15445,10034
2.281,1.1761,1.2041,3767,5490
3.0233,1.5682,1.7404,6339,10059
1.8062,0.9031,1.1761,8610,3306
2.0374,1.2553,1.0414,2440,1755
1.7993,0.9542,1.0,4379,3828
2.1673,1.0,1.301,2920,5965
1.8865,0.9031,1.1761,8738,6207
2.1367,1.0414,1.2787,8298,7824
2.0043,1.0414,1.0792,3999,905
3.4444,2.2430000000000003,1.4472,15362,10811
2.4669,1.4624,1.3222,13087,10685
1.8921,1.0414,1.1139,1456,8683
1.8692,1.3424,0.7782,3344,2950
3.7795,2.0531,1.9731,4818,3170
1.9191,1.0792,0.9542,8862,10056
1.8573,1.0414,1.0,5218,7405
1.8633,1.0792,1.0792,3050,7039
2.444,1.1761,1.4914,13213,5804
1.9031,1.3802,0.6990000000000001,7437,8141
1.9191,1.0792,1.1461,13049,393
2.6117,1.2305,1.6721,7339,1894
2.0086,1.1139,1.1139,12710,7206
1.7404,0.9031,0.9542,15448,7118
2.1903,1.3617,1.2305,6829,4648
1.7559,0.9031,1.0,7852,5497
1.8692,0.8451,1.1139,14160,10474
2.1614,1.0,1.3222,14506,6950
1.9138,1.0,1.0414,2442,6694
1.7243,1.1761,0.8451,14492,4043
1.8513,1.0792,1.1139,3556,9133
1.8921,0.9542,1.0792,13639,4437
1.9494,1.0,1.0414,1847,1604
2.1732,1.0792,1.2041,242,5112
2.8943,1.7243,1.7243,8881,9906
1.716,0.9031,0.8451,8757,5396
1.9445,1.2041,1.0,6877,6110
2.1761,1.0,1.3802,12203,4130
2.0414,1.0792,1.0792,11285,9468
1.6233,0.7782,1.0414,14886,9592
1.8195,0.9031,1.0,1268,2504
1.6902,0.7782,1.0792,13440,182
2.4609,1.0792,1.6021,9463,3111
2.8176,1.3222,1.7924,4488,607
1.6532,0.8451,1.0,875,6090
1.3979,0.6990000000000001,0.8451,12400,3956
1.9085,0.9031,1.1761,5480,553
1.8325,0.8451,1.1139,3843,1862
2.5635,1.2553,1.4624,11,7743
2.2856,1.0792,1.3222,13204,9685
2.6181,1.2305,1.5441,432,2945
1.7324,0.9542,0.9542,12125,9076
1.8633,0.6990000000000001,1.301,84,3813
2.3503,1.1461,1.4624,8038,6069
2.5378,1.7324,1.4472,5605,5709
2.42,1.1461,1.4914,12953,7563
1.8325,0.9031,1.1761,6272,8135
2.0828,1.1461,1.0792,13246,7220
2.0128,1.0792,1.0414,7819,718
2.1430000000000002,0.8451,1.3979,13259,4234
2.1430000000000002,0.9031,1.415,2063,2237
2.2068,1.1139,1.2305,9074,2755
2.2253,1.2787,1.0414,13780,7711
2.9912,1.7993,1.4472,7789,6551
2.1761,1.0792,1.301,12215,1790
4.2971,2.3692,2.5011,4752,543
2.3962,1.2787,1.4771,13529,3891
2.3139,1.4624,1.1761,6213,10041
2.4502,1.3424,1.3617,1944,9708
2.3139,1.301,1.4472,7928,7720
2.3979,0.6990000000000001,1.8129,2868,4249
2.2304,0.9542,1.5185,1048,10169
1.8513,1.1139,1.0414,5312,1816
3.0938,1.8513,1.7324,5254,4122
1.7781,1.415,0.6021,3660,10399
1.8129,1.0414,1.0,3548,1832
2.4232,1.6335,1.1461,9549,8021
3.2945,1.5798,2.1732,15207,6078
2.3711,1.1761,1.6128,12750,7666
1.959,1.0,1.1761,12924,4991
3.4832,1.7993,2.4533,9614,3511
3.4299,1.5315,2.2201,13184,3299
3.0515,1.3979,2.0,10840,10790
1.7076,1.0414,0.9031,7826,2472
1.8389,1.1461,0.9542,5787,5225
3.4506,1.5185,2.1004,11873,2276
1.7924,1.2305,0.9031,9800,8880
3.905,1.8451,2.3032,7942,4474
1.8062,1.2553,0.7782,6926,3672
3.2455,1.415,2.2455,1736,9488
3.0682,0.9542,2.2279,5986,551
3.7893,1.8633,2.1761,14151,1878
2.017,1.1461,1.1761,11987,6137
2.617,1.0792,1.8921,9481,9014
2.2041,0.9542,1.4314,13472,5576
2.9722,1.3424,1.8751,2923,3033
2.6096,1.0792,1.7924,6172,5747
2.699,1.1461,1.8513,3246,7364
2.2742,1.2305,1.415,6072,6514
2.7259,1.301,1.7924,8714,5068
2.9786,1.301,1.9395,11618,8671
3.1758,1.301,2.1959,15417,2902
3.0026,1.415,1.9085,2645,8180
3.1055,1.3222,2.0294,4801,1524
3.2997,1.415,2.3096,12235,5941
3.5181,1.6233,2.2672,3733,10770
3.3581,1.6021,2.2455,12772,3113
3.0245,1.3617,2.1239,9665,10491
2.0128,1.2787,0.9542,4031,10330
2.2041,1.5563,1.0,9462,7746
2.2601,1.2305,1.2553,1088,4198
2.5403,1.0792,1.6721,9970,5430
2.0414,1.1461,1.1461,1545,8761
2.1614,1.3424,1.2553,273,6641
2.1644,1.2787,1.2305,8590,7737
2.1461,1.2041,1.1139,6297,4600
2.3117,1.0,1.4624,8669,2400
2.3541,1.301,1.2787,9426,2424
2.0531,0.9542,1.301,10767,378
2.1790000000000003,1.2041,1.2041,6328,9074
2.1206,1.2305,1.2787,10514,2280
2.3617,1.1761,1.3802,8525,4737
2.0414,0.9031,1.3222,13997,6006
2.1987,1.0414,1.3424,4300,7067
2.2201,1.1461,1.3424,14237,8703
2.1239,1.2305,1.1139,43,2544
2.1072,1.1461,1.2787,15680,203
2.3365,1.2041,1.301,3193,5049
2.1038,1.0792,1.2553,2316,3200
2.0682,1.0,1.1761,3362,89
2.0569,1.1461,1.1139,14993,6248
2.1461,1.0414,1.3222,15716,4174
2.1492,1.0792,1.2553,2790,2999
2.1139,1.0792,1.2041,2429,6672
2.1072,0.6990000000000001,1.6233,4734,10219
1.8129,1.4314,0.6990000000000001,10689,9367
2.0253,1.0414,1.1761,9370,3740
2.3856,1.3424,1.4314,10874,6408
2.4683,1.3424,1.3222,15080,4120
2.5717,1.3617,1.4472,9807,5352
2.3075,1.3979,1.2553,6474,7519
2.1818,1.3617,1.2041,8899,1181
2.5551,1.699,1.4314,4267,7491
1.7324,0.9542,1.0,14342,2660
2.2095,1.5051,1.2041,4891,7035
3.3137,1.5563,2.2553,3371,10191
3.2969,2.1173,2.1335,3056,6579
1.8261,1.0792,1.0,14357,2557
2.9232,1.3222,1.8808,11515,8918
1.7708,1.0,0.9542,6854,1537
2.7952,1.3802,1.8195,1552,3312
1.9031,1.2305,1.0792,4304,6847
1.7404,0.9542,1.0414,7066,4289
1.7924,0.7782,1.1461,3391,6682
1.8451,1.0,1.0414,4428,1736
1.8865,1.3617,0.8451,3048,3939
2.7348,1.7853,1.4314,173,2796
1.9345,0.8451,1.2787,8435,9273
2.7235,1.5051,1.4624,13445,10837
2.6656,1.2041,1.699,13164,89
2.7505,1.8692,1.415,13752,3908
2.4609,1.5185,1.3222,3241,8949
2.5635,1.6435,1.3617,14101,3419
2.3139,1.3617,1.1761,11161,4703
2.4297,1.5315,1.4314,11638,6719
2.3729,1.301,1.3617,2225,7265
2.3766,1.4624,1.1761,4075,2283
2.3856,1.2787,1.3424,3455,3392
2.5276,1.5315,1.5051,4493,3525
2.4048,1.5315,1.1461,13397,9717
2.3263,1.4914,1.4472,6057,3688
2.5575,1.4472,1.4314,11470,2634
2.1072,1.2787,1.0792,15064,10276
2.1072,1.2787,1.0792,3777,9959
2.8122,1.5682,1.6812,1767,5195
2.4594,1.5185,1.3222,12720,2269
2.6375,1.5185,1.4314,8987,7677
2.5832,1.6233,1.3979,6560,3960
2.3075,1.301,1.2787,3140,3887
3.2217,1.9956,1.6335,14344,9061
2.7903,1.3802,1.7853,8294,7395
2.3096,1.3979,1.3979,2843,423
2.2041,1.2553,1.2787,11903,1466
2.1644,1.2787,1.1461,14991,4702
2.3711,1.3222,1.2787,3404,2347
2.0253,1.0792,1.0792,253,5901
1.7324,0.8451,1.1461,10672,4790
1.7482,1.1461,0.8451,11837,9282
3.0726,1.699,1.6435,1716,5050
1.8195,0.9542,0.9542,494,4850
3.6774,1.3802,2.5752,15358,1530
1.9243,0.9542,1.2041,13404,5099
1.8261,1.0,0.9031,2360,2952
1.5441,0.9542,0.8451,15085,1942
1.7243,1.0,1.0,13882,10115
1.7708,1.1139,1.1139,12832,5547
1.8692,1.0792,1.2305,8635,3666
1.8692,1.2041,0.8451,68,4419
1.8325,1.0414,1.0,15188,5706
1.8633,0.9542,1.1761,8462,3354
1.7924,1.0792,0.9542,12455,9387
1.716,0.9542,0.9031,5788,1302
1.7853,1.2553,1.0414,6134,1293
1.9823,1.2553,1.0,3484,3294
1.7853,1.1139,0.9031,7926,5222
2.3802,1.301,1.3424,12583,4080
2.3424,1.1139,1.3617,6316,2717
1.5315,1.1461,0.6021,15031,9444
2.1703,0.9542,1.3802,14416,9293
2.0128,1.5051,1.1139,1955,4484
1.7404,0.8451,1.1139,9212,7578
2.5623,1.2305,1.5911,7319,8624
2.0374,0.9031,1.2553,6296,7697
1.5563,0.8451,1.1139,3350,1851
1.8325,0.7782,1.1461,5068,9674
1.9294,0.8451,1.2553,9059,5497
2.1004,0.9542,1.301,1337,1587
2.0043,0.9031,1.4314,10002,6102
2.7657,0.9031,2.0969,1799,4159
1.9638,1.0414,1.1139,12590,7828
2.1173,1.1461,1.0792,10836,2201
2.1303,1.0414,1.301,3358,6019
1.9191,0.8451,1.3979,9853,778
1.5911,1.0414,0.6990000000000001,602,3893
1.5051,0.9542,0.6021,6695,3438
1.6233,1.0414,0.8451,1831,5849
2.0756,1.0414,1.2553,11519,10210
1.5563,0.8451,0.9542,2873,1364
1.8062,0.7782,1.2305,2754,1035
1.6233,0.8451,1.0792,6445,360
1.7559,0.9542,1.0414,12894,8969
1.5315,0.8451,1.0414,8615,5592
1.5911,0.8451,0.9031,6767,9757
2.4786,1.415,1.301,1191,5406
2.0212,0.9542,1.301,16,8496
2.1004,1.1139,1.2305,5582,6353
2.0086,1.2041,1.0,6311,4545
2.3522,1.2041,1.4914,11958,9566
2.1139,1.4771,0.9542,4952,3309
2.0828,0.9542,1.4624,4050,7706
2.0645,0.8451,1.4314,8333,335
2.0043,1.0,1.2041,8822,7460
2.1903,1.0792,1.3424,7937,10571
2.1367,1.0,1.3979,7419,8043
2.356,1.0414,1.5798,3631,4242
2.1614,0.9542,1.5563,11751,10429
2.0453,0.8451,1.415,10360,6632
2.0682,0.9031,1.3617,11962,9359
2.0334,0.9542,1.301,7976,5836
2.0645,1.3979,1.0,1919,10672
1.7243,0.7782,1.0792,5021,3524
1.7781,1.6021,0.301,2569,1251
1.9912,0.8451,1.2787,6845,7755
1.7993,1.4314,0.4771,6269,1219
1.716,1.3222,0.4771,12185,3064
1.9638,1.6233,0.4771,9599,2159
1.9345,1.1461,1.2553,280,6876
1.9777,1.0414,1.0792,1315,9111
1.9085,1.0414,1.0792,10091,9023
1.7324,1.3424,0.4771,981,8089
2.9004,2.5224,0.4771,1885,6946
1.716,1.3424,0.4771,15398,8632
1.8325,1.5051,0.4771,9207,8228
1.7076,1.3424,0.4771,11762,4104
1.8129,1.6021,0.301,9664,9574
1.9345,1.5315,0.4771,10859,8242
1.7404,0.9031,1.0792,10516,1251
2.238,1.8325,0.4771,11017,6129
1.8808,1.0,1.0,460,9983
1.7482,1.0,0.9542,2395,7301
1.7634,1.4624,0.4771,773,7215
1.7243,1.5051,0.4771,2077,2390
1.7708,1.6233,0.4771,1036,9173
1.8062,1.5051,0.4771,2338,10807
1.7324,1.5798,0.301,7693,5115
2.3201,1.4314,1.2553,11549,5793
2.1931,1.3222,1.2305,15302,7807
1.7404,1.2553,0.6990000000000001,5048,3495
1.8692,1.3617,1.0,7276,71
1.7076,1.0414,0.9031,2999,4760
1.8865,1.2305,0.7782,6495,5305
1.9191,1.301,0.9542,11753,425
1.959,1.0,1.2305,2113,8231
1.5441,0.9031,1.0,3495,2407
2.2227,0.9542,1.5185,291,4041
2.2878,1.0414,1.4771,15351,7413
1.5441,1.0414,0.6021,15255,3583
2.1239,1.3424,1.2787,12351,5778
3.2951,1.9031,1.6628,12662,9558
1.8389,1.2305,0.9031,6707,3016
2.1553,1.3979,1.0414,3206,4237
2.1004,1.2305,1.2041,4012,7555
2.316,1.4472,1.1139,2478,194
2.9345,1.6128,1.5911,14479,1758
2.5302,1.4314,1.3979,10049,2440
1.7404,1.2787,0.6021,1679,217
2.5809,1.6721,1.2787,14980,3890
1.7243,1.2041,0.7782,11413,7827
1.8261,1.2041,0.9542,1018,4691
1.8808,1.3222,0.8451,8002,7279
1.8633,1.3979,0.6990000000000001,727,83
2.0086,1.3424,1.2305,12571,8966
1.3802,0.9031,0.6990000000000001,7215,6904
1.7781,1.1139,0.9542,2019,3605
1.9777,1.3802,0.9542,8516,5306
1.7993,1.1461,1.1139,9850,1177
2.1367,1.2041,1.2553,1366,9947
1.7781,1.2305,1.0792,15592,10148
2.1732,1.4314,1.1139,5988,5511
2.4281,1.4624,1.4624,13515,3601
1.9731,1.3979,1.0,8300,2349
1.8261,1.2305,0.9542,12503,3679
1.7324,1.1761,0.9542,9325,10489
1.9191,1.3222,1.1139,2061,7399
1.8751,1.1761,1.0792,12077,6175
2.5024,1.3802,1.2787,8631,844
2.3096,1.301,1.2787,4095,4852
2.3201,1.5185,1.1761,920,567
2.5172,1.4914,1.3424,4487,1092
2.4487,1.415,1.3802,15546,5789
2.2304,1.301,1.2553,617,5212
2.4425,1.3802,1.4624,1188,1247
2.3032,1.2553,1.3617,9822,192
1.8325,1.0,1.2553,7835,5814
1.9868,1.0,1.3424,10849,4790
2.6551,1.6128,1.3979,9691,1672
2.3802,1.3617,1.2305,15263,3638
2.3711,1.3979,1.2787,7062,1876
2.3201,1.6435,1.0792,12884,7006
2.4757,1.4771,1.2553,14410,2166
2.5502,1.7404,1.2553,12385,1632
2.4829,1.5185,1.2787,5538,4308
2.8267,1.6902,1.4472,13716,9393
2.4362,1.4472,1.2041,13020,8477
2.4579,1.4914,1.2305,293,9287
2.4654,1.4624,1.1761,10242,10733
2.6222,1.5185,1.4914,7796,8562
2.0128,1.301,1.2041,15727,2442
