index,V8,V9,V10,V26,spf_id
238,24220,76,108,-0.2913,629535
13293,11397,84,123,-0.1756,114895
3390,7972,99,125,-0.1228,53197
14214,18996,99,126,-0.1568,764094
3240,246930,37,126,-0.1992,575797
13551,62357,64,127,-0.2267,966188
11575,1481991,23,199,0.2791,266314
17344,20007,124,172,0.1841,785504
16576,29748,53,148,-0.1197,714926
18988,180215,53,143,-0.0651,209468
4124,50393,76,143,-0.1093,504707
5513,31062,97,119,-0.1455,364738
14449,61966,102,158,0.0086,188443
19326,38917,62,111,-0.2978,409616
8541,69258,36,133,-0.2568,993161
5064,119540,50,134,-0.1487,490669
6746,570911,11,143,-0.1157,863648
9046,59750,79,134,-0.1543,239588
11085,14907,92,126,-0.1499,500286
474,24807,96,141,-0.0727,94883
11192,32604,87,141,-0.1031,671972
11283,17753,101,134,-0.0935,318288
7950,13829,107,150,0.0192,476998
1165,32175,92,141,-0.0479,483912
2605,27349,123,148,0.063,78626
7196,16645,77,111,-0.2395,905490
583,38722,75,118,-0.2341,948976
6210,8948,97,119,-0.1776,907673
4486,368381,33,140,-0.1045,700841
12425,36875,51,124,-0.2537,181598
8885,20751,99,132,-0.1093,677129
714,48793,47,125,-0.2767,731680
16164,16680,80,119,-0.1752,822970
12919,19762,70,111,-0.2785,723999
11510,68851,15,119,-0.4588,821993
4477,35856,55,127,-0.2367,733268
13228,32705,55,125,-0.2015,310218
16062,43323,77,135,-0.1046,839783
4466,17413,73,100,-0.3522,411012
13035,20993,79,126,-0.184,49443
5133,44712,90,132,-0.095,206872
7832,30269,65,124,-0.2701,351509
3630,23207,66,124,-0.2252,120754
17224,34655,88,116,-0.2037,805847
11719,10784,96,132,-0.1403,306731
10035,22785,67,110,-0.3333,809360
14097,5587,85,116,-0.2206,863293
10028,7502,91,124,-0.1745,878823
3509,7525,67,100,-0.3468,495915
18970,6124,95,125,-0.1301,826755
11631,6567,100,132,-0.1154,650057
3830,46365,51,109,-0.3611,189156
10904,16337,72,109,-0.2987,970680
8602,13678,69,108,-0.3061,339433
3950,20528,95,125,-0.1469,272733
17236,15572,88,126,-0.1667,892959
15433,6902,120,149,0.0573,615206
19567,18593,85,119,-0.2106,826190
1739,7416,94,132,-0.1353,455270
7098,7013,99,123,-0.1439,693003
5309,5039,81,111,-0.2572,805165
2285,6863,100,132,-0.1064,446970
15704,8063,84,126,-0.1712,348995
19892,6625,87,118,-0.2158,777025
5965,7846,99,127,-0.1243,322452
8720,38206,77,118,-0.2186,759433
6585,11126,84,116,-0.2098,856183
12599,5369,95,116,-0.1775,297347
10352,5232,73,94,-0.3512,673382
6215,4674,71,101,-0.3479,142963
16524,7804,77,100,-0.315,181180
14117,18416,81,116,-0.2428,918055
3591,8709,99,119,-0.16,832491
1810,4616,58,93,-0.4276,235171
10814,4585,62,92,-0.40299999999999997,905910
1200,3022,80,116,-0.213,625540
9436,24034,90,143,-0.1016,698847
14931,18654,101,141,-0.0658,739308
1566,300024,64,140,-0.1132,471631
6453,228995,16,133,-0.166,524717
19390,141034,47,126,-0.2246,619409
6245,11430,97,126,-0.133,322375
9225,4014,89,111,-0.21600000000000003,351181
15038,1096282,21,141,-0.2153,215978
3486,10915,55,97,-0.3683,579957
2369,13173,94,140,-0.0972,965623
2226,9671,106,128,-0.0786,765854
11100,28986,78,127,-0.1765,305764
17867,32134,92,132,-0.1313,546679
15286,35005,68,135,-0.1263,80701
3077,44883,63,132,-0.1976,112184
5204,67978,44,124,-0.3003,231789
14120,67597,72,124,-0.2199,90704
5904,17820,49,109,-0.3402,453205
16594,5049,87,109,-0.2414,443808
7393,28261,91,126,-0.1541,321168
1396,15385,103,126,-0.1097,869217
12463,20264,99,125,-0.1253,167012
14842,12212,100,127,-0.1247,205825
4436,11385,95,127,-0.128,480917
7402,5999,111,135,-0.081,489570
11943,13356,89,111,-0.2213,860770
7075,24547,49,126,-0.27899999999999997,107668
10768,97514,66,133,-0.2146,377661
12918,41622,46,108,-0.3686,340383
19226,11656,71,127,-0.215,502877
7139,283038,19,141,-0.11199999999999999,227501
1114,28050,89,140,-0.1269,540112
1487,18742,87,134,-0.1126,737115
9728,11439,84,127,-0.2021,820108
9686,22478,84,126,-0.1557,280892
7522,33379,68,125,-0.2262,215036
6287,9559,23,94,-0.5528,740052
3969,21691,90,125,-0.1527,425972
16962,19226,30,93,-0.5816,256042
8851,24697,45,95,-0.4471,492855
7567,9253,38,101,-0.4836,363323
5746,37695,80,124,-0.223,867320
3624,13345,89,134,-0.1384,143058
15700,78455,88,124,-0.1956,129411
3762,90154,91,126,-0.182,563626
17165,32766,86,124,-0.2359,153454
15567,24672,90,119,-0.2035,563533
1323,25531,64,126,-0.2445,871429
12411,14605,94,125,-0.1485,478583
4327,37930,77,125,-0.2034,636449
10396,84410,62,127,-0.1694,591299
14877,23706,77,127,-0.1841,384828
17383,89508,68,127,-0.2456,965286
5608,21864,74,126,-0.2475,464838
18139,28268,85,127,-0.1851,929102
7973,76380,63,127,-0.2261,825615
15890,43880,62,125,-0.2722,595397
19944,29895,81,126,-0.1805,253066
18175,12238,84,124,-0.2033,72841
11263,454421,30,133,-0.2424,86152
15146,8051,106,127,-0.1015,966485
8144,19118,80,127,-0.1702,147761
16946,18052,79,127,-0.1704,966946
2724,9917,110,134,-0.0666,387907
2259,197957,28,126,-0.4283,19199
231,17388,65,126,-0.2325,932020
16904,22508,66,125,-0.2043,127771
18880,11573,89,126,-0.1705,739171
7662,11748,84,135,-0.1175,10422
7126,363821,37,133,-0.1436,670235
16275,46520,49,127,-0.2746,622239
18889,28711,68,126,-0.2292,7214
4974,45269,78,126,-0.2035,277831
18548,26902,75,125,-0.1854,446106
17936,20267,102,143,-0.0575,295926
17889,16571,99,143,-0.0481,996815
16778,14471,97,143,-0.05,152950
14039,31058,91,151,-0.0559,152459
9442,34055,106,156,0.004,405286
6866,13943,120,150,0.0374,756005
16335,19711,103,156,0.0,807793
14255,18695,101,156,0.0073,245709
8354,15858,116,143,0.0072,54937
13690,6632,108,132,-0.0748,386718
13362,25563,100,132,-0.1163,52228
575,39043,71,117,-0.3004,336738
17672,9155,99,118,-0.1485,358337
10754,7752,109,140,-0.0387,542686
13414,154035,80,116,-0.2431,246414
1337,248809,96,127,-0.1426,633768
7698,62926,104,135,-0.0564,53435
3080,41476,92,127,-0.1797,75199
5125,32335,79,118,-0.2844,327274
10581,22913,98,125,-0.1268,581686
16300,8781,46,86,-0.4918,934372
209,20642,47,95,-0.4515,363551
2517,6820,86,110,-0.2496,707779
541,6593,109,126,-0.0802,277956
14486,5912,97,132,-0.1447,405658
941,35427,78,101,-0.3081,110714
19564,9467,105,127,-0.098,302166
7821,7659,98,125,-0.1328,316863
4879,13595,106,134,-0.0683,973512
1871,15719,89,111,-0.2228,33451
2942,4557,70,93,-0.3754,973164
8971,4347,36,84,-0.5411,611137
19829,8535,104,127,-0.1109,254135
2241,85268,94,124,-0.1535,339386
12725,611544,93,143,-0.0496,67738
12922,34230,84,111,-0.2424,294018
10119,5608,85,103,-0.2574,42759
10346,8915,109,132,-0.0588,527450
12882,6106,101,124,-0.1327,869804
17243,21964,33,84,-0.5678,587569
17670,13148,95,118,-0.1649,880225
2012,8388,95,119,-0.1599,980646
17964,6374,90,116,-0.2096,749354
5526,20000,105,126,-0.0809,173214
16077,13549,97,124,-0.1464,212396
1464,83716,77,118,-0.2601,554160
4812,8233,40,78,-0.5373,960302
5193,51661,97,134,-0.091,195078
9571,11154,87,111,-0.222,210843
13166,8824,113,135,-0.0291,786321
3213,8235,97,124,-0.1645,188359
6249,60260,51,93,-0.4202,834785
15401,145129,22,86,-0.6096,41184
8815,53750,29,84,-0.5644,393839
16696,31515,43,78,-0.5274,414511
12207,110127,102,133,-0.0828,149871
16510,479002,82,148,-0.1328,530198
18114,110993,95,133,-0.1285,455257
16357,63194,96,125,-0.1561,706736
17162,608995,43,108,-0.3475,368796
15023,61231,40,79,-0.5282,418665
3700,202537,95,135,-0.113,771658
5470,60005,90,126,-0.1819,430530
4815,316233,82,133,-0.1407,456516
7397,198389,44,101,-0.3758,706583
18231,83627,105,132,-0.0785,798077
10324,121595,89,132,-0.1725,408871
10040,365943,78,124,-0.2498,522997
4441,63480,90,117,-0.191,14414
1321,66181,110,135,-0.0425,900580
18824,77691,94,127,-0.1254,232453
2898,8477,113,140,-0.0115,154894
6172,126759,81,118,-0.2654,599866
14462,26694,86,116,-0.213,603619
6723,17295,114,141,-0.0209,761483
9451,12602,102,132,-0.0968,827048
5158,8027,98,119,-0.1525,971080
10125,917886,95,141,-0.0538,893406
17762,19460,96,118,-0.1737,777501
6702,19650,52,94,-0.3908,837137
18413,6819,98,124,-0.1408,445718
12060,6685,102,124,-0.1296,512694
1034,6483,109,127,-0.0791,700362
12502,14875,42,85,-0.5178,151324
12927,6135,102,124,-0.1124,386292
8203,15896,111,140,-0.0298,779326
15624,4499,51,117,-0.3108,418695
9138,5695,81,109,-0.2706,598720
509,84461,96,126,-0.154,499467
8563,59901,105,141,-0.0508,635015
1893,6757,95,115,-0.1879,934797
1705,14757,93,118,-0.1646,569543
1820,8566,93,111,-0.2127,52558
4927,3095,41,71,-0.5902,841373
18704,25660,104,125,-0.09699999999999999,898982
10702,8327,103,126,-0.1088,823174
18961,30518,95,125,-0.1664,212963
11469,38672,80,118,-0.2253,528211
10279,5376,95,111,-0.1923,367302
12447,9733,89,113,-0.2241,924471
9969,6834,102,124,-0.1247,708975
6905,7384,89,109,-0.2308,470351
4366,63525,73,117,-0.29600000000000004,595232
14835,22534,104,127,-0.1018,365208
2395,7216,102,124,-0.1191,449635
1209,13185,90,117,-0.2076,465063
18985,24463,103,125,-0.1111,87423
8909,18774,92,116,-0.17600000000000002,562618
11555,16678,96,120,-0.1594,404758
10948,71852,49,84,-0.455,986464
848,15545,99,125,-0.1325,346877
12687,132939,70,118,-0.2935,280914
6372,7588,100,119,-0.1408,656215
16405,29896,117,143,0.0111,657775
12990,19591,105,127,-0.0944,512472
5810,46236,91,118,-0.1883,277942
19440,27599,100,124,-0.1199,263282
17162,12056,111,132,-0.0486,70219
8379,6146,104,125,-0.127,988813
4252,103898,106,133,-0.0702,327185
10462,7286,102,126,-0.1106,755845
18649,6260,96,117,-0.1849,227624
2836,12834,90,125,-0.1645,357068
10085,38597,110,140,-0.0397,224360
15638,7309,112,132,-0.0639,551943
17223,28728,86,135,-0.1129,856410
12568,49765,80,116,-0.2362,838199
3924,16633,84,116,-0.2356,541211
6058,8246,95,117,-0.1741,296336
1657,6861,76,109,-0.3039,319875
1094,10702,116,140,0.0073,349924
16936,6490,96,118,-0.1688,572224
2728,4931,41,84,-0.5185,89247
14833,5546,99,124,-0.1504,35887
2731,7050,111,135,-0.0504,869215
17392,7114,112,133,-0.0418,146561
9060,16308,115,140,-0.02,172335
3032,11647,89,110,-0.2223,74106
1419,50867,86,118,-0.18899999999999997,335630
12590,31789,85,124,-0.21899999999999997,784857
6103,18517,88,119,-0.218,441201
15786,5957,89,111,-0.2112,857491
6379,11516,84,117,-0.244,88102
13566,5652,75,101,-0.331,99706
13467,26356,84,118,-0.2317,651879
11025,11843,109,134,-0.0654,860264
9232,19139,86,109,-0.24100000000000002,895968
2421,8106,79,101,-0.3041,336069
7132,12465,72,109,-0.3142,297421
9911,6133,91,117,-0.2014,648818
14031,5573,81,103,-0.2743,842577
1218,15313,93,111,-0.1971,245105
5004,12424,112,132,-0.0576,692946
13887,9214,90,108,-0.226,591119
13448,11748,87,124,-0.2019,569685
7230,96937,48,101,-0.3705,283374
18886,11293,90,116,-0.1906,138482
4823,150413,85,132,-0.1429,713539
13389,8123,81,110,-0.2788,321467
15404,62326,89,132,-0.1397,926935
8503,5940,47,77,-0.5216,327347
10183,14997,91,117,-0.192,740860
13094,26503,108,148,0.01,306932
2724,3673,48,77,-0.5217,890475
18355,17100,85,111,-0.2278,172559
18004,6886,84,111,-0.2423,507550
19756,52482,76,109,-0.2906,98039
7854,5267,90,109,-0.2236,878343
13116,16865,90,125,-0.1388,614959
7105,9208,105,132,-0.0777,700614
3189,10847,104,126,-0.0985,249650
7622,36566,81,119,-0.2402,491775
9961,6323,41,70,-0.555,972506
7521,160372,81,126,-0.188,920567
12332,18361,80,118,-0.2529,815820
9734,4643,43,86,-0.5227,258828
12121,18720,80,110,-0.2651,505716
1795,6657,81,108,-0.2675,109320
2606,7151,92,118,-0.1903,565573
4774,5907,105,125,-0.1125,782483
2761,42620,119,135,-0.0178,724564
10987,19453,120,134,-0.0195,79727
10456,78470,119,135,-0.008,150878
11639,17707,119,133,-0.0258,400435
9509,65223,120,142,0.0031,455727
10137,20312,122,140,0.0044,258116
168,20131,122,140,0.0082,113365
18374,40573,122,141,0.0159,321937
18890,17505,87,111,-0.2402,332179
17516,16908,105,133,-0.1014,448837
18969,185716,93,133,-0.1628,478929
19321,15035,118,135,-0.0212,131352
15573,214243,101,135,-0.0722,452507
4042,14323,107,126,-0.0976,173233
9123,13662,106,127,-0.1031,137442
4531,15147,109,126,-0.0897,231413
9233,395668,78,127,-0.2039,317280
14626,32358,96,126,-0.1431,716316
14426,13094,168,198,0.4208,692933
2071,12872,178,207,0.5237,12053
15200,10855,168,189,0.3902,288775
18630,14016,157,206,0.46,579769
1968,79713,77,221,0.4058,42083
14317,15483,195,213,0.5916,500332
15482,28697,172,212,0.4946,644344
18586,181730,68,236,0.5917,475998
19698,15069,196,210,0.5909,560116
15840,27180,192,207,0.5613,187983
18414,21840,195,212,0.5799,705634
17276,13025,163,188,0.3751,351060
12155,9968,178,207,0.4976,228666
8580,13099,164,205,0.4831,313427
8188,11189,178,198,0.4569,739790
5126,12624,177,191,0.4504,386533
13576,11255,143,174,0.2561,428222
15334,69672,48,189,0.08,542347
6450,20974,118,174,0.1704,56837
8205,17174,123,181,0.2423,136449
10862,14369,128,164,0.1693,589445
16598,13311,141,182,0.2839,418242
9389,14041,139,181,0.2905,209896
13408,9848,161,183,0.3498,7499
694,12593,150,180,0.3118,212246
1344,14538,134,183,0.2907,402787
1053,14808,148,182,0.3146,482435
2543,8857,161,182,0.3307,343310
4829,8801,159,181,0.3223,50852
11851,11132,161,182,0.33799999999999997,690341
1084,10518,156,180,0.3043,295670
13369,16760,148,182,0.2964,651798
17154,14703,128,175,0.2486,149907
12997,9033,158,181,0.3315,678921
19062,233778,49,124,-0.2254,95612
6849,175110,6,119,-0.35100000000000003,949403
10619,21216,36,127,-0.2698,650901
19925,21639,33,127,-0.2682,676260
18153,19202,68,124,-0.2267,648420
1633,23671,43,129,-0.2513,919620
19729,18625,61,126,-0.1685,443237
15338,49867,70,103,-0.3117,363025
12003,49303,54,93,-0.4119,416140
19633,11591414,0,156,-0.4068,687810
4566,3037459,24,148,-0.0629,777426
2488,2554885,21,148,-0.0545,189103
3171,3061597,23,148,-0.061,471115
3128,2935414,22,143,-0.0588,75615
16542,2529140,18,143,-0.0543,499558
6964,2499819,25,143,-0.0577,337794
3644,2712104,27,150,-0.0606,483747
12715,2638402,21,143,-0.0625,980449
3559,2519511,24,143,-0.0643,428374
14695,2020624,24,143,-0.057999999999999996,848284
14804,2144244,24,143,-0.0681,794705
12925,2332320,22,143,-0.0717,744280
17989,2156667,21,143,-0.057999999999999996,974725
11628,2230510,25,150,-0.0589,883537
8315,2155523,24,143,-0.0553,91127
833,2013557,19,150,-0.0572,415862
12284,1992604,21,149,-0.0577,427016
14803,2147442,24,148,-0.0525,694371
17105,2160349,27,148,-0.066,127145
10869,2264960,24,143,-0.0641,691260
1495,2225392,22,142,-0.0799,175100
18916,2400588,23,141,-0.0767,802322
7804,2155986,25,143,-0.0747,723781
557,2034432,27,142,-0.0843,773955
5610,2236201,25,143,-0.0783,323846
8334,1734628,27,142,-0.0935,475310
5398,1939163,27,143,-0.0801,631723
1753,2094532,25,142,-0.0812,662770
7793,12817,123,140,0.0013,435579
14804,44478,120,134,-0.0184,775825
15266,1972773,29,141,-0.0838,971817
17816,1847157,31,141,-0.0945,366714
6995,1847464,22,143,-0.092,500063
376,16028,120,134,-0.0217,326392
10342,1877827,19,141,-0.0955,355811
2951,1720418,22,141,-0.1017,374672
17291,1751637,21,141,-0.0907,941747
15197,1508093,29,141,-0.096,600558
13748,1976551,26,143,-0.09,833599
17082,1936241,25,143,-0.0879,870449
14470,1758655,27,142,-0.0821,257961
6299,1579135,25,141,-0.0929,856211
5456,1546189,29,141,-0.0977,26026
13763,1868220,23,141,-0.09699999999999999,149217
15362,117325,119,135,-0.0197,332873
18472,1835252,23,143,-0.081,212976
19066,1302540,27,143,-0.1033,525672
11519,1798470,24,142,-0.0885,621525
7138,1630309,29,140,-0.0886,581552
1243,1315891,29,141,-0.0973,313316
9133,1567858,30,141,-0.0962,478002
2825,1814409,25,142,-0.0974,122957
1965,1381722,30,141,-0.1013,135065
5471,1375431,32,143,-0.0951,694487
12624,1297285,27,141,-0.1008,956138
2086,1398637,27,141,-0.1052,254058
16766,68416,119,135,-0.0083,450597
19869,86417,120,140,-0.0028,91001
12385,1187807,25,141,-0.09699999999999999,651168
14030,1327403,23,141,-0.10099999999999999,144603
15850,101435,119,140,-0.0019,448175
14913,1339579,26,143,-0.0893,362008
18232,1261668,28,141,-0.096,3557
18151,1642086,26,141,-0.0882,374012
15809,1431766,29,143,-0.0971,352161
1790,1402972,34,141,-0.0948,770933
19757,1635177,33,142,-0.084,540203
7874,1550152,31,143,-0.09,82039
12531,1482862,29,143,-0.0899,460137
15731,1661835,31,141,-0.0927,103651
18026,1691554,29,143,-0.0788,587136
16664,1424210,33,141,-0.0924,215231
12629,1529932,30,141,-0.0935,571630
2970,1507625,33,141,-0.1019,464157
1631,1245388,38,141,-0.0988,914529
19072,1320194,27,142,-0.1035,153261
15569,1577022,30,141,-0.0949,540477
11868,1442027,36,141,-0.0971,568338
19805,1459713,31,140,-0.1033,516257
7049,1507763,32,140,-0.0979,168518
14622,1585785,37,141,-0.0956,366778
8774,1456542,27,141,-0.0903,58206
178,1270726,31,143,-0.1047,2989
12647,1308444,30,135,-0.1271,443056
7376,1508999,37,141,-0.096,707637
12582,1248379,25,141,-0.1063,312629
6571,1383987,33,140,-0.1028,389872
12814,1299720,31,141,-0.1058,636857
12603,1311391,36,140,-0.1003,34878
16808,1361903,27,141,-0.0993,328873
16284,1515722,35,141,-0.1031,81557
15550,1367596,36,141,-0.0952,951776
16214,1293558,35,141,-0.0986,735991
9829,1245114,33,141,-0.1059,546877
15743,1505833,35,143,-0.0976,860873
1866,1439221,31,141,-0.0997,903091
10424,1452456,37,141,-0.0933,955474
7747,1330937,40,141,-0.0966,424990
18800,1487763,37,141,-0.0944,958828
201,1196792,33,141,-0.1035,516801
17926,1098162,37,141,-0.1041,324033
10406,1239926,38,142,-0.0983,271525
9348,1303229,40,141,-0.1077,71037
13498,1246740,40,140,-0.1098,303136
7788,1238454,36,140,-0.1059,646072
9690,1068391,38,140,-0.1072,854551
7298,1338028,42,140,-0.0943,906530
4766,1133850,39,140,-0.1077,401885
4234,582040,34,135,-0.1761,69244
9820,513464,40,127,-0.1781,145084
17674,1083941,41,141,-0.1071,743295
2093,1273434,44,142,-0.0944,589577
5899,527906,39,127,-0.1743,308534
13575,601643,47,127,-0.1757,285817
6898,1084425,41,141,-0.1099,725109
2525,637883,48,135,-0.1634,904060
10592,598575,42,135,-0.1675,429313
3803,1095577,39,140,-0.1067,838799
17887,1059263,40,141,-0.0988,1192
3282,1001426,41,141,-0.1034,922286
19882,1130960,42,140,-0.1068,71697
14659,971036,38,141,-0.10300000000000001,497436
3723,259127,118,141,-0.0013,862706
8634,593650,42,127,-0.1708,405341
3320,996980,47,141,-0.1057,629923
7977,598862,43,135,-0.1609,608923
7804,764,123,134,-0.9989,635518
16155,491662,38,127,-0.1713,75423
18748,1025103,35,141,-0.1059,55519
10782,553974,46,127,-0.1774,717150
3563,618954,41,135,-0.1562,304348
17399,245067,120,140,0.0029,75647
1646,353617,114,140,-0.0102,905741
6240,678752,41,135,-0.16899999999999998,502223
18098,945879,52,141,-0.1144,996433
16840,889727,49,140,-0.1309,15334
17329,588758,53,135,-0.1606,1233
16059,701931,55,141,-0.1427,283547
2697,497404,33,124,-0.2094,874545
15200,600689,38,133,-0.1848,333888
5945,470165,39,135,-0.1785,791387
1786,47481,115,135,-0.034,517648
7250,33858,115,135,-0.0416,30928
12856,427024,48,127,-0.1893,629650
18464,408392,39,127,-0.1857,448558
2688,439309,38,127,-0.1873,907005
14893,457632,38,126,-0.188,761285
10365,312375,116,140,-0.0092,641045
4195,407966,29,135,-0.1853,701926
16185,12531,118,135,-0.0307,703714
1003,432500,37,132,-0.1819,710957
936,445047,42,126,-0.1749,608262
7951,470618,40,127,-0.1806,713065
4522,343029,42,125,-0.1938,68925
15150,378154,45,125,-0.1864,998626
11797,380538,43,127,-0.1879,42642
12221,391378,40,126,-0.1924,253926
3614,384266,37,126,-0.1893,754218
11250,407075,38,124,-0.192,516832
13331,342248,50,125,-0.1866,307197
11513,379850,46,124,-0.1916,902923
9524,354240,45,126,-0.1948,347348
15582,426267,40,126,-0.1923,697245
5954,379668,43,125,-0.1909,415812
16345,450619,45,126,-0.1872,497139
17218,421512,50,126,-0.1865,886508
12611,413005,41,126,-0.1903,449693
19882,417578,41,125,-0.1883,264009
4085,456908,47,125,-0.1904,678622
16894,407163,45,125,-0.1885,658005
2283,522331,49,126,-0.1843,528271
6978,659058,54,127,-0.1925,943154
6863,649441,55,124,-0.1834,909962
5796,645016,51,134,-0.1833,495227
18318,648220,48,133,-0.1874,131018
11912,28034,116,135,-0.0436,852789
7364,612067,47,126,-0.1864,915694
14573,591835,45,126,-0.1891,756024
4038,608466,42,126,-0.1877,340708
4825,25309,115,134,-0.0448,894577
3581,24389,114,134,-0.0473,48486
13212,618937,43,125,-0.19,170244
18243,627913,39,126,-0.1901,41723
8651,637317,45,125,-0.1895,57039
10046,600867,41,124,-0.1887,594531
3281,618605,45,126,-0.1865,99340
9802,651641,43,125,-0.18899999999999997,476194
2852,622760,45,125,-0.1902,91066
17026,647587,47,124,-0.1961,403571
9816,644765,38,124,-0.1911,863340
6109,626256,45,125,-0.1925,806219
546,637707,49,127,-0.1855,442795
5371,638448,44,127,-0.193,380124
342,301138,116,140,-0.0222,621260
16066,588714,40,126,-0.1924,993273
2684,266914,113,135,-0.0292,995665
15288,598890,49,124,-0.1957,99147
6131,246168,115,135,-0.0193,709605
4299,241083,116,140,-0.0206,83333
6072,589956,132,132,-0.2309,892753
8937,610139,40,127,-0.19,992929
3707,263590,115,135,-0.0231,741936
12613,658914,41,124,-0.1902,448532
326,660910,38,124,-0.1937,512027
19209,688430,37,125,-0.1944,510483
14848,656298,45,125,-0.1854,713087
18674,659350,39,119,-0.195,81003
12118,723789,36,125,-0.1942,922859
548,654684,41,127,-0.1929,479211
18733,746545,40,119,-0.1955,126934
5947,671353,38,127,-0.1923,684377
17771,732196,43,126,-0.1827,802760
18576,686124,41,133,-0.1953,88196
7644,227896,114,135,-0.0292,608447
13514,677554,36,125,-0.1933,539480
12514,645839,38,124,-0.1875,389542
13238,657020,37,125,-0.192,2919
14807,612746,38,119,-0.2044,38158
2738,669161,46,126,-0.187,606261
13662,647595,43,119,-0.1939,934758
15775,590664,43,124,-0.1913,353643
7617,641502,39,127,-0.1924,480834
8242,672664,43,125,-0.1916,744827
9357,705056,42,127,-0.1933,307790
14808,670952,43,126,-0.1838,953920
10682,674120,41,124,-0.1921,155756
550,691010,36,124,-0.1917,229772
8858,686356,42,124,-0.1906,521251
7079,685447,44,124,-0.1881,474950
15846,255,126,133,-0.0039,724742
18433,701946,38,124,-0.2,492375
1642,679238,39,125,-0.18899999999999997,925585
4307,700391,37,124,-0.1925,91680
16781,687345,36,124,-0.1969,66898
18075,685894,41,124,-0.1956,452254
8196,699635,36,126,-0.1981,311944
18714,674367,38,124,-0.1926,601998
7956,684731,38,126,-0.1901,88734
13255,689961,40,126,-0.1887,718556
2402,666047,40,126,-0.1975,195870
11291,230162,115,135,-0.0243,733193
17730,666662,39,124,-0.1902,927642
14827,669614,36,124,-0.1939,121666
18574,709363,38,126,-0.1943,300083
7005,684236,36,124,-0.1919,859124
6462,676077,41,125,-0.1865,548402
17148,735371,42,126,-0.1837,570379
19019,725465,43,125,-0.1888,223360
5606,688556,38,127,-0.1853,853463
11428,750685,35,126,-0.1996,653002
14596,724819,43,124,-0.1908,144869
5947,723643,41,124,-0.1858,47822
11191,349157,115,140,-0.024,509890
9104,687299,44,124,-0.1855,233042
12768,676562,43,125,-0.1867,449194
8119,675748,43,124,-0.1848,664096
7338,666455,41,126,-0.1863,172219
7340,683149,39,127,-0.1808,19844
830,722716,39,127,-0.1861,345444
78,706929,42,124,-0.1834,288909
3483,624180,39,124,-0.1906,11101
1478,647965,40,126,-0.1935,108607
8818,250,120,130,-0.0234,362927
11738,626586,39,126,-0.1855,564250
3612,614522,38,125,-0.1908,72199
9757,649801,39,124,-0.1876,359788
15042,654358,42,126,-0.1861,755324
12491,658162,41,125,-0.1851,968361
8158,711671,40,124,-0.1856,958948
3857,639433,36,124,-0.1911,622787
11869,640970,41,119,-0.1904,645412
18024,675659,40,127,-0.1821,105322
11035,602131,40,125,-0.1823,71834
19235,648910,36,126,-0.1926,567782
10391,269308,116,135,-0.0259,833470
6269,588321,37,124,-0.19699999999999998,669894
13130,673434,44,124,-0.1871,518514
3903,674326,46,127,-0.1744,469978
15556,648169,46,124,-0.1884,857709
2413,579951,43,125,-0.1827,394700
17905,618320,51,127,-0.1694,211485
18993,649139,43,124,-0.1865,886443
3356,633606,47,127,-0.1852,997767
12002,626007,41,126,-0.1797,64823
4471,208514,115,135,-0.0332,580476
2008,660758,45,127,-0.1818,696239
16861,690169,33,124,-0.1909,761285
7007,660291,40,126,-0.1847,578686
5353,654634,42,126,-0.1879,952878
12870,635284,40,125,-0.1874,503287
17404,685717,43,134,-0.1799,970910
6658,654471,40,124,-0.1858,340800
18250,30451,115,132,-0.0522,427962
8813,648030,39,126,-0.1797,314596
17120,622528,42,126,-0.1852,930747
5496,608295,44,127,-0.1871,601028
3011,26683,109,134,-0.0481,623354
9800,668126,37,119,-0.1877,764021
18186,677593,40,124,-0.18600000000000003,688620
4135,669129,43,119,-0.1895,286192
3847,659881,41,134,-0.1794,184628
12902,635475,42,124,-0.1969,581191
357,682403,41,126,-0.1809,656111
12082,723207,48,124,-0.179,730083
13901,693100,42,124,-0.1861,28106
1484,20714,114,132,-0.0481,271067
11065,734568,40,127,-0.1805,149988
6267,685255,40,119,-0.1851,885132
7023,649137,48,125,-0.1736,576913
13219,661448,43,124,-0.179,8907
3913,667465,46,126,-0.1746,151797
19425,581466,43,125,-0.1739,944692
14053,584291,43,126,-0.175,234052
17323,652005,46,127,-0.1751,472751
2725,598976,43,125,-0.1773,784207
13891,618846,48,126,-0.1704,624156
17235,617639,44,127,-0.17,614460
3851,614756,44,125,-0.1762,61356
9151,435821,64,127,-0.1655,974176
675,456305,65,127,-0.159,965899
2747,516343,63,127,-0.1575,665373
15473,477354,68,127,-0.1557,124238
9103,439881,56,127,-0.1558,278603
12340,473046,65,127,-0.1496,909310
19695,431127,66,127,-0.1497,82391
15264,373412,67,127,-0.1556,558408
5160,474761,68,127,-0.1563,769778
6031,479531,74,132,-0.1415,935447
1360,417036,73,127,-0.14800000000000002,315181
10594,425840,71,127,-0.147,335594
659,419968,70,127,-0.1535,945664
3123,1445817,27,124,-0.2148,129736
5327,1594353,26,126,-0.22399999999999998,499434
16564,1328712,29,124,-0.2224,918960
10519,1732196,23,140,-0.1353,895747
6866,1741571,22,143,-0.1053,796222
19453,246531,35,95,-0.4221,724446
10506,260660,36,103,-0.3807,493985
6357,265172,35,103,-0.3797,720471
3938,292575,35,108,-0.3703,413804
8948,499944,36,118,-0.3105,699951
13107,260241,38,103,-0.3702,288901
6099,633741,40,134,-0.1902,648139
18367,819375,40,135,-0.162,32882
14082,773694,43,140,-0.1463,537100
4944,635678,9,143,-0.0786,88049
12763,30104,87,134,-0.1058,331244
7872,7479,114,132,-0.0576,516648
8766,2871,116,148,0.0195,834189
7527,9819,100,125,-0.10800000000000001,340790
9321,5558,127,140,0.0338,736108
12275,2246,120,149,0.0322,897966
12769,2274,110,141,-0.013000000000000001,807606
6726,1537,112,149,0.0007,401608
6450,1563,125,143,0.0176,96673
7784,1543,110,140,0.0046,575008
5765,1528,115,141,-0.0052,381249
17945,1504,111,140,-0.0208,524806
3999,1808,122,136,0.0089,171548
4889,1541,111,142,0.0033,106329
12753,1923,123,141,0.0016,581613
7831,1539,113,141,0.0019,615103
35,7104,89,126,-0.1461,829413
5528,1509,112,143,-0.0176,54021
17094,1585,128,141,0.0319,798214
19460,1398,111,135,-0.0071,874430
4735,2181,122,132,0.0023,992109
15243,1522,90,118,-0.2073,423142
8219,1335,99,127,-0.1309,33622
9145,1063,107,126,-0.0773,904939
11979,958,108,135,-0.0645,133391
8386,950,105,127,-0.0723,505821
17582,1059,107,132,-0.0807,15864
14819,718,107,140,-0.0651,267570
11145,775,118,136,0.0091,33900
13873,1233,119,132,-0.0367,918985
1047,2121,114,148,0.0356,266002
10918,2183,121,135,0.0032,34615
15700,3576,120,135,-0.0022,327953
2545,2042,114,140,-0.0029,466152
2614,7595,92,132,-0.1144,65808
6069,2034,110,140,-0.0068,258645
8533,2319,112,140,0.0065,537553
19467,2193,121,140,0.0078,860889
2607,3330,120,140,0.0006,995655
14152,2318,122,141,0.0061,66007
16861,2267,129,142,0.0418,930781
14028,2020,106,141,-0.0137,574984
12784,2214,114,142,0.0175,170682
14820,2069,123,140,0.0103,867147
485,2157,113,141,-0.0087,217333
15492,2384,127,141,0.0347,84003
13601,2280,113,140,-0.0104,956011
13808,2370,117,148,0.0287,875685
5044,2198,122,142,0.0101,7307
906,1967,115,133,-0.0395,204680
13536,1990,120,132,-0.0283,308384
16964,4131,120,143,0.0085,11123
18234,2025,109,141,-0.0112,383536
2225,2001,119,134,-0.0229,574331
1336,2015,111,142,-0.0161,718477
921,2633,120,134,-0.0205,280794
11147,2127,105,143,-0.0225,10347
16762,2926,127,140,0.0391,203576
11245,6058,118,135,-0.0341,925724
13369,1961,102,141,-0.0425,877887
14317,2310,129,149,0.0616,420832
9914,2219,117,135,-0.0369,68682
10869,2062,109,140,0.0068,543952
5388,2046,109,149,-0.001,867176
19497,2167,109,144,-0.0041,162492
6148,2420,120,140,-0.0049,407428
4355,2683,120,141,-0.0019,609839
3967,3341,120,141,0.0039,607571
11657,3431,123,143,0.031,578140
1347,2351,116,134,-0.0333,779910
794,2240,115,150,0.0294,608348
2870,2028,111,143,-0.0098,792404
18705,2076,123,141,0.0137,25966
15858,25809,79,124,-0.2476,85521
75,39293,27,119,-0.1703,256990
3438,33449,90,119,-0.2081,46737
3169,21354,93,124,-0.1941,624136
419,61608,93,125,-0.1897,729164
5086,67901,100,132,-0.0822,999024
2753,83011,86,125,-0.177,937432
5104,16920,108,127,-0.0884,713993
3674,11608,111,133,-0.0651,597931
6865,16441,110,132,-0.0759,514608
12934,21073,111,133,-0.0592,438157
2190,17271,110,132,-0.063,27806
7520,8549,109,127,-0.0851,532162
12997,10584,110,134,-0.0709,951519
3479,8542,111,132,-0.0731,612547
13445,7486,111,126,-0.0862,246976
4334,14260,115,135,-0.0313,177773
17550,7385,116,141,-0.0052,52330
13517,7112,110,127,-0.07400000000000001,750594
2242,17217,114,143,0.0038,842575
5786,6616,116,143,-0.006,731035
17703,15711,117,141,-0.0021,963842
6995,10329,113,141,-0.0038,132222
803,7143,116,140,-0.0035,661860
1535,8685,115,143,-0.0022,355205
9100,10188,116,140,0.0075,744112
14775,188767,28,140,-0.2728,249078
19297,11382,129,157,0.14,166711
11644,13897,99,125,-0.1451,132020
10368,60109,95,127,-0.1304,772604
10766,80541,97,134,-0.1212,508499
10080,64701,98,135,-0.1147,690074
486,118721,94,132,-0.1428,510624
8302,125338,109,143,-0.0247,758978
16088,53536,96,132,-0.1232,910998
7827,88065,111,141,-0.0101,125439
6487,36546,101,133,-0.105,461328
7919,65860,99,133,-0.1205,850619
18267,56735,99,143,-0.1046,116998
1781,55666,101,133,-0.1161,606216
5318,103558,92,141,-0.1651,573875
4717,81625,98,127,-0.13,111879
19926,121633,108,140,-0.0254,893930
13689,77840,96,127,-0.1386,694732
7696,98616,92,126,-0.168,852274
13945,71112,95,134,-0.1492,17635
15655,11941,106,127,-0.10300000000000001,173457
191,12094,106,125,-0.1001,860958
265,9584,109,126,-0.0869,242351
4649,6560,107,127,-0.1009,152912
4473,12919,106,127,-0.0907,137226
13446,18877,108,134,-0.084,302118
1664,7990,109,133,-0.08199999999999999,971550
9029,10196,109,127,-0.0844,55932
8539,10024,106,127,-0.0999,105317
2015,12652,93,130,-0.1253,968182
18800,196003,82,132,-0.1549,189682
16283,4533,100,123,-0.1362,680321
3045,62182,73,135,-0.1738,155846
11433,12792,100,134,-0.0572,757445
14013,71337,103,127,-0.0894,722683
359,16093,55,134,-0.1889,692875
3184,26419,88,126,-0.1644,290838
10248,13096,89,109,-0.2421,192550
11299,37703,91,117,-0.2166,336448
9014,21408,85,122,-0.172,537233
3377,14760,104,119,-0.1264,931960
15916,22581,101,127,-0.109,952796
13607,13996,88,126,-0.1458,110692
13907,14742,76,125,-0.1946,640124
724,24230,97,124,-0.1435,71809
19266,12221,80,125,-0.1625,174463
5323,18466,90,119,-0.1803,486064
449,19565,86,135,-0.1315,637483
2875,62225,105,139,-0.0524,629544
12976,16873,96,129,-0.1212,398051
16340,19537,78,130,-0.1567,650139
13711,30271,61,135,-0.1524,218515
4634,12782,108,134,-0.0579,880628
17851,13938,90,135,-0.1426,548970
2100,5345,93,127,-0.1648,593600
1893,9432,95,125,-0.1626,847770
2850,3553,91,119,-0.1836,673617
3260,5226,97,133,-0.1124,753097
13618,4409,104,132,-0.0935,366005
10259,4108,102,132,-0.083,368413
15457,6760,84,127,-0.1998,674960
6221,4442,101,134,-0.1102,729079
15746,4304,96,125,-0.1151,933786
14969,3094,85,110,-0.2446,642406
12246,7367,87,134,-0.141,991112
4771,7736,103,145,-0.0557,414426
19405,10923,71,118,-0.258,935928
5494,13696,67,127,-0.2015,227448
6292,6235,77,109,-0.294,987901
8354,11300,95,135,-0.1259,953774
17200,65563,70,135,-0.1698,781344
17339,9363,75,119,-0.2135,178183
16587,6567,83,109,-0.2455,191465
7054,6947,84,119,-0.19,9744
19924,18674,91,132,-0.1211,169849
2574,8457,93,135,-0.1191,332172
9114,9124,93,127,-0.1307,169377
5072,8996,91,133,-0.1323,567737
1591,6241,97,133,-0.1135,788794
13616,17619,61,109,-0.3382,781797
16957,16061,91,127,-0.1522,246543
19138,12598,84,124,-0.2189,436192
2051,17124,85,124,-0.1742,601500
9003,11247,85,132,-0.1213,423190
12466,33217,58,127,-0.2112,893643
7036,5249,86,118,-0.2114,876177
12281,15501,91,135,-0.1225,953681
10775,8047,82,109,-0.2774,661417
518,9527,84,132,-0.1445,994786
6611,6459,104,132,-0.0989,919069
562,61890,49,132,-0.2663,958169
11127,7537,101,131,-0.1078,477804
7597,19728,77,133,-0.1624,750823
18460,61753,44,126,-0.2712,566942
11817,20124,82,127,-0.1455,363177
10206,7964,94,133,-0.1112,225570
414,10416,65,119,-0.2395,275443
14708,9571,99,133,-0.1098,650615
17707,13355,90,119,-0.1719,727087
2891,10036,93,135,-0.1288,910788
18368,15517,84,134,-0.1582,256267
5939,6652,86,111,-0.2244,236430
19836,8943,78,109,-0.2567,378337
19674,18196,93,133,-0.1279,948721
8542,22388,95,124,-0.1426,350249
18713,7387,79,110,-0.2601,352113
11069,6294,80,118,-0.2069,750118
10350,11881,83,133,-0.1562,743640
5799,7394,103,127,-0.1113,385757
3641,6412,97,124,-0.1363,332924
11917,7579,94,132,-0.1293,247348
19063,70737,71,101,-0.3277,731705
18119,3507,21,82,-0.5971,855313
7092,4717,72,93,-0.3754,616010
12177,3944,22,86,-0.5660000000000001,577055
14544,99671,77,103,-0.3109,318545
19308,100842,76,111,-0.2997,126154
2313,6385,88,109,-0.2442,87336
424,7774,95,132,-0.1198,376094
12170,23784,77,109,-0.2713,516177
14744,8757,87,132,-0.1229,173345
966,6028,90,127,-0.1279,146235
9645,8375,95,134,-0.1158,685913
920,25833,77,124,-0.1927,502135
765,5716,102,125,-0.1244,300904
735,8851,90,117,-0.196,305686
9529,6860,111,142,-0.0256,347909
4235,12127,92,132,-0.1387,635029
6670,34485,48,132,-0.2816,824359
8974,7550,99,125,-0.1196,173289
11390,14330,104,133,-0.1115,782122
16675,9498,118,135,-0.0236,153680
7300,103662,101,134,-0.0797,790944
18449,5816,101,126,-0.1262,579738
11024,13196,110,132,-0.0795,236925
19393,7052,107,134,-0.0662,515033
426,9767,105,132,-0.0916,539114
13652,6074,102,124,-0.1372,75246
17942,7747,105,127,-0.1099,620607
8637,9381,110,132,-0.0604,51711
2421,14032,107,127,-0.1014,561115
17983,8107,112,134,-0.0547,599122
12362,5857,87,124,-0.1829,49252
14045,11431,99,125,-0.1158,628416
8265,7881,106,132,-0.081,500333
6638,8558,104,119,-0.1317,946010
2910,10504,108,127,-0.078,637982
15899,6999,130,141,0.0515,97266
14623,13505,100,148,0.0048,690873
12788,7555,123,159,0.09300000000000001,1561
17073,18218,78,111,-0.2625,167882
8915,21349,63,124,-0.2521,489411
2635,9848,100,133,-0.1054,729417
15368,12413,100,127,-0.1184,127997
1041,9137,98,127,-0.1187,990437
8683,12530,88,134,-0.1561,786497
10282,14087,113,140,0.0005,99244
5347,11922,123,150,0.0465,837573
1695,6525,120,141,-0.0005,726461
7268,10286,120,151,0.0574,942895
17428,5779,92,134,-0.1147,549308
8221,28061,92,135,-0.1301,181271
8389,13464,118,149,0.0313,430360
4403,118187,106,141,-0.0569,786566
2154,4695,74,103,-0.2946,729306
5089,26213,43,124,-0.2938,714503
8159,5966,90,124,-0.1677,24906
2953,7390,120,143,0.031,445903
13882,24834,93,126,-0.1415,607106
11922,20916,101,126,-0.1262,30209
9133,17836,92,124,-0.1851,854170
8359,41476,97,125,-0.154,460399
5180,12847,83,132,-0.1636,34276
3572,37025,48,124,-0.3194,440692
19932,11868,93,124,-0.1647,699857
3502,11447,108,134,-0.0684,753482
4811,14163,84,126,-0.1681,390418
9430,6884,89,126,-0.1463,788991
9032,6811,78,116,-0.2288,413870
19273,16601,70,124,-0.214,15090
14397,23122,56,118,-0.2627,297791
12895,9120,88,118,-0.1903,481260
12848,11973,96,128,-0.1176,129863
16626,17564,93,132,-0.109,670567
15189,7182,67,94,-0.3624,561014
7891,14689,64,103,-0.321,419468
15598,8091,91,112,-0.2099,381313
17061,7202,104,127,-0.1069,818215
7404,8532,83,118,-0.2065,760857
16040,8132,86,124,-0.1958,753445
7199,7519,97,132,-0.11,337986
2957,37664,78,134,-0.1593,394193
7036,9693,95,133,-0.1091,492763
10823,9431,100,127,-0.1015,853750
4172,6887,102,127,-0.1033,552453
2896,12886,102,135,-0.0679,167787
6125,6684,101,136,-0.0839,51843
9840,2588,61,95,-0.4053,424029
9090,4561,77,103,-0.3013,51064
11047,11801,64,134,-0.2052,46580
16861,10188,115,149,0.0075,883478
9668,13680,101,141,-0.0625,671756
2811,3963,85,119,-0.1852,537677
11407,3772,105,133,-0.0791,151201
4604,2918,105,133,-0.0881,918224
12831,4664,86,126,-0.1903,31859
18867,25800,106,130,-0.0961,43037
15446,6582,91,124,-0.1706,600674
13799,9522,87,134,-0.1144,521224
11546,14536,81,128,-0.1711,893309
6734,15761,96,117,-0.168,149123
12619,5483,91,119,-0.1762,192264
8807,7634,96,132,-0.1229,237380
16848,6342,88,124,-0.1742,941479
9225,10683,75,110,-0.2614,190200
984,5795,100,133,-0.1123,102218
11440,7890,91,131,-0.1194,503278
17447,7502,98,135,-0.11199999999999999,536660
7685,12367,110,132,-0.071,554648
12895,15073,90,127,-0.1589,277070
16800,6913,94,121,-0.1561,462822
17405,6528,103,126,-0.1053,484502
2500,12284,79,126,-0.1582,420101
5156,6651,99,134,-0.1041,51700
7749,55228,12,134,-0.4375,367176
8170,7467,101,123,-0.1161,18186
171,6543,93,122,-0.1336,31133
15820,10797,91,134,-0.09300000000000001,408259
2413,10694,102,150,-0.0054,455081
19730,10680,130,150,0.0979,323807
6807,9037,136,156,0.1207,445015
9966,5328,83,124,-0.1995,485112
10048,8949,84,125,-0.1677,523886
12602,12773,91,124,-0.1753,185253
13089,6682,92,133,-0.1442,236481
10702,8166,89,140,-0.1494,264948
13232,7551,82,132,-0.1807,199266
15403,6005,112,127,-0.0617,215789
15610,9643,91,126,-0.1439,552980
11081,12374,104,126,-0.0965,440922
5237,14809,78,118,-0.213,195681
3458,9968,107,133,-0.0729,236677
4346,3355,98,111,-0.1809,719345
11475,6884,93,127,-0.1326,365889
13266,29865,93,125,-0.1453,819600
17785,117153,56,124,-0.2217,591658
10343,260185,69,132,-0.153,296496
4038,19435,91,126,-0.1422,913788
15947,6588,91,119,-0.1563,756906
2761,27851,115,140,-0.011000000000000001,475465
5719,7391,96,125,-0.1382,463027
17367,44484,121,140,0.0192,724331
3372,6661,110,125,-0.087,23878
7694,9136,100,133,-0.1078,199935
16569,11861,84,124,-0.1652,975246
14437,10137,84,126,-0.1919,623121
19410,19901,105,135,-0.0745,966470
6799,19549,105,125,-0.11199999999999999,370095
11491,68349,91,133,-0.1538,69767
16647,105560,76,132,-0.1875,243647
13916,60112,61,124,-0.1629,655039
6531,991612,103,140,-0.0768,639510
12520,18480,111,126,-0.0862,977443
11855,5577,86,102,-0.2738,430523
17893,5141,93,116,-0.2125,985291
3824,9216,85,124,-0.2,87981
12615,23916,90,125,-0.1187,609937
520,26032,108,133,-0.0628,20774
11011,10095,113,143,-0.0263,57181
17531,27364,100,126,-0.1055,888262
13256,7330,112,141,-0.0294,420181
15643,7758,115,141,-0.038,372490
17482,25269,105,134,-0.0818,590606
6610,46379,125,143,0.0353,391077
3651,14403,120,141,0.0047,179371
12418,22467,123,141,0.0325,963026
17628,19616,118,143,0.0016,948890
7936,17898,118,141,-0.0012,91009
4385,21548,120,143,0.0021,285941
14108,28906,120,141,-0.0008,487750
556,14912,121,142,0.0043,441025
18122,11469,97,126,-0.1384,40514
18372,15848,74,127,-0.2063,230331
14189,17433,119,143,0.0014,337406
19710,36933,59,132,-0.2346,429753
7481,22017,77,126,-0.2321,560942
13923,16916,83,126,-0.1892,213020
13697,19457,91,134,-0.1162,655896
1426,22708,115,135,-0.0358,74289
11622,34001,85,133,-0.1262,473671
12013,16020,105,126,-0.106,177130
7318,29349,88,133,-0.1248,686754
9408,29526,88,132,-0.1162,825238
14815,11601,108,125,-0.1027,198743
13769,15785,88,132,-0.1436,804456
17049,12174,82,126,-0.1801,76138
12329,58906,83,133,-0.1826,854461
16483,336567,87,127,-0.175,219255
18585,21547,70,127,-0.1984,398080
8248,12587,86,133,-0.122,551134
195,11442,81,125,-0.2159,489251
11486,48231,96,127,-0.1551,71407
18158,14610,71,126,-0.1788,611566
15988,17274,69,125,-0.2418,223683
3189,14234,87,133,-0.1312,39015
2324,54324,103,134,-0.0774,152307
1748,11998,87,126,-0.1631,527275
16933,9367,77,110,-0.2826,705280
19240,21865,52,110,-0.34299999999999997,886719
9054,10152,73,124,-0.2518,751026
13072,17592,50,126,-0.2279,426456
10814,75006,120,150,0.0445,560568
19709,19132,87,125,-0.1964,661163
2683,16983,118,142,0.0128,234951
7532,348957,75,141,-0.157,647760
15988,606744,115,156,0.0166,768290
8436,142791,117,150,0.0188,396588
4235,56864,97,127,-0.1203,334978
18637,62823,73,252,-0.1405,911476
13340,104560,119,149,0.034,598221
16079,100112,91,134,-0.1339,528206
14712,53142,56,128,-0.2465,10462
8339,37200,101,126,-0.1139,471919
15497,31583,95,135,-0.0861,926502
11559,27761,119,148,0.0328,470629
16583,23488,65,126,-0.2056,88032
3448,11425,71,133,-0.1811,823533
16912,28955,89,135,-0.1094,80710
6210,10269,59,126,-0.2359,626709
9132,16566,61,134,-0.2203,737750
13485,12560,61,125,-0.215,959941
18887,35066,82,127,-0.1822,12055
17893,11471,81,140,-0.1127,542732
14481,14669,61,127,-0.1986,471397
5639,11979,67,132,-0.1791,833533
527,11890,75,140,-0.1555,608718
17218,12063,79,127,-0.1733,887777
5696,11562,68,127,-0.2145,530930
15837,13135,81,127,-0.1724,986394
9795,11778,71,132,-0.1928,4383
11841,13800,68,140,-0.1832,950841
14546,33577,61,159,-0.0698,675211
5162,12047,73,125,-0.2471,303616
19280,24172,59,124,-0.282,759695
13338,19002,82,125,-0.2268,149260
11012,12705,65,150,-0.1797,803739
12410,22134,53,124,-0.3027,798780
4122,10704,69,127,-0.2257,316612
5606,10115,67,116,-0.3128,300032
19757,37889,57,125,-0.2745,963375
11389,53525,97,132,-0.0968,165178
5594,14047,97,134,-0.09300000000000001,31144
12278,9062,104,132,-0.055999999999999994,396834
2691,7974,113,135,-0.0416,176867
13691,11169,77,127,-0.1921,580556
4556,14874,105,125,-0.1263,562701
198,7273,107,126,-0.0981,521874
10043,5867,105,132,-0.0833,97433
18594,7312,109,127,-0.0786,49790
3584,21661,98,116,-0.1705,609121
14069,10675,89,124,-0.1981,314385
17853,18986,82,118,-0.2432,868075
4401,23075,113,151,-0.004,724065
15075,16308,112,150,-0.0124,778247
11398,15000,93,119,-0.1805,374708
13646,15951,112,148,-0.011000000000000001,194201
10134,13904,111,149,-0.0125,359285
12404,10318,74,124,-0.2019,495488
4860,17588,82,124,-0.2409,67691
15025,11743,82,116,-0.248,447200
10348,10605,90,124,-0.2109,614590
8684,10613,82,116,-0.2663,65630
13644,14896,83,126,-0.2492,886635
1488,10136,81,126,-0.2599,469459
6909,12348,78,132,-0.1825,733839
14296,14121,85,124,-0.2495,176555
2145,14312,84,124,-0.2394,634696
10509,10284,85,111,-0.2348,113013
5942,9714,84,116,-0.256,947142
5908,15643,85,124,-0.2409,29448
5568,16835,86,125,-0.2171,588764
6032,11804,81,108,-0.2623,628940
11139,11084,82,111,-0.2661,518309
4228,19028,84,117,-0.2415,241141
12684,29612,82,125,-0.2489,203817
2852,31551,101,133,-0.1004,645190
2463,12571,84,124,-0.2387,17896
12159,22254,101,132,-0.1038,76275
3304,37460,106,135,-0.065,125806
7623,13292,104,132,-0.0891,192370
11361,17532,100,132,-0.0989,815387
13894,11880,89,118,-0.2067,228249
163,16861,102,134,-0.0978,718426
11359,10747,89,116,-0.2079,932818
11696,20658,104,134,-0.0778,916567
6056,23267,96,133,-0.1261,649540
15838,27036,96,134,-0.1125,931696
13936,45215,103,135,-0.0825,305844
2293,33682,99,134,-0.0895,192945
11953,41956,99,133,-0.0995,751675
10644,20262,107,135,-0.0633,123861
10193,12417,115,132,-0.0489,59510
5549,64288,89,126,-0.125,945203
8040,21649,99,126,-0.1282,818484
10746,84630,77,127,-0.1523,817030
3376,35912,79,127,-0.165,546945
17144,15121,101,134,-0.0842,970187
11608,16538,104,134,-0.0965,685037
2873,15515,99,126,-0.1403,878907
16268,15524,107,127,-0.0881,94637
18918,11579,101,127,-0.1044,713559
15733,16975,104,132,-0.0978,932564
17634,18644,99,127,-0.1064,24550
434,25516,78,127,-0.1624,12213
11292,79690,78,132,-0.1093,296550
5585,58587,63,127,-0.1984,919840
7458,21321,104,141,-0.0536,155443
10141,18238,100,151,0.0034,361251
14689,10350,56,111,-0.3205,433462
18897,11278,79,108,-0.2837,511108
5675,14626,73,124,-0.2947,662636
2430,30422,50,124,-0.319,941763
6684,10893,65,111,-0.3025,838314
14593,21300,67,124,-0.2796,832202
14626,21603,27,110,-0.4119,875016
12881,12193,56,126,-0.3339,839649
14430,48309,65,124,-0.2728,645625
15865,12351,100,127,-0.1228,290066
14121,16076,103,132,-0.1029,576054
16438,25096,56,141,-0.1512,60589
11029,97966,46,125,-0.2605,531678
8883,15672,85,133,-0.1063,865771
9920,57020,95,127,-0.1515,287330
3484,296673,42,143,-0.059000000000000004,939492
14828,515942,6,148,-0.0622,297269
10765,271889,44,125,-0.1963,601978
3489,26745,71,125,-0.2233,678903
11942,38401,48,134,-0.2,907989
4028,1826,110,135,-0.049,921004
18838,591111,45,125,-0.18,40251
13112,617708,38,124,-0.1891,430299
14348,5361,63,93,-0.39299999999999996,98707
18936,8720,48,84,-0.5063,655251
14460,9105,65,94,-0.3868,571633
2121,22991,55,94,-0.4168,482958
3926,9110,64,94,-0.3864,449393
15111,17101,101,125,-0.121,270575
16909,11491,87,126,-0.1688,233278
1389,39648,92,141,-0.12,860369
18686,21326,95,133,-0.1231,767673
17914,13374,110,134,-0.0587,453751
9202,23894,102,134,-0.1153,565208
14135,716869,4,140,-0.1581,641191
19718,35308,127,151,0.0903,11340
14341,140521,101,151,-0.0242,484196
15741,10340,71,116,-0.2656,149442
7437,13987,97,141,-0.1258,186220
18381,17566,99,140,-0.0851,684417
14579,14533,76,125,-0.18899999999999997,987229
18747,20323,74,127,-0.2021,510140
557,12881,99,133,-0.0852,619374
12996,22532,97,134,-0.1019,555183
16173,17419,111,135,-0.0615,45670
19108,24476,96,134,-0.1023,694956
8707,18711,103,133,-0.0921,109076
13522,34142,90,133,-0.1226,404502
14174,18047,96,133,-0.1243,389768
1058,18013,121,143,0.0272,26630
17436,14353,102,126,-0.1029,897658
13553,21380,99,127,-0.1162,607450
6633,14618,97,141,-0.079,818420
14766,10957,105,141,-0.0593,886750
5127,5729,90,117,-0.2007,612569
19610,7446,71,108,-0.2991,51871
11732,12909,81,117,-0.2301,607842
2668,29386,86,103,-0.2665,991305
8349,76438,70,103,-0.3298,661350
4211,14838,100,119,-0.1349,519949
12403,23697,93,118,-0.1951,251733
16798,15146,117,140,-0.0139,760111
4798,16759,114,134,-0.0156,961998
3372,13299,122,142,0.0087,335900
16187,21545,118,141,-0.0099,221505
9355,21640,119,143,0.0063,783382
7049,16258,118,140,0.0161,354328
12888,26197,123,141,0.0182,461681
11695,17587,96,118,-0.187,932935
6693,19311,120,141,0.0058,225009
4801,13577,125,142,0.0298,697651
7126,18123,114,133,-0.0302,538699
8544,39987,127,157,0.0626,239823
16439,24783,118,134,-0.0221,250288
10818,24530,120,140,-0.0019,9979
15549,22591,119,135,-0.0195,296940
11802,12543,110,132,-0.0842,779162
7248,22232,115,133,-0.0457,973519
3775,30966,106,132,-0.0836,789646
2766,20512,80,118,-0.2476,465194
3416,37264,113,132,-0.0548,270850
11477,26849,88,119,-0.2085,509208
7195,27597,111,134,-0.0585,533167
13083,28445,96,126,-0.1769,292303
11185,46226,110,127,-0.07400000000000001,602101
8005,25231,107,126,-0.0916,868481
10833,6337,97,132,-0.1159,170088
11794,12693,90,140,-0.1301,802506
3203,10868,92,140,-0.1424,867145
10962,23009,66,124,-0.2633,239521
18391,5712,89,117,-0.2031,826146
19297,29885,54,133,-0.2295,684725
11237,31689,79,124,-0.1962,61988
9240,15080,89,126,-0.1524,131766
2062,13351,49,101,-0.4422,523060
17894,95600,103,119,-0.1435,334178
2108,21321,118,134,-0.0202,143392
16069,202897,101,135,-0.0958,497899
4988,6391,118,141,0.019,2750
5106,39202,96,111,-0.2004,578633
16422,17260,99,126,-0.1676,383605
18887,128883,107,126,-0.0904,528628
14472,22761,120,135,-0.001,61415
11126,16504,54,190,-0.0157,237929
11717,89110,113,156,0.0548,813233
8928,3489,116,126,-0.0601,792470
11192,124716,55,126,-0.2066,196775
19979,61209,106,127,-0.1078,218921
7692,197365,103,132,-0.0903,372258
14015,104555,99,119,-0.1447,943759
16142,10500,134,149,0.0938,518201
16907,5744,82,109,-0.2762,216575
8215,6013,79,101,-0.3092,930582
858,9512,111,135,-0.0473,603579
3707,5842,108,140,-0.0686,218133
2467,5917,92,117,-0.18899999999999997,310701
4671,5111,89,110,-0.2321,225992
12264,8170,95,119,-0.1711,872891
6251,5003,95,127,-0.1503,344448
12073,6318,97,118,-0.1634,204330
12949,361568,64,118,-0.3442,941449
4280,1290423,78,252,-0.1454,428598
17089,1096472,78,141,-0.1574,715563
11139,50750,130,158,0.1044,29296
12910,724380,85,134,-0.1515,908493
9063,111196,97,134,-0.1145,401687
1882,173468,97,132,-0.1171,267469
1550,1689009,61,135,-0.1635,511916
11099,201109,91,132,-0.1512,132323
17379,39231,105,127,-0.1064,929426
5066,22315,105,134,-0.1014,828164
11614,62384,110,134,-0.0752,243938
7342,43968,111,133,-0.0666,914544
5040,15364,109,127,-0.0767,928820
11534,25843,106,126,-0.1066,485691
226,345545,89,127,-0.1709,447667
11604,24816,116,134,-0.0402,149237
11306,14877,116,134,-0.0473,769204
12645,14029,110,127,-0.079,207014
18748,12886,109,126,-0.0931,737527
3358,11560,203,220,0.6421,919617
16232,96340,50,108,-0.3225,209222
13863,63000,35,116,-0.2599,816699
5819,68556,127,141,0.0461,708384
19451,297086,122,142,0.0348,566090
4641,17363,84,109,-0.2506,495115
9938,14169,84,116,-0.2313,821224
17570,14727,103,127,-0.0869,243453
19270,22098,89,132,-0.1236,13727
3028,19997,101,127,-0.0917,558856
7890,7181,89,123,-0.15,251300
10528,6216,80,103,-0.2858,616101
638,7296,97,132,-0.1094,22405
6182,6735,99,127,-0.12300000000000001,953430
10187,5418,98,132,-0.1182,461067
8561,3476,99,121,-0.124,558634
4128,7446,87,127,-0.1569,223204
1183,9260,81,127,-0.1685,152475
7925,7279,82,125,-0.1876,502930
7677,10892,115,140,0.0011,735374
1441,6942,116,143,0.0043,379817
8511,4162,88,117,-0.2069,761236
3993,5464,82,108,-0.2511,319935
2159,18503,82,127,-0.1497,340889
19970,26729,77,122,-0.1906,585165
19169,18327,54,118,-0.2769,147450
19512,17802,132,150,0.0865,317590
14243,7457,91,125,-0.1433,457965
19419,14982,125,142,0.0358,580285
18356,21031,77,118,-0.225,629257
13715,6750,92,134,-0.1211,165611
3456,9347,61,119,-0.2624,443420
6314,8292,93,132,-0.1246,450370
15849,13866,128,149,0.0726,273379
1817,22418,93,119,-0.1892,409198
12442,6135,89,127,-0.1591,352046
13985,9203,91,124,-0.16399999999999998,424138
5794,20438,48,126,-0.2397,157012
10928,11674,73,133,-0.1709,756928
4401,7164,87,135,-0.152,962885
553,3806,102,134,-0.099,475885
3889,9704,71,132,-0.17600000000000002,973754
15084,14697,118,143,0.0344,78581
1480,13836,58,135,-0.2279,416927
14911,7842,78,132,-0.1721,925018
10698,45968,40,141,-0.2455,842997
6774,6936,102,135,-0.0816,609057
232,13351,85,125,-0.1588,277950
8245,13108,81,132,-0.1394,928808
13095,112240,36,116,-0.2824,814101
19826,7197,91,134,-0.1215,642094
12110,9458,77,110,-0.2611,94627
5787,14729,71,114,-0.2576,673148
17117,116623,42,117,-0.2904,504188
19341,8745,77,133,-0.1668,984178
18383,8210,99,143,-0.0704,550587
18193,8586,101,142,-0.0136,996711
6288,22601,101,135,-0.0755,854813
652,49848,92,124,-0.146,448223
19305,12808,102,124,-0.1223,596884
8921,6216,100,132,-0.11699999999999999,987945
1142,10211,111,134,-0.0615,352760
13823,6100,101,126,-0.1175,855247
1010,14120,103,253,-0.0652,442515
19540,6091,104,124,-0.1188,42227
10292,9016,82,102,-0.2813,575182
6621,19652,91,126,-0.161,901329
9269,61342,84,133,-0.168,271825
6878,42862,25,132,-0.2575,144863
4861,21009,77,134,-0.154,400181
15643,6734,70,109,-0.2793,75315
9008,7987,73,109,-0.2744,713200
5099,16692,109,134,-0.0481,514239
19821,7768,96,126,-0.1452,160247
3616,3751,105,126,-0.11199999999999999,808689
14955,8268,91,125,-0.1388,106686
10248,6638,95,127,-0.121,459202
1552,56456,53,126,-0.3087,700813
5848,12311,107,125,-0.0926,6606
16600,16288,96,127,-0.1101,876615
12110,20778,105,132,-0.08800000000000001,107219
16842,22158,102,132,-0.0889,579051
15421,34579,80,127,-0.1143,956200
15958,14167,83,141,-0.1146,190610
10729,43294,82,102,-0.2939,28522
17211,159918,80,108,-0.2629,752716
463,31251,87,109,-0.2511,588215
9212,16370,71,93,-0.3731,620400
17353,65282,80,103,-0.2857,742248
3910,28658,89,108,-0.2462,200199
1957,29002,89,103,-0.2473,480576
13497,23865,93,124,-0.1447,681658
8788,73055,77,111,-0.2329,814897
6973,20469,106,127,-0.0809,70600
14686,18671,99,124,-0.1317,290465
3278,71130,63,111,-0.2095,623432
13633,46972,86,111,-0.2022,105159
6659,53843,49,124,-0.1736,260588
4869,24070,112,140,-0.0206,967924
14989,14320,7,86,-0.6332,762586
1640,33607,88,119,-0.1871,276564
18799,10646,77,103,-0.3238,995788
9166,18651,66,108,-0.2715,579620
17800,86329,85,117,-0.1903,534158
16369,19434,90,110,-0.2254,533659
900,49094,93,127,-0.10800000000000001,680508
14489,60860,94,124,-0.1339,551931
18136,128770,29,111,-0.3592,653920
6223,217759,82,116,-0.2581,921769
14929,552220,96,133,-0.1123,259667
16293,655912,87,133,-0.1602,632158
3530,13961,107,127,-0.106,336351
7998,35410,118,141,-0.0085,522654
12170,54676,112,132,-0.0734,422103
17777,10070,108,127,-0.0957,462590
5527,10357,97,116,-0.1827,87415
7627,162939,104,127,-0.1042,621529
8608,9275,99,124,-0.1671,279896
14648,15359,103,126,-0.1241,509870
7009,17727,95,117,-0.1901,993782
10385,25182,101,127,-0.1409,694461
10714,342202,101,127,-0.0974,526820
16044,21582,19,99,-0.4698,316723
13440,27389,45,108,-0.3938,510004
8761,9441,44,109,-0.3586,798687
19822,7514,44,95,-0.4188,915965
7774,178741,11,127,-0.278,994814
3984,14298,61,121,-0.2453,990585
8516,27344,46,127,-0.1784,570087
1270,326345,0,134,-0.2332,547821
15707,27035,36,117,-0.3165,404043
8638,31824,121,141,0.0066,385022
18444,8359,70,95,-0.3598,488284
16761,34779,110,127,-0.0852,397334
1335,460547,19,120,-0.3241,654900
3091,5448,87,126,-0.1815,927667
16987,18075,77,110,-0.2939,676119
12556,41524,80,101,-0.3068,983960
2618,56018,73,108,-0.3288,729849
5872,5606,42,84,-0.5291,954556
4729,650853,68,124,-0.27,618519
8284,30769,113,140,-0.0148,8896
14694,5843,102,127,-0.1049,609732
5133,9778,103,143,-0.0451,610105
17678,15526,119,141,0.0025,732671
10393,13131,125,143,0.0362,960906
14147,27453,87,127,-0.1489,580223
7677,7553,132,143,0.0729,352483
8114,389429,92,143,-0.1135,555563
3171,32459,112,134,-0.0643,122158
2673,11759,125,143,0.0322,932538
12541,13742,95,118,-0.1805,985673
16305,7331,21,79,-0.585,896423
11107,7873,102,134,-0.0955,586714
10134,11422,114,141,-0.0085,266960
16824,9217,120,140,0.0001,816714
8793,6994,114,140,-0.0414,747844
17580,7769,111,140,-0.0366,482768
13665,12615,111,135,-0.0614,330656
12534,10024,108,126,-0.0894,675024
11805,8995,112,132,-0.0504,42651
6879,10361,58,188,-0.0129,503736
17467,9556,104,149,-0.0046,208352
18328,10827,123,141,0.0315,10644
18626,16734,125,143,0.0376,335842
15114,2034,102,124,-0.1172,227055
40,4606,125,143,0.0281,189539
9115,16937,123,141,0.0257,43726
15531,9057,91,111,-0.2138,902503
14807,93355,100,134,-0.1149,228575
15705,239860,109,247,-0.0336,112647
2302,40498,77,127,-0.1929,229747
2391,86830,80,129,-0.1886,305756
1423,18514,105,128,-0.0903,312446
5140,11369,86,115,-0.214,757181
14864,11618,77,122,-0.2038,812492
5739,11910,75,123,-0.1979,979745
7520,18067,87,127,-0.1648,293621
4858,349860,65,122,-0.2371,646222
14894,144769,72,104,-0.2988,214577
1710,55239,56,94,-0.4207,549099
18245,144252,56,99,-0.4218,956457
12505,87496,83,132,-0.1519,547143
11882,68984,81,110,-0.2399,424215
15015,76361,59,106,-0.3714,743956
1201,91488,57,101,-0.3958,763254
19262,78978,59,106,-0.3805,997363
243,61497,63,106,-0.3628,960548
7056,69375,63,101,-0.3712,600600
5826,7145,105,127,-0.0849,923798
16865,17673,85,120,-0.183,919168
16502,6470,110,129,-0.064,414700
5011,35740,91,123,-0.1615,568284
16666,41469,52,148,-0.122,438773
10715,45627,113,141,-0.0098,985183
16355,20399,97,124,-0.1386,924299
6019,24102,84,133,-0.1668,726515
16021,3918209,19,134,-0.1801,43279
3400,20570,82,101,-0.3013,731311
945,146487,83,124,-0.2199,619404
3508,160146,110,136,-0.0248,574581
15154,10888,96,111,-0.205,651090
2620,65200,61,96,-0.3536,928880
7482,44609,97,119,-0.1682,399092
19053,16987,85,103,-0.2787,954107
8003,27974,96,119,-0.1594,664213
15913,76627,85,127,-0.1986,447123
5519,99456,87,116,-0.2245,553286
10604,16548,101,133,-0.0632,746656
10028,20590,67,133,-0.1578,923569
14429,110262,72,125,-0.1835,711514
14648,6761,91,116,-0.1747,594060
6518,11746,100,119,-0.1581,599473
1206,6207,78,114,-0.2303,9498
2753,15513,91,127,-0.1755,398367
3052,8602,98,125,-0.1272,267062
10601,15397,95,131,-0.122,248615
5484,10160,66,133,-0.2141,306164
10898,334869,66,159,-0.0596,261813
1903,41492,133,151,0.1063,861937
830,10621,129,148,0.0638,203706
3207,10476,129,151,0.106,953049
14760,541426,16,125,-0.2972,895601
750,9452,101,127,-0.1103,998392
13719,8537,97,133,-0.0737,275706
6773,7241,86,118,-0.2251,23348
3366,23817,68,103,-0.3307,85348
18047,8595,97,117,-0.1606,602323
17654,9956,101,134,-0.0629,971921
10155,47513,103,132,-0.0924,827233
6486,10855,95,118,-0.1686,928624
12158,6243,96,127,-0.1132,512935
19175,17114,92,129,-0.1374,353862
15772,6396,97,126,-0.1234,83284
6841,6557,76,102,-0.3077,985362
19860,13334,67,118,-0.2816,199143
17392,8485,90,116,-0.1916,565232
19885,6554,113,141,-0.0339,513786
16641,9944,131,151,0.0942,455197
4768,8448,89,129,-0.1539,174303
13699,8193,78,103,-0.2808,519571
1611,16217,95,125,-0.1497,364532
11669,82565,67,133,-0.1772,913406
16221,6293,104,142,-0.0545,866768
16668,10515,111,132,-0.0665,917756
18760,17768,105,132,-0.0746,115067
7639,12304,100,124,-0.1261,366439
8780,4998,112,125,-0.0703,100077
3442,7605,97,134,-0.0998,545278
3983,5907,115,132,-0.0582,489329
19228,30229,75,124,-0.1828,123469
8140,73236,71,132,-0.1291,457119
12643,4552,93,118,-0.2097,754613
17002,2576,99,110,-0.195,719993
10598,9462,107,125,-0.0874,330424
19744,7451,97,124,-0.14400000000000002,462499
11944,37407,80,132,-0.2015,675075
7051,19028,66,125,-0.2298,907322
7178,45783,82,127,-0.1381,934487
18582,6634,114,133,-0.0402,923853
19992,8836,110,134,-0.0544,284177
19341,26255,108,127,-0.0843,411907
10533,45673,123,143,0.0343,388392
13456,28320,86,126,-0.1587,823935
13028,7836,107,127,-0.0997,694038
16514,11890,67,125,-0.2323,154806
7619,11535,85,133,-0.1251,175962
13223,16593,108,133,-0.0674,333368
5834,10685,61,94,-0.3995,763472
2072,11803,41,95,-0.4273,14221
4758,15757,61,124,-0.2673,689182
5224,92750,24,133,-0.2606,175287
9354,15635,81,126,-0.1857,193158
5460,1966409,46,135,-0.2248,337593
11408,17250,49,87,-0.4588,410821
17152,25181,104,143,-0.045,188586
14025,30746,77,126,-0.1482,725571
8145,22484,95,127,-0.1473,557594
8299,28818,106,125,-0.0994,289481
12590,16182,84,109,-0.2563,197613
16569,7264,84,118,-0.2007,599598
14954,22191,0,37,-0.8603,864436
16995,7043,111,127,-0.0829,422557
10081,7193,102,124,-0.1355,792631
2201,32153,114,134,-0.0521,1623
10788,29002,0,39,-0.885,115011
5722,27135,106,127,-0.0979,955539
6583,9860,103,118,-0.1535,441310
6158,262543,70,103,-0.3257,81746
12153,275133,89,124,-0.2012,499019
9014,118631,93,119,-0.1769,178136
7619,6335,117,134,-0.0296,715467
19814,8813,118,141,-0.0022,703348
17650,275539,79,124,-0.2372,515876
7572,7716,117,134,-0.0277,414931
7000,782154,80,134,-0.2395,287821
12621,6613,94,119,-0.1928,330921
14876,178588,87,124,-0.2073,24571
17939,67967,29,93,-0.5462,124984
9587,543449,69,109,-0.3103,67940
1119,11981,108,125,-0.1,222288
1178,36600,78,101,-0.3093,105251
10186,12173,70,86,-0.4056,375129
14034,80754,75,95,-0.3274,339920
6554,38223,84,108,-0.2663,756337
15373,49038,86,110,-0.2338,646668
7546,17560,86,101,-0.2703,496667
5983,54451,94,111,-0.2004,116990
4513,83708,77,103,-0.3131,93848
14375,156200,90,119,-0.1859,974773
127,116653,104,127,-0.0941,843709
13928,125462,84,117,-0.2312,78064
11682,236010,104,135,-0.0753,794295
18913,414252,113,143,-0.0184,578120
10615,287273,113,143,-0.0161,113023
8777,132331,112,143,-0.0228,179313
3960,10477,95,111,-0.2053,269958
18313,20199,117,140,-0.0137,140886
9637,14763,72,93,-0.3663,347308
3258,37960,95,127,-0.1453,123953
3988,20245,178,197,0.4379,57409
4603,19450,128,143,0.0479,867394
13364,19116,124,140,0.0229,618620
19723,16070,103,126,-0.1032,736332
16718,21556,92,119,-0.1785,856523
13996,23587,86,119,-0.1846,563887
747,11635,94,116,-0.1956,568593
10510,16849,104,119,-0.1283,84012
14121,14926,105,124,-0.1166,281752
1062,26034,93,127,-0.1157,665350
4222,11570,93,118,-0.1783,507328
870,17923,106,125,-0.1138,399645
14600,18656,104,119,-0.122,429826
18150,14132,77,119,-0.1699,350522
10756,14278,104,119,-0.1285,962145
11936,22124,53,125,-0.2035,278987
9123,14830,111,127,-0.0877,952657
19615,12317,86,124,-0.1776,194371
18645,13193,110,125,-0.0959,153912
17117,14835,82,124,-0.1722,733285
1351,15646,105,124,-0.1331,726429
5952,12480,61,119,-0.25,300531
13062,11931,75,118,-0.2718,866073
8097,8344,118,143,0.0029,308681
11451,8602,63,95,-0.366,397333
10778,27326,104,126,-0.1215,456281
7801,35659,116,128,-0.0524,994847
10593,42582,107,127,-0.1081,421302
1197,26321,121,141,0.013000000000000001,826325
15247,19464,121,140,0.0004,342939
1270,31349,73,116,-0.3178,320614
79,4761,79,102,-0.3112,203331
3396,18471,104,127,-0.1092,423404
367,374117,169,199,0.4195,328711
6418,230693,104,127,-0.0902,557559
17615,7882,107,127,-0.0809,306165
14520,85442,90,119,-0.2034,597792
12546,5637,86,103,-0.2536,656571
7701,61079,85,118,-0.2353,963438
2083,10030,113,140,-0.0205,360458
17392,6782,114,135,-0.0366,942578
766,6764,97,126,-0.1477,121522
16811,8127,104,127,-0.09300000000000001,241216
18072,6702,76,101,-0.32,423372
3279,58157,93,119,-0.1633,57738
463,9690,102,123,-0.1197,465393
14249,58088,91,133,-0.1421,494190
707,60518,118,141,0.0212,981544
7299,66987,107,135,-0.0705,577194
1786,34165,109,133,-0.0764,467455
14056,42778,107,134,-0.0869,58809
18695,23642,101,127,-0.1034,574989
6794,31538,109,127,-0.084,203401
17386,28625,112,133,-0.0524,40590
18101,30361,118,140,-0.0034,661077
5218,31245,118,140,0.0045,884064
16136,43551,119,143,0.0096,368013
16439,31667,116,135,-0.026000000000000002,227240
19195,27232,119,142,0.0035,405960
7120,46442,121,143,0.0051,262720
11829,13352,96,116,-0.1851,703761
6624,13352,96,116,-0.1851,95498
11837,61937,85,117,-0.2544,690637
13682,27785,84,127,-0.2463,970839
17323,47440,97,127,-0.146,374223
6671,47204,114,140,-0.0371,932956
5521,21098,96,118,-0.188,567169
6182,182339,96,127,-0.1449,846063
742,75121,113,133,-0.0488,697349
19874,25491,114,141,-0.0238,440934
17374,19189,112,135,-0.063,246068
12580,16579,105,127,-0.1129,591598
19684,23782,87,119,-0.2094,644461
1437,12235,107,124,-0.0983,361793
8867,6167,106,127,-0.1078,325959
1509,7105,118,140,-0.0088,452810
1773,130201,96,127,-0.1394,79644
10310,7683,101,130,-0.0905,818836
8552,517021,42,143,-0.1511,591122
3865,9791,104,130,-0.0894,666063
16463,7164,92,124,-0.1646,240038
16752,4277,117,127,-0.0453,57836
6183,4834,79,116,-0.2874,812861
15355,5791,87,126,-0.2332,823544
2602,6859,80,116,-0.2759,765311
18694,6481,79,103,-0.3158,436176
3008,6049,77,101,-0.305,874510
16672,6996,80,124,-0.2513,763678
14590,6165,87,111,-0.2232,316280
8429,5035,81,126,-0.2435,337444
17038,6116,86,124,-0.2167,493834
12131,9265,86,126,-0.24600000000000002,101206
6223,6886,102,123,-0.1181,225051
2979,29699,107,140,-0.0332,94685
15130,20121,52,125,-0.2855,912161
12545,4385,121,143,0.0076,607781
8575,16771,101,133,-0.1147,416781
5429,13657,124,141,0.0359,728393
9360,6302,107,126,-0.1048,991628
14487,39229,91,126,-0.1603,872765
8366,12587,103,135,-0.0978,544665
18151,2765,64,93,-0.4,459667
19494,7859,106,127,-0.0971,547266
960,8495,88,124,-0.2192,409229
18417,14429,103,132,-0.1053,608467
11641,11776,104,133,-0.0891,708261
15851,60497,89,126,-0.1893,225681
14440,4690,29,71,-0.6017,6387
4686,7119,33,78,-0.5754,908151
9746,7015,36,71,-0.594,64706
14100,14187,161,181,0.3354,253497
9099,4642,110,134,-0.0701,658862
12862,6356,191,207,0.5518,83039
2026,8361,190,207,0.5552,174578
17646,22198,179,197,0.4573,915645
8587,6430,172,189,0.3954,872231
13298,9996,147,166,0.2202,601655
5560,7658,175,190,0.4245,290192
876,10612,179,197,0.4545,243947
6244,5942,167,182,0.3654,924159
646,6999,172,189,0.402,371534
14430,51176,160,182,0.3283,165613
15923,16675,151,172,0.2407,287056
13337,23023,173,196,0.4275,730046
5453,17813,162,189,0.3643,852758
5850,33183,133,165,0.1522,599180
8294,25944,192,212,0.5591,77553
3164,19974,151,175,0.2896,443634
6306,19935,162,181,0.3426,410933
4925,16669,153,175,0.2894,222211
19018,24156,145,167,0.2175,547670
6320,23072,161,175,0.3157,147937
11762,32920,135,158,0.133,234194
16068,20557,132,151,0.1076,296469
11286,16728,144,158,0.1774,340085
17141,16891,135,156,0.1279,847026
10258,16455,145,159,0.1903,119103
6715,18402,150,172,0.2394,560674
15014,3202,40,86,-0.528,371940
18190,7750,102,164,0.0091,126451
11041,5702,40,84,-0.5454,320511
9105,7045,80,156,-0.1264,2039
17631,5644,56,151,-0.152,567540
7593,10838,72,198,-0.0796,113239
10005,6442,28,101,-0.4148,759302
15446,5714,24,93,-0.5301,316533
13266,4712,14,87,-0.5455,68580
18043,6479,87,158,-0.0626,818111
4817,95390,77,167,-0.0626,414659
2045,6105,80,159,-0.0828,677871
399,8808,95,166,0.012,898890
7973,6299,99,148,-0.0351,430716
6507,8355,85,165,0.0042,581756
17088,11010,52,191,0.0002,593616
5588,4727,80,93,-0.3286,638001
804,21612,65,174,-0.024,939283
1639,7943,79,125,-0.1835,710691
13267,6345,102,127,-0.1148,219260
1739,7618,100,165,0.0261,924098
18445,6578,84,159,-0.0304,555152
5632,7281,97,150,-0.0359,293964
19386,9247,92,190,0.1288,110272
10337,7498,101,180,0.0848,406551
9573,28592,121,151,0.0688,589717
9564,17756,101,127,-0.1108,841555
14717,7484,122,150,0.0631,398893
14130,9115,110,141,-0.0377,698509
4959,6193,107,143,-0.0513,199498
2746,9329,112,134,-0.0535,315713
11400,10583,115,143,-0.0039,429851
14839,7263,64,102,-0.3765,840034
19299,2388,51,87,-0.467,129296
12081,10526,35,84,-0.5076,767187
1176,12773,35,86,-0.4856,344267
2192,4538,118,140,0.013000000000000001,453968
17912,17085,112,142,0.0036,704322
986,240091,105,140,-0.0493,560016
16783,8701,113,142,-0.0148,442792
10174,17042,109,135,-0.0689,828234
19656,16498,116,148,0.0229,707989
371,26766,114,143,0.0102,169664
7522,95173,91,132,-0.1354,964448
3533,39556,104,132,-0.0884,559204
4737,7211,114,150,0.0243,518054
18985,48528,111,143,-0.0049,8678
4705,6697,110,143,-0.0128,15297
19980,8140,102,141,-0.0508,843879
14472,9934,109,148,0.0212,872999
6796,9247,111,143,-0.0104,272794
7136,12942,114,141,-0.0087,432130
10397,3166,124,140,0.0306,473407
5992,7508,117,135,-0.0224,782153
8422,12566,124,143,0.0334,72340
14838,8140,118,141,0.0094,777606
2670,17621,120,140,0.0049,853804
8546,7914,124,143,0.0305,937488
19880,19691,122,143,0.0325,601579
2708,35565,125,143,0.0368,17830
6475,11877,117,143,-0.0129,257907
14740,8596,120,143,0.0023,8546
15859,7145,125,143,0.0337,614734
14946,10345,115,141,-0.0263,333098
14155,9948,125,143,0.0362,784078
4326,39911,116,140,-0.0195,57608
17298,23155,105,126,-0.1132,966591
7767,27037,118,143,0.0106,900146
16615,41053,115,140,-0.0251,885568
19455,31838,104,126,-0.1148,906421
9942,19738,107,125,-0.0929,517312
12027,33476,113,128,-0.0558,7487
4725,23925,112,126,-0.0701,824326
2680,8717,120,141,0.0015,590018
10050,12775,123,142,0.0289,354410
5033,42686,65,117,-0.2622,364073
3959,30130,118,140,-0.0192,821856
6759,29911,119,142,-0.0056,256579
10107,26833,119,141,0.003,116953
11545,37820,116,140,-0.0118,255683
19538,46882,123,143,0.0317,350353
16076,35778,111,126,-0.0805,797886
14862,86424,119,143,0.0062,202700
729,35033,119,141,0.0026,369828
6320,34599,112,133,-0.0582,806310
6945,37572,120,140,0.0052,241219
775,52715,117,140,-0.0171,556248
5947,11682,101,133,-0.1139,771370
