V2,V4,V10,l_id,index
50,270944,108,238,645
651,2538108,123,13293,36577
835,1553931,125,3390,47796
860,369415,126,14214,16973
1306,498335,126,3240,34306
441,100337,127,13551,17974
446,138883,199,11575,42478
200,210956,172,17344,86691
343,429253,148,16576,46828
90,779308,143,18988,95005
118,813500,143,4124,21152
515,106668,119,5513,4266
58,179312,158,14449,40548
590,230704,111,19326,17104
466,368208,133,8541,22658
684,491684,134,5064,64296
192,714056,143,6746,84101
104,751132,134,9046,16675
89,844729,126,11085,11757
1613,21376,141,474,75053
28,42717,141,11192,21812
52,86313,134,11283,28788
72,115504,150,7950,75051
92,149083,141,1165,99972
84,184383,148,2605,63194
1372,2128907,111,7196,64986
1372,2356435,118,583,63255
1410,5202324,119,6210,40419
1302,4332815,140,4486,75513
62,4822392,124,12425,82713
837,1874415,132,8885,89894
104,2378236,125,714,21873
168,2891804,119,16164,90216
1338,2691189,111,12919,58746
1274,3874261,119,11510,94452
745,3957839,127,4477,86367
24,304472,125,13228,84661
172,506035,135,16062,19244
10,1701528,100,4466,41046
1629,183711,126,13035,1897
1162,284198,132,5133,94492
1271,1918128,124,7832,8711
1557,19841,124,3630,1995
1590,3884461,116,17224,77715
458,1009999,132,11719,42542
1634,1702491,110,10035,72217
1502,3509731,116,14097,63469
964,3550771,124,10028,28187
1548,43048,100,3509,43232
787,1686891,125,18970,33750
1147,2379129,132,11631,23571
24,2512965,109,3830,76716
20,2845256,109,10904,25462
1599,3826588,108,8602,3130
774,4157620,125,3950,86863
1277,5437060,126,17236,44761
346,5683014,149,15433,35779
1299,1005895,119,19567,60465
1096,1094629,132,1739,86622
1261,718617,123,7098,85706
714,807880,111,5309,88575
1193,238667,132,2285,24890
635,2071956,126,15704,480
1510,893861,118,19892,38721
1161,969911,127,5965,59950
1542,1031599,118,8720,14005
796,1060732,116,6585,93855
40,914661,116,12599,28718
1612,1194814,94,10352,13956
1618,1944138,101,6215,21194
1628,2095507,100,16524,9421
1598,2493675,116,14117,53561
490,11430416,119,3591,74634
1073,237720,93,1810,59925
631,309526,92,10814,26547
453,200567,116,1200,84006
384,519708,143,9436,75226
134,1334443,141,14931,77615
140,2377320,140,1566,33647
1339,514011,133,6453,86266
843,66362,126,19390,69320
816,161984,126,6245,90832
1335,126958,111,9225,8889
95,418215,141,15038,77389
69,33812,97,3486,80739
930,638484,140,2369,23973
837,837888,128,2226,92952
1213,3496125,127,11100,27782
1238,3980769,132,17867,75012
974,4178041,135,15286,24053
333,4383776,132,3077,68788
51,132576,124,5204,64293
172,273387,124,14120,63991
1278,31602,109,5904,100605
1352,106519,109,16594,22035
570,2425716,126,7393,42187
1066,367455,126,1396,5590
787,1044587,125,12463,69537
979,1246717,127,14842,21717
382,2670772,127,4436,44609
1034,2928259,135,7402,63754
1564,3375765,111,11943,61405
193,1280256,126,7075,80509
992,333435,133,10768,75041
1592,562633,108,12918,2743
235,719024,127,19226,36277
1486,1837460,141,7139,6021
1373,2094776,140,1114,20375
1167,2124840,134,1487,5285
1334,1959052,127,9728,37801
1271,552815,126,9686,26641
1258,702405,125,7522,92862
1696,150740,94,6287,31948
1516,188800,125,3969,331
1694,247414,93,16962,83169
1692,297166,95,8851,29390
1694,348257,101,7567,79165
1583,435916,124,5746,52013
766,487588,134,3624,35451
1583,564621,124,15700,23708
1585,689890,126,3762,68951
1589,815504,124,17165,5210
1590,939860,119,15567,23361
1407,1108782,126,1323,18697
13,1137216,125,12411,59706
1590,1208843,125,4327,99236
1611,1594517,127,10396,34336
22,1678232,127,14877,99082
1608,1724129,127,17383,22577
18,1743250,126,5608,77728
1514,1751304,127,18139,10040
1488,1771642,127,7973,52669
1656,1809524,125,15890,1825
1570,1823987,126,19944,21629
931,1120180,124,18175,95388
1558,1511591,133,11263,23621
1256,458941,127,15146,69065
92,3529007,127,8144,5734
386,1063527,127,16946,6728
1142,1421746,134,2724,86319
465,2551201,126,2259,67511
1336,4270218,126,231,60435
183,212188,125,16904,55557
38,2277688,126,18880,97384
399,5427424,135,7662,12170
466,11741833,133,7126,94543
54,12577396,127,16275,97178
308,12725314,126,18889,87726
279,12917094,126,4974,99891
74,12987692,125,18548,4983
26,471281,143,17936,99562
26,786900,143,17889,24734
28,808199,143,16778,78361
26,1377782,151,14039,46896
23,1461302,156,9442,44546
21,1488636,150,6866,38082
24,1620708,156,16335,15335
26,1651909,156,14255,20281
1185,2258662,143,8354,63748
19,21518,132,13690,36993
53,50467,132,13362,34256
51,66578,117,575,1959
205,82319,118,17672,66190
159,102111,140,10754,9310
60,118242,116,13414,63067
182,133829,127,1337,50334
103,149092,135,7698,16831
94,162940,127,3080,30988
17,177387,118,5125,38232
106,190920,125,10581,97434
21,204953,86,16300,93426
15,221142,95,209,38840
24,240390,110,2517,45165
150,254670,126,541,87175
39,274244,132,14486,1420
82,287869,101,941,36412
174,303167,127,19564,71944
168,319317,125,7821,74807
194,334316,134,4879,56977
529,350500,111,1871,79567
37,362736,93,2942,84621
18,374591,84,8971,89725
199,387414,127,19829,10902
156,411717,124,2241,6646
216,425176,143,12725,62308
408,439212,111,12922,28704
42,451079,103,10119,81756
1160,463848,132,10346,5089
272,477082,124,12882,91003
16,494946,84,17243,10518
244,506794,118,17670,53069
380,518272,119,2012,59195
442,530985,116,17964,50812
519,548953,126,5526,66666
121,560445,124,16077,17496
71,573118,118,1464,84383
61,585888,78,4812,46079
415,604528,134,5193,79756
718,618148,111,9571,69794
416,634288,135,13166,8339
142,646749,124,3213,19012
14,677417,93,6249,2700
42,698089,86,15401,64497
32,718521,84,8815,55495
31,751656,78,16696,79781
250,763947,133,12207,97678
139,776424,148,16510,55560
249,791249,133,18114,1653
194,802822,125,16357,38649
37,814627,108,17162,27340
27,830795,79,15023,62523
193,851553,135,3700,75497
143,874545,126,5470,63682
104,897032,133,4815,77793
56,908986,101,7397,21401
275,923211,132,18231,25067
164,936828,132,10324,54052
184,949493,124,10040,12587
92,961728,117,4441,44779
181,973704,135,1321,94110
201,983827,127,18824,80717
167,1009888,140,2898,7959
214,1025473,118,6172,41372
78,1036161,116,14462,51162
193,1048832,141,6723,14170
154,1060313,132,9451,16876
179,1072248,119,5158,39262
534,1082953,141,10125,48691
156,1093492,118,17762,12396
32,1105387,94,6702,36816
222,1116892,124,18413,40935
127,1127927,124,12060,50393
252,1137757,127,1034,47255
63,1148364,85,12502,79204
120,1159132,124,12927,12928
127,1172632,140,8203,5233
1347,1184525,117,15624,48051
82,1196915,109,9138,75603
218,1211795,126,509,90502
486,1226204,141,8563,61224
612,1266548,115,1893,68659
234,1285749,118,1705,68604
241,1301945,111,1820,717
24,1312132,71,4927,23483
308,1323745,125,18704,2753
95,1335593,126,10702,70674
512,1347021,125,18961,99633
80,1359820,118,11469,28700
176,1373442,111,10279,76416
146,1385914,113,12447,81196
96,1398914,124,9969,60453
367,1411815,109,6905,41802
71,1427883,117,4366,98666
513,1457776,127,14835,41740
120,1471288,124,2395,32147
370,1483901,117,1209,62405
186,1495883,125,18985,99109
48,1508040,116,8909,39802
126,1536631,120,11555,59124
17,1549891,84,10948,64446
844,1564557,125,848,14375
91,1578129,118,12687,99546
262,1589443,119,6372,89114
124,1602199,143,16405,44493
136,1622718,127,12990,88543
50,1647194,118,5810,45020
236,1658769,124,19440,46441
209,1671110,132,17162,11151
153,1686810,125,8379,70233
521,1699829,133,4252,83822
65,1713184,126,10462,4548
155,1723392,117,18649,3386
75,1736822,125,2836,97030
357,1747660,140,10085,54607
224,1761703,132,15638,54340
58,1772736,135,17223,26360
120,1785930,116,12568,2472
55,1798172,116,3924,62777
76,1810283,117,6058,51939
39,1821917,109,1657,65685
188,1835349,140,1094,64203
93,1846289,118,16936,14870
27,1859633,84,2728,96687
108,1889440,124,14833,31812
205,1901975,135,2731,43898
126,1913646,133,17392,82253
197,1924936,140,9060,53489
56,1939602,110,3032,4772
98,1951299,118,1419,42500
92,1964591,124,12590,12343
37,1978842,119,6103,74103
162,1990031,111,15786,10144
81,2001794,117,6379,61525
88,2012949,101,13566,66964
101,2023150,118,13467,92611
91,2032910,134,11025,55538
48,2044475,109,9232,70749
21,2058016,101,2421,42107
44,2070796,109,7132,49796
90,2082338,117,9911,45024
31,2097270,103,14031,41445
305,2109324,111,1218,92158
120,2126462,132,5004,86249
19,2153410,108,13887,61312
59,2216556,124,13448,19460
29,2280868,101,7230,84421
18,2293946,116,18886,62047
50,2381400,132,4823,9948
53,2409518,110,13389,16952
46,2433721,132,15404,54937
17,2445050,77,8503,76968
36,2457943,117,10183,39237
40,2535292,148,13094,66040
11,2550653,77,2724,64279
38,2563241,111,18355,9923
25,2583780,111,18004,58675
81,2595643,109,19756,76198
23,2632529,109,7854,49459
61,2644097,125,13116,89921
33,2656867,132,7105,28572
40,2669677,126,3189,84998
42,2682435,119,7622,32092
16,2724595,70,9961,2275
52,2787427,126,7521,84513
28,2811821,118,12332,26143
27,2824741,86,9734,47535
32,2837268,110,12121,10224
22,2857900,108,1795,26112
6,2939222,118,2606,67459
1271,750399,125,4774,20165
151,639993,135,2761,32466
125,843837,134,10987,17356
172,909492,135,10456,40266
122,1136924,133,11639,89488
197,1317395,142,9509,63113
230,1346264,140,10137,70991
235,1417288,140,168,84383
230,1566453,141,18374,25006
1201,9033,111,18890,98558
1222,737568,133,17516,87058
1229,840385,133,18969,88343
1214,882712,135,19321,20988
1220,971922,135,15573,38821
1201,1062901,126,4042,54318
1215,1127599,127,9123,42473
1118,1170219,126,4531,96221
1219,1183893,127,9233,86681
1209,1246244,126,14626,33497
474,28553,198,14426,88429
861,31995,207,2071,74286
9,35164,189,15200,88640
824,40195,206,18630,12587
843,48539,221,1968,90818
1069,117724,213,14317,54200
272,125040,212,15482,61591
872,135298,236,18586,19780
585,155593,210,19698,56282
750,177087,207,15840,10208
1097,185588,212,18414,55875
1220,198776,188,17276,13487
865,211993,207,12155,28921
860,222657,205,8580,13599
148,236280,198,8188,23810
723,251880,191,5126,75510
1228,270711,174,13576,92166
1052,365932,189,15334,89014
16,394980,174,6450,75234
878,419973,181,8205,29237
1288,435883,164,10862,89268
961,494461,182,16598,100275
956,508650,181,9389,71157
864,519266,183,13408,94437
934,552388,180,694,1821
930,561842,183,1344,91256
928,578392,182,1053,11960
940,612672,182,2543,32852
942,625675,181,4829,100030
944,639857,182,11851,65630
935,675327,180,1084,2582
907,898715,182,13369,100557
903,908176,175,17154,54499
832,928264,181,12997,19947
793,78276,124,19062,71294
440,795659,119,6849,100595
490,13320,127,10619,93270
515,31058,127,19925,59368
1162,41201,124,18153,37419
504,55568,129,1633,17653
249,64720,126,19729,47834
1333,3149542,103,15338,39453
1638,676657,93,12003,60166
169,4215748,156,19633,11375
230,308712,148,4566,83914
223,333576,148,2488,12340
225,344225,148,3171,17923
436,408170,143,3128,11539
224,418798,143,16542,52812
828,468520,143,6964,3929
222,486291,150,3644,45269
223,500482,143,12715,34629
384,511150,143,3559,35296
218,553733,143,14695,6350
222,564395,143,14804,25065
735,582129,143,12925,24521
222,592819,143,17989,11621
261,653195,150,11628,18390
220,663832,143,8315,30305
456,674482,150,833,34789
734,685134,149,12284,21229
226,695788,148,14803,78741
226,702873,148,17105,42184
216,713531,143,10869,76244
230,830692,142,1495,65796
232,844903,141,18916,2292
222,855569,143,7804,28542
212,862693,142,557,95090
226,876871,143,5610,52237
218,898132,142,8334,95186
907,908829,143,5398,20288
225,919496,142,1753,31022
58,933641,140,7793,11156
167,947878,134,14804,83015
218,965599,141,15266,94452
218,979800,141,17816,89073
222,990473,143,6995,56710
58,997556,134,376,8334
222,1018885,141,10342,14373
210,1029531,141,2951,12456
217,1040199,141,17291,64537
214,1050830,141,15197,99445
215,1150255,143,13748,51269
215,1157378,143,17082,47237
214,1164475,142,14470,71260
214,1175131,141,6299,99530
212,1185752,141,5456,12089
218,1196445,141,13763,41140
74,1207040,135,15362,32453
219,1221276,143,18472,30904
221,1228359,143,19066,50590
214,1242592,142,11519,94439
215,1253240,140,7138,82485
440,1263888,141,1243,9577
214,1278089,141,9133,96862
218,1285196,142,2825,52381
211,1292303,141,1965,37554
212,1299402,143,5471,25617
212,1310041,141,12624,75654
227,1317154,141,2086,93156
68,1327750,135,16766,58833
72,1338402,140,19869,70217
217,1359742,141,12385,16856
224,1370411,141,14030,82558
66,1384579,140,15850,3400
211,1391715,143,14913,83131
208,1402348,141,18232,65970
199,1430780,141,18151,46396
191,1437882,143,15809,71672
194,1448535,141,1790,36978
192,1469845,142,19757,3214
187,1480475,143,7874,67709
196,1494716,143,12531,65150
197,1512467,141,15731,12656
191,1530225,143,18026,82803
191,1540855,141,16664,29803
192,1555056,141,12629,88867
191,1565703,141,2970,33682
200,1576347,141,1631,24096
192,1587011,142,19072,97476
188,1597679,141,15569,51206
191,1611861,141,11868,39531
193,1626076,140,19805,31124
195,1636729,140,7049,22293
192,1647385,141,14622,13311
191,1661593,141,8774,91853
192,1672228,143,178,63520
192,1682891,135,12647,17234
187,1700639,141,7376,90317
194,1711281,141,12582,30512
206,1721968,140,6571,53594
190,1736165,141,12814,28277
190,1800071,140,12603,56189
195,1810727,141,16808,62718
194,1821379,141,16284,3763
192,1832017,141,15550,37201
192,1842677,141,16214,3617
189,1853339,141,9829,3219
195,1864008,143,15743,10757
194,1881746,141,1866,10659
190,1892384,141,10424,53668
193,1903031,141,7747,10065
197,1913670,141,18800,44999
393,1924363,141,201,14026
185,1934989,141,17926,23940
193,1945637,142,10406,9393
197,1959850,141,9348,46138
193,1970509,140,13498,26021
197,2098332,140,7788,11550
187,2112542,140,9690,81037
205,2133849,140,7298,81364
188,2194206,140,4766,54490
194,2204771,135,4234,58131
189,2215404,127,9820,79353
186,2229707,141,17674,53906
195,2240365,142,2093,60484
190,2254463,127,5899,66909
194,2265115,127,13575,28953
196,2290079,141,6898,65238
191,2300643,135,2525,63049
186,2311296,135,10592,23912
187,2322028,140,3803,53375
194,2339797,141,17887,65217
195,2357532,141,3282,66926
193,2368203,140,19882,69029
191,2400148,141,14659,40256
171,2410794,141,3723,54286
199,2421350,127,8634,12520
195,2432111,141,3320,60688
185,2442673,135,7977,60879
185,2460408,134,7804,72179
181,2542072,127,16155,53499
180,2552812,141,18748,6492
181,2563376,127,10782,2729
179,2574054,135,3563,93232
151,2584775,140,17399,44259
154,2595429,140,1646,71509
175,2606006,135,6240,30558
173,2616725,141,18098,65231
178,2627391,140,16840,82212
177,2641500,135,17329,21924
187,2662812,141,16059,90360
192,29611,124,2697,50938
189,47376,133,15200,92343
182,65121,135,5945,90498
165,75777,135,1786,27900
157,86427,135,7250,42512
178,104164,127,12856,32493
184,114815,127,18464,70677
181,125467,127,2688,89770
186,143219,126,14893,66563
161,157529,140,10365,81506
181,168086,135,4195,22714
156,178731,135,16185,4345
178,189384,132,1003,507
183,200030,126,936,14538
181,210681,127,7951,10019
181,239088,125,4522,91086
175,249742,125,15150,73048
174,260396,127,11797,7621
182,271050,126,12221,60489
174,281703,126,3614,46396
184,299460,124,11250,88256
173,310112,125,13331,57368
172,320767,124,11513,51885
174,327870,126,9524,9150
172,334972,126,15582,17234
181,345626,125,5954,33269
184,356279,126,16345,81448
176,366932,126,17218,4825
177,377585,126,12611,50504
180,388236,125,19882,70476
182,398889,125,4085,27431
175,409539,125,16894,14218
185,420189,126,2283,51661
198,430836,127,6978,94362
196,441483,124,6863,26338
194,452142,134,5796,46742
190,462786,133,18318,31544
159,473430,135,11912,7810
194,498252,126,7364,41174
190,508896,126,14573,69826
193,519540,126,4038,2802
166,533745,134,4825,73439
163,544389,134,3581,40163
195,555021,125,13212,74902
196,579857,126,18243,93536
196,590503,125,8651,11495
195,601148,124,10046,93345
190,611792,126,3281,16657
198,622437,125,9802,57415
198,633082,125,2852,33758
194,643725,124,17026,99895
198,686304,124,9816,9047
200,696948,125,6109,35168
193,707593,127,546,60606
200,718237,127,5371,67641
172,728995,140,342,3394
194,743076,126,16066,50426
166,775118,135,2684,48176
190,799848,124,15288,66449
171,899307,135,6131,48500
175,909953,140,4299,1851
202,920489,132,6072,73320
196,931135,127,8937,20762
172,938349,135,3707,34645
214,1413720,124,12613,69278
214,1424367,124,326,65013
209,1435012,125,19209,33052
210,1445656,125,14848,71511
210,1463399,119,18674,4292
218,1474044,125,12118,57339
211,1484688,127,548,90262
218,1495336,119,18733,21731
212,1505982,127,5947,2996
219,1516628,126,17771,25778
214,1527274,133,18576,83986
189,1541574,135,7644,61089
216,1555663,125,13514,73628
213,1566309,124,12514,37775
214,1576955,125,13238,25079
212,1587602,119,14807,42756
215,1601796,126,2738,66182
216,1615991,119,13662,56992
211,1626636,124,15775,69013
213,1637282,127,7617,47542
216,1647927,125,8242,50260
218,1658584,127,9357,11528
216,1669220,126,14808,51406
220,1679864,124,10682,69970
216,1694059,124,550,25184
219,1704704,124,8858,77946
212,1715348,124,7079,55243
192,1729557,133,15846,100675
214,1740188,124,18433,53915
218,1750835,125,1642,29212
218,1761480,124,4307,52388
214,1775675,124,16781,30271
209,1786320,124,18075,884
217,1804079,126,8196,91694
212,1814708,124,18714,5117
217,1825355,126,7956,28501
220,1836000,126,13255,40423
209,1853744,126,2402,75890
181,1868026,135,11291,67525
212,1878584,124,17730,69866
221,1889228,124,14827,68939
216,1903423,126,18574,7727
214,1914070,124,7005,85504
212,1935360,125,6462,24847
216,1946007,126,17148,71123
217,1960200,125,19019,71165
212,1970846,127,5606,17511
218,1981492,126,11428,53619
214,1992137,124,14596,84693
218,2002782,124,5947,14756
192,2013541,140,11191,73401
214,2027621,124,9104,77579
211,2041815,125,12768,11304
211,2052461,124,8119,100238
212,2070204,126,7338,52599
218,2087946,127,7340,97852
218,2098591,127,830,94842
215,2109236,124,78,4456
213,2119881,124,3483,69801
218,2134076,126,1478,74589
197,2166066,130,8818,84443
218,2187305,126,11738,74043
216,2201499,125,3612,32399
211,2212144,124,9757,79173
212,2222791,126,15042,97551
212,2233436,125,12491,96864
212,2244082,124,8158,73373
214,2254729,124,3857,15993
217,2265372,119,11869,75168
219,2276025,127,18024,90451
213,2290212,125,11035,93547
211,2300856,126,19235,60775
189,2315172,135,10391,92261
207,2336344,124,6269,37202
214,2350536,124,13130,13028
211,2364730,127,3903,57486
216,2382472,124,15556,23348
212,2421508,125,2413,54657
210,2449893,127,17905,51178
210,2556352,124,18993,91633
214,2566997,127,3356,75933
209,2598935,126,12002,42412
188,2638062,135,4471,10217
216,2648612,127,2008,60869
216,2662807,124,16861,91963
218,2698294,126,7007,83101
216,2708939,126,5353,90909
212,2730230,125,12870,76617
213,2740889,134,17404,43966
212,2751522,124,6658,68125
180,2765730,132,18250,35690
212,2776362,126,8813,18267
212,2787008,126,17120,61437
216,2797652,127,5496,16407
183,2811861,134,3011,10812
212,2829590,119,9800,74802
218,2840236,124,18186,9419
216,2854430,119,4135,19167
213,2875730,134,3847,78444
214,2886367,124,12902,18394
214,2897015,126,357,79043
216,2943144,124,12082,47865
216,2957336,124,13901,79568
172,2975090,132,1484,73348
216,2985724,127,11065,56977
215,3003466,119,6267,90089
213,4348321,125,7023,24227
221,4358964,124,13219,50503
211,4373158,126,3913,10081
210,4383803,125,19425,368
209,4401544,126,14053,75827
212,4419287,127,17323,69335
210,4440576,125,2725,7965
209,4639275,126,13891,54229
206,4649920,127,17235,72739
211,4703142,125,3851,68664
214,7261658,127,9151,91322
209,7275852,127,675,57481
209,7300696,127,2747,6685
217,7307792,127,15473,79413
210,7318440,127,9103,12670
215,7325536,127,12340,90595
217,7612982,127,19695,99392
202,7655567,127,15264,23970
206,7754931,127,5160,42139
203,7765576,132,6031,6585
213,7783320,127,1360,20032
211,7797516,127,10594,92207
213,7818807,127,659,48094
776,19123,124,3123,94578
226,29792,126,5327,87809
224,40447,124,16564,49744
250,115195,140,10519,20382
871,140094,143,6866,21961
342,55824,95,19453,18950
354,87794,103,10506,18969
345,98450,103,6357,88528
340,109106,108,3938,13886
332,119826,118,8948,10014
346,130421,103,13107,16161
373,3630060,134,6099,58565
370,3658511,135,18367,64687
360,3711800,140,14082,25168
878,2150756,143,4944,95057
438,2887476,134,12763,20156
1027,155262,132,7872,44134
1152,1083344,148,8766,20888
579,1162292,125,7527,50297
1191,1223696,140,9321,76187
960,1260444,149,12275,7595
589,1273556,141,12769,29896
782,1292296,149,6726,7815
981,1311535,143,6450,53436
608,1322076,140,7784,53719
1259,1333079,141,5765,68577
804,1341296,140,17945,63661
1218,1351652,136,3999,71026
408,1361748,142,4889,86412
759,1378588,141,12753,74492
627,1388039,141,7831,61632
625,1398179,126,35,2095
1225,1413276,143,5528,95200
1201,1423996,141,17094,54244
777,1436092,135,19460,43600
430,1444009,132,4735,16350
590,83253,118,15243,97557
856,134992,127,8219,47510
1040,156373,126,9145,28236
1185,171878,135,11979,45627
808,192330,127,8386,81850
521,203200,132,17582,65963
1232,224243,140,14819,15983
861,237731,136,11145,89007
1295,249740,132,13873,62738
813,273912,148,1047,22306
328,294036,135,10918,89936
334,367330,135,15700,74472
624,450383,140,2545,56935
667,483808,132,2614,14339
811,598094,140,6069,35665
482,626956,140,8533,15448
329,679391,140,19467,89624
706,762239,140,2607,59429
1248,796976,141,14152,32334
1202,818589,142,16861,77443
494,847976,141,14028,63070
866,858608,142,12784,93844
771,879265,140,14820,43086
568,888676,141,485,79295
822,899665,141,15492,32334
692,909977,140,13601,45179
980,972388,148,13808,69342
589,983189,142,5044,54949
319,1013647,133,906,35236
302,1028219,132,13536,34287
319,1042410,143,16964,77297
736,1069372,141,18234,15330
307,1095703,134,2225,866
762,1110861,142,1336,67315
309,1156111,134,921,29961
581,1188745,143,11147,100409
1212,1298260,140,16762,39619
319,1458136,135,11245,66204
696,1481148,141,13369,77882
1101,1506531,149,14317,54210
311,1593120,135,9914,82466
493,1622524,140,10869,41108
604,1645548,149,5388,30916
1242,1667036,144,19497,61990
1241,1681985,140,6148,95885
309,1692621,141,4355,3703
1281,1709871,141,3967,65265
1148,1733276,143,11657,23939
309,1738812,134,1347,24527
1128,1789337,150,794,43337
548,1819728,143,2870,3580
1219,1962347,141,18705,73667
1339,30238,124,15858,67884
16,55629,119,75,66850
1333,68506,119,3438,57626
1333,75681,124,3169,7289
1335,97213,125,419,42848
71,143858,132,5086,93634
836,128981,125,2753,45106
1330,1543689,127,5104,61886
1332,1564476,133,3674,71918
1333,1581956,132,6865,75648
1332,1599173,133,12934,47739
1332,1647954,132,2190,55930
1334,1669028,127,7520,93919
1334,1682947,134,12997,8692
1332,1738114,132,3479,59827
1334,1772598,126,13445,72692
1308,2369561,135,4334,94678
1321,2396392,141,17550,47031
1316,2413186,127,13517,28694
1466,5851560,143,2242,21685
1373,5877670,143,5786,45600
1455,5897955,141,17703,71308
1448,5921348,141,6995,78376
1437,5948472,140,803,61474
1395,5971616,143,1535,71169
1457,5996739,140,9100,1412
86,6245776,140,14775,83835
132,785285,157,19297,55067
631,1934337,125,11644,44185
635,1954686,127,10368,100207
636,1970877,134,10766,73372
635,1981483,135,10080,70706
636,1997506,132,486,16514
639,2003457,143,8302,9621
635,2014317,132,16088,98419
637,2020117,141,7827,50011
632,2030738,133,6487,11586
632,2036297,133,7919,32983
632,2046183,143,18267,62014
632,2056391,133,1781,41845
633,2076679,141,5318,70313
632,2086116,127,4717,66010
633,2095693,140,19926,13455
631,2104879,127,13689,58516
630,2113824,126,7696,27301
630,2122284,134,13945,27187
623,2163487,127,15655,82417
625,2172874,125,191,92940
622,2182079,126,265,9711
622,2188232,127,4649,57159
623,2197376,127,4473,53137
622,2206572,134,13446,11808
622,2215730,133,1664,55780
622,2224928,127,9029,56021
622,2237099,127,8539,60422
49,735624,130,2015,85914
1348,356016,132,18800,63747
1102,3028556,123,16283,32649
210,612252,135,3045,92885
1170,32926,134,11433,99182
392,228429,127,14013,85233
850,231443,134,359,100109
402,2513182,126,3184,43960
1360,4807479,109,10248,97194
1336,4848269,117,11299,47511
1173,466057,122,9014,52606
564,51952,119,3377,36893
374,303262,127,15916,99864
943,3020360,126,13607,94393
528,1346908,125,13907,73837
1347,70241,124,724,39494
492,1263637,125,19266,98512
740,1503546,119,5323,59980
444,1587191,135,449,47047
132,7458,139,2875,17365
900,1099516,129,12976,54277
538,2922536,130,16340,60318
99,690120,135,13711,94460
115,203987,134,4634,31121
396,133203,135,17851,32963
944,597966,127,2100,84499
1017,673860,125,1893,71466
963,731423,119,2850,98147
1305,817245,133,3260,6165
1124,861921,132,13618,92051
1314,968164,132,10259,44759
947,1035264,127,15457,34999
572,1074276,134,6221,89958
381,1131524,125,15746,69839
1616,1168994,110,14969,56558
758,1199753,134,12246,60450
199,1290103,145,4771,78684
1573,1658959,118,19405,19417
779,2070121,127,5494,32748
1642,2097080,109,6292,69891
142,2243932,135,8354,41776
531,2455644,135,17200,50812
986,2563708,119,17339,72416
1637,2637334,109,16587,20462
976,2690135,119,7054,74106
1135,2829653,132,19924,3775
571,2993160,135,2574,67024
1348,3023381,127,9114,37899
1370,3378474,133,5072,1239
521,3406376,133,1591,69970
1620,3457651,109,13616,60773
544,3581267,127,16957,98394
1402,92896,124,19138,19702
757,113291,124,2051,5589
607,140756,132,9003,52124
692,328453,127,12466,86508
914,414931,118,7036,17586
380,484208,135,12281,39211
1638,589752,109,10775,79260
223,625588,132,518,82856
124,800138,132,6611,19311
92,902622,132,562,31497
140,970972,131,11127,25972
120,1046583,133,7597,16409
88,1082521,126,18460,80058
1066,1250629,127,11817,93145
547,1294979,133,10206,91057
960,1388304,119,414,48353
556,1540636,133,14708,2319
128,1566638,119,17707,65351
1071,1593992,135,2891,65168
1096,1635864,134,18368,89575
1539,1758011,111,5939,12286
33,2089996,109,19836,77726
168,2274383,133,19674,271
1030,2315030,124,8542,19501
38,2488282,110,18713,75790
891,2921970,118,11069,48932
292,2946700,133,10350,15317
1262,3294616,127,5799,54699
1326,3426590,124,3641,62833
447,3579140,132,11917,11885
1681,951917,101,19063,25649
1689,990624,82,18119,80438
1684,1161649,93,7092,61886
1687,1465360,86,12177,19982
1665,2961953,103,14544,52984
1656,2987515,111,19308,77498
1647,3009096,109,2313,14894
686,3379344,132,424,8368
1590,3403364,109,12170,98500
734,3857548,132,14744,84711
768,3896740,127,966,51037
198,3942263,134,9645,50038
355,3962304,124,920,36389
151,3986268,125,765,7291
879,4048602,117,735,56305
404,99644,142,9529,95461
518,257770,132,4235,37310
1156,728304,132,6670,63480
260,961371,125,8974,60189
693,1620667,133,11390,49924
24,1709661,135,16675,67000
1167,1804016,134,7300,15761
928,1862728,126,18449,19856
27,1988984,132,11024,47030
64,2014368,134,19393,10844
214,2039135,132,426,48364
1332,2063003,124,13652,13673
490,2102099,127,17942,46730
1324,2166078,132,8637,55777
23,2433491,127,2421,42672
837,2451296,134,17983,21480
733,3320092,124,12362,73151
603,3384556,125,14045,89063
1058,3577127,132,8265,81343
1322,4118372,119,6638,41567
470,4165792,127,2910,66070
497,4186988,141,15899,86693
226,921104,148,14623,50161
586,1581952,159,12788,17165
1592,1612870,111,17073,79806
982,1659760,124,8915,90572
1296,1695447,133,2635,92335
1293,1715307,127,15368,10118
67,4121214,127,1041,57143
732,5260250,134,8683,72028
1376,5492091,140,10282,70797
222,5521708,150,5347,45735
1358,5550899,141,1695,32456
169,5714652,151,7268,16998
313,836771,134,17428,55836
1056,1276817,135,8221,55207
1273,1592247,149,8389,36413
239,1785787,141,4403,18593
823,119932,103,2154,28001
695,890940,124,5089,17516
1170,2173340,124,8159,10867
927,3597517,143,2953,27522
1154,595245,126,13882,34486
1325,971551,126,11922,75118
567,1130901,124,9133,16943
1263,1349811,125,8359,2405
1285,1954498,132,5180,94918
678,2134950,124,3572,19570
1187,2488541,124,19932,51509
1316,2633484,134,3502,25162
931,3178563,126,4811,91801
329,9754906,126,9430,91690
669,2183084,116,9032,75520
567,745905,124,19273,3977
1482,1144070,118,14397,18224
939,1248687,118,12895,68374
176,1294012,128,12848,20820
280,1786124,132,16626,48158
1613,2158152,94,15189,57297
1602,2338875,103,7891,42432
966,2591841,112,15598,16638
255,3568718,127,17061,34834
858,3658092,118,7404,31650
962,3681252,124,16040,41189
542,3706306,132,7199,40675
279,3802044,134,2957,95633
73,3947239,133,7036,33746
404,4072440,127,10823,45110
583,4235283,127,4172,56889
103,4630888,135,2896,99406
404,4726836,136,6125,5965
67,799301,95,9840,59776
1562,830524,103,9090,44134
488,1134921,134,11047,78514
975,1219077,149,16861,44504
1489,1248844,141,9668,54923
941,271831,119,2811,76923
1141,287972,133,11407,82696
1185,496428,133,4604,1854
985,733675,126,12831,89943
625,469023,130,18867,14749
1450,492461,124,15446,56968
370,653004,134,13799,98593
1237,812044,128,11546,67015
742,832282,117,6734,24132
877,899399,119,12619,75201
1020,1067171,132,8807,79963
1420,1164931,124,16848,37072
1528,1206040,110,9225,100464
394,1304626,133,984,35869
1278,1340875,131,11440,89524
1075,1379206,135,17447,8719
1308,1439674,132,7685,52394
114,1467110,127,12895,63717
935,1519120,121,16800,94937
1004,1589168,126,17405,43372
1009,1627306,126,2500,70886
994,1802178,134,5156,20877
616,1862979,134,7749,90090
1223,1940699,123,8170,73441
998,1973176,122,171,23207
1245,2093633,134,15820,89496
862,15196,150,2413,50878
1140,34180,150,19730,4463
975,71788,156,6807,30441
815,1204136,124,9966,1029
738,1286491,125,10048,53439
780,1608609,124,12602,88402
902,1664455,133,13089,39916
571,1975691,140,10702,28260
928,2702164,132,13232,97519
904,10343928,127,15403,45193
322,10391507,126,15610,99790
1159,10507445,126,11081,27392
692,564721,118,5237,22715
778,1264403,133,3458,17556
761,1362998,111,4346,87610
746,1759951,127,11475,22418
348,393468,125,13266,34859
527,3889402,124,17785,80030
1302,3928612,132,10343,40249
747,3980528,126,4038,5236
740,4022595,119,15947,29210
1126,4349745,140,2761,58282
291,455881,125,5719,17391
584,228336,140,17367,95441
528,281958,125,3372,82766
1047,603608,133,7694,57600
587,1279991,124,16569,2173
814,135403,126,14437,51906
1157,2613123,135,19410,71259
385,2794911,125,6799,61362
378,2820612,133,11491,77009
388,2839625,132,16647,93345
253,3458793,124,13916,24535
1316,3544490,140,6531,46532
419,4680372,126,12520,56023
1346,7865,102,11855,72742
17,783156,116,17893,57190
1232,87927,124,3824,38564
763,424112,125,12615,67488
1305,534095,133,520,75045
1023,639507,143,11011,67637
705,697905,126,17531,72062
992,724202,141,13256,54356
957,852053,141,15643,44154
1054,950148,134,17482,6123
164,189532,143,6610,52592
1159,288161,141,3651,15136
149,356625,141,12418,54848
109,373961,143,17628,13063
179,395420,141,7936,59687
194,413490,143,4385,9810
282,505127,141,14108,22099
341,530483,142,556,100758
318,551924,126,18122,51475
320,574216,127,18372,97300
203,594771,143,14189,82982
323,618502,132,19710,93852
1329,2287276,126,7481,58132
1304,3626816,126,13923,12289
806,2294312,134,13697,16635
1232,1545486,135,1426,33598
842,820708,133,11622,85191
1297,324243,126,12013,29438
768,337112,133,7318,49565
1141,350910,132,9408,22441
1205,521925,125,14815,64706
509,261732,132,13769,41006
370,409918,126,17049,92245
883,61648,133,12329,1505
652,148463,127,16483,8752
1227,365227,127,18585,22816
829,657580,133,8248,43224
28,877428,125,195,66552
86,1119168,127,11486,14584
274,849235,126,18158,42639
127,33737,125,15988,13985
133,125827,133,3189,47541
592,274631,134,2324,50075
191,398815,126,1748,6653
1506,547511,110,16933,20965
1556,625516,110,19240,7809
1360,662880,124,9054,75663
780,677200,126,13072,4741
232,712528,150,10814,46567
1664,769100,125,19709,21035
1388,784164,142,2683,16540
178,815711,141,7532,49842
317,830232,156,15988,69902
335,841149,150,8436,22854
222,884631,127,4235,15220
131,906534,252,18637,55640
225,921130,149,13340,12601
110,939346,134,16079,21956
127,961092,128,14712,9583
203,1008502,126,8339,57701
81,1022976,135,15497,86443
314,1044283,148,11559,35806
403,1349036,126,16583,4024
1218,75234,133,3448,97368
649,96225,135,16912,48901
900,172111,126,6210,88537
1126,238406,134,9132,27777
1286,290652,125,13485,62988
856,310597,127,18887,83365
682,335000,140,17893,72878
1088,433198,127,14481,2854
1135,507548,132,5639,73840
580,532556,140,527,84865
1222,563239,127,17218,16807
1045,621530,127,5696,6460
1141,643193,127,15837,38535
1090,699365,132,9795,82007
1047,778465,140,11841,67796
621,850745,159,14546,9478
1610,1569536,125,5162,55545
1629,1720592,124,19280,34762
1466,1928773,125,13338,95132
1078,1955655,150,11012,47155
1637,2051892,124,12410,63973
1461,2083975,127,4122,38716
1644,2115330,116,5606,16710
1610,3353173,125,19757,67229
1101,49595,132,11389,96325
918,340244,134,5594,20877
904,726679,132,12278,3813
904,801889,135,2691,20699
594,55743,127,13691,81045
1254,964360,125,4556,95567
1168,1225405,126,198,27433
786,1281928,132,10043,52486
1164,1331522,127,18594,89570
493,185462,116,3584,29348
800,534079,124,14069,99534
1285,572004,118,17853,62010
434,1171441,151,4401,33081
420,1312217,150,15075,26027
713,1446073,119,11398,1487
256,1593597,148,13646,9384
205,1775815,149,10134,1914
1051,2506159,124,12404,55648
1092,2685564,124,4860,68234
1088,2750765,116,15025,83755
1085,2783352,124,10348,88098
1090,2993405,116,8684,65636
1083,3029632,126,13644,4482
1195,3120291,126,1488,28064
1234,3134249,132,6909,65736
1084,3160080,124,14296,896
1088,3203555,124,2145,46311
1080,3232534,111,10509,19740
1083,3257901,116,5942,42837
1085,3326756,124,5908,78877
1084,3373874,125,5568,81142
1080,3402864,108,6032,87124
1082,3420988,111,11139,58891
1084,3522508,117,4228,98050
1322,3632989,125,12684,99071
342,3744552,133,2852,61510
1080,3787204,124,2463,86419
1103,3814076,132,12159,93218
1078,3967197,135,3304,95061
1059,3981677,132,7623,88280
1098,3996170,132,11361,66603
1061,4019368,118,13894,6328
1056,4348516,134,163,53276
1077,4364076,116,11359,21505
1151,4387862,134,11696,77589
1076,4399296,133,6056,97773
1114,4413282,134,15838,68280
263,4458905,135,13936,31444
1122,4474920,134,2293,5342
1103,4532948,133,11953,13477
686,4194684,135,10644,12549
992,467902,132,10193,99776
1145,2530797,126,5549,1326
567,4625136,126,8040,76784
785,4758179,127,10746,34323
655,5303295,127,3376,60644
1098,5464649,134,17144,87193
1145,5798213,134,11608,75623
588,5916489,126,2873,11775
1167,6571375,127,16268,14919
621,6791907,127,18918,46686
717,7156460,132,15733,41317
360,7203481,127,17634,12064
666,11150470,127,434,89684
921,12438491,132,11292,68420
1124,12806520,127,5585,93822
15,966930,141,7458,93225
24,1346954,151,10141,55803
1134,313360,111,14689,6044
1332,1554761,108,18897,15095
1170,2520772,124,5675,82074
614,3674130,124,2430,66530
166,3755492,111,6684,64450
149,3778041,124,14593,58427
60,3824807,110,14626,21431
80,3859266,126,12881,13721
242,3948253,124,14430,66835
1121,4032320,127,15865,65091
1006,4085344,132,14121,64776
418,4116868,141,16438,11218
646,4441811,125,11029,98840
1120,2497138,133,8883,17849
342,764213,127,9920,32288
1296,374925,143,3484,38553
1144,401951,148,14828,99138
1316,600841,125,10765,47794
1264,1229628,125,3489,3450
1064,1314195,134,11942,72517
322,166856,135,4028,75812
208,2410860,125,18838,88547
212,2609580,124,13112,69106
1619,1671963,93,14348,99640
1625,1725163,84,18936,2077
1622,1752560,94,14460,47624
1613,1995586,94,2121,53119
1587,2063558,94,3926,94380
670,266316,125,15111,61883
564,1146672,126,16909,73506
1064,701451,141,1389,73900
558,1155025,133,18686,57709
783,1370812,134,17914,32707
116,1002587,134,9202,94964
111,1012905,140,14135,62096
13,159085,151,19718,99571
18,117551,151,14341,3532
11,130780,116,15741,33773
18,143544,141,7437,74079
24,149070,140,18381,47534
17,363718,125,14579,60318
19,375611,127,18747,6880
18,379759,133,557,44599
14,393488,134,12996,40603
17,402418,135,16173,99765
13,410023,134,19108,57844
10,421233,133,8707,34756
12,430980,133,13522,99444
11,444169,133,14174,29514
8,448720,143,1058,41172
12,455253,126,17436,43638
8,464538,127,13553,21187
36,3213815,141,6633,32829
33,3277821,141,14766,2551
1351,46725,117,5127,4298
4,224035,108,19610,92874
10,1798895,117,11732,15730
1283,167335,103,2668,79113
34,281513,103,8349,81020
1214,308956,119,4211,72023
79,472005,118,12403,44295
1158,113277,140,16798,80652
817,151265,134,4798,79169
857,189695,142,3372,9116
808,225742,141,16187,4150
1103,255186,143,9355,44779
828,300316,140,7049,61360
974,657502,141,12888,59149
396,696006,118,11695,22208
989,707600,141,6693,59027
1034,720720,142,4801,75122
335,732327,133,7126,46402
1036,754492,157,8544,7576
415,762937,134,16439,32785
1095,825519,140,10818,46100
1071,856784,135,15549,98689
989,891079,132,11802,98747
357,900098,133,7248,56350
1009,920619,132,3775,15854
373,929513,118,2766,81451
386,1058279,132,3416,63060
374,1084238,119,11477,9960
378,1091013,134,7195,87327
362,1115654,126,13083,27081
364,1125024,127,11185,74241
292,1151838,126,8005,66541
834,1930720,132,10833,46723
1069,114444,140,11794,97025
1191,210843,140,3203,21971
1314,165281,124,10962,87746
1289,212803,117,18391,74182
280,1230988,133,19297,45147
151,1294539,124,11237,97103
241,1384772,126,9240,69981
284,226495,101,2062,23845
398,739080,119,17894,30481
563,1054610,134,2108,77468
1142,810291,135,16069,3547
1072,1915220,141,4988,48241
114,1259470,111,5106,57633
583,425936,126,16422,55605
588,1019497,126,18887,58658
801,1045960,135,14472,3054
116,548050,190,11126,62165
918,370955,156,11717,45429
522,1998064,126,8928,79873
340,903521,126,11192,66380
744,942532,127,19979,98322
1104,949669,132,7692,40326
626,982049,119,14015,52900
1050,181441,149,16142,52660
667,2162594,109,16907,97637
822,2182564,101,8215,22161
1055,2195707,135,858,63952
1035,2224820,140,3707,30380
1130,2240690,117,2467,1651
941,2253265,110,4671,72004
1154,2265692,119,12264,20713
353,2278020,127,6251,64615
1115,2293208,118,12073,62491
790,4569177,118,12949,64990
998,4601217,252,4280,16958
966,4615208,141,17089,23307
1205,4639402,158,11139,61888
922,4652894,134,12910,22667
923,4662964,134,9063,94741
927,4689414,132,1882,22174
1245,4712115,135,1550,89097
729,4737394,132,11099,74047
555,2161408,127,17379,49694
363,2184752,134,5066,39877
461,2203335,134,11614,23387
549,2212608,133,7342,9449
565,2235743,127,5040,14087
443,2258779,126,11534,96515
615,2277134,127,226,48462
357,2286298,134,11604,3504
339,2295433,134,11306,84614
977,2304550,127,12645,5253
1129,2312039,126,18748,49889
802,96620,220,3358,74003
936,31567,108,16232,97906
1058,68092,116,13863,47501
1094,96658,141,5819,100756
820,141297,142,19451,8968
825,107508,109,4641,46238
1139,2650795,116,9938,43744
1182,61074,127,17570,78710
1108,75139,132,19270,69099
625,529057,127,3028,94673
670,781444,123,7890,27704
1561,838663,103,10528,1380
1053,1082248,132,638,13937
1077,188826,127,6182,33580
1088,2136983,132,10187,52415
801,2533151,121,8561,78735
1036,2835797,127,4128,10045
1140,335188,127,1183,34280
1059,764092,125,7925,6020
307,853638,140,7677,52325
168,953896,143,1441,78364
916,1046624,117,8511,6269
1616,1116232,108,3993,30231
356,822313,127,2159,29963
1188,1072413,122,19970,83677
796,1198188,118,19169,54197
1042,639376,150,19512,22680
1000,800972,125,14243,26720
1184,1038891,142,19419,74501
770,1066722,118,18356,44667
465,1087506,134,13715,75697
772,1147880,119,3456,62888
524,1261088,132,6314,30777
1083,1539097,149,15849,40062
689,1974206,119,1817,16147
348,2032067,127,12442,47563
823,3096632,124,13985,3936
672,4212863,126,5794,54628
1163,6042292,133,10928,67735
1169,301420,135,4401,11099
335,322292,134,553,87789
355,348568,132,3889,86673
1046,404774,143,15084,30108
1130,817090,135,1480,72990
1079,863529,132,14911,34575
526,1986247,141,10698,89189
1134,2636459,135,6774,96980
312,2665742,125,232,64445
446,2688969,132,8245,3105
818,447992,116,13095,32936
650,629613,134,19826,43664
1549,789352,110,12110,13819
1522,880535,114,5787,83605
1565,5331309,117,17117,4893
1166,476887,133,19341,16246
182,1804048,143,18383,82888
152,127903,142,18193,89845
1150,4082910,135,6288,49372
1525,4373312,124,652,85172
1372,4443777,124,19305,11497
797,54905,132,8921,45969
1162,866302,134,1142,10042
608,2382651,126,13823,54777
1130,2673616,253,1010,69471
229,3094424,124,19540,69167
852,6724,102,10292,4160
1231,701126,126,6621,83830
804,798912,133,9269,93202
1192,294091,132,6878,13722
658,96269,134,4861,6281
1133,94672,109,15643,63276
290,119036,109,9008,61446
1216,289543,134,5099,64213
758,949144,126,19821,94881
806,1029596,126,3616,80872
493,1105768,125,14955,57609
628,1126680,127,10248,56845
396,3866570,126,1552,57576
1116,2371598,125,5848,20725
1137,11066424,127,16600,59962
1142,11499957,132,12110,19177
824,11569844,132,16842,30016
1162,12416473,127,15421,17422
399,4138019,141,15958,47218
1561,48463,102,10729,11662
299,65100,108,17211,86998
1580,72355,109,463,84141
270,88613,93,9212,62750
262,95180,103,17353,10054
251,103932,108,3910,72777
252,109903,103,1957,38108
1585,116204,124,13497,98621
272,165553,111,8788,58710
1579,173219,127,6973,96488
1592,178484,124,14686,63379
268,182154,111,3278,98170
261,184498,111,13633,68447
1600,188125,124,6659,2340
1584,195188,140,4869,29496
254,205730,86,14989,83458
1602,211458,119,1640,17549
1598,214550,103,18799,59965
265,220253,108,9166,65138
280,225253,117,17800,93296
271,232440,110,16369,68530
275,256329,127,900,63851
262,267297,124,14489,50273
1610,337645,111,18136,97378
297,492654,116,6223,37591
340,497529,133,14929,57499
385,508656,133,16293,46399
1210,61826,127,3530,81400
1244,86815,141,7998,55394
1248,133321,132,12170,36387
1601,3051391,127,17777,63282
1591,3116226,116,5527,5765
1622,3127611,127,7627,22091
1590,3160387,124,8608,22662
1627,3225496,126,14648,57438
1246,9737771,117,7009,68591
1340,9767962,127,10385,58958
1301,9831856,127,10714,10117
8,111213,99,16044,24778
1378,3990730,108,13440,31482
1374,4174926,109,8761,19792
1378,4309470,95,19822,44374
13,235999,127,7774,7330
5,287014,121,3984,3596
13,438919,127,8516,10560
33,570254,134,1270,57431
12,645992,117,15707,76406
17,889721,141,8638,94400
1713,389978,95,18444,84414
64,661284,127,16761,95062
1712,116370,120,1335,31701
46,1135377,126,3091,72209
15,2629668,110,16987,99892
1661,1554760,101,12556,67595
1666,1606671,108,2618,6283
1686,1846251,84,5872,53759
1447,3516104,124,4729,44740
218,1283536,140,8284,1347
1562,1312948,127,14694,68178
856,276554,143,5133,9540
521,835993,141,17678,70977
804,3746649,143,10393,20967
52,3780044,127,14147,57207
1034,3982278,143,7677,76489
1223,3998180,143,8114,58977
1267,4015618,134,3171,10576
417,4025564,143,2673,33353
1305,4046520,118,12541,76027
1308,4062020,79,16305,21490
136,503796,134,11107,32230
1207,585950,141,10134,86797
245,638600,140,16824,86090
1258,660060,140,8793,43582
32,893649,140,17580,26314
1332,1432144,135,13665,95027
1328,1484326,126,12534,6820
1332,1508724,132,11805,89578
425,2601606,188,6879,57552
129,2634039,149,17467,35631
1415,1215749,141,18328,47585
1350,1313714,143,18626,91881
611,210509,124,15114,22833
75,424662,143,40,65185
187,673281,141,9115,14038
772,739349,111,15531,64823
597,1211367,134,14807,32151
676,1471038,247,15705,50626
756,614919,127,2302,47344
148,682128,129,2391,98886
1302,1388398,128,1423,84859
226,238020,115,5140,32395
666,336152,122,14864,76539
517,399363,123,5739,3884
538,508224,127,7520,52501
1133,808480,122,4858,88986
20,843472,104,14894,17604
12,865043,94,1710,99928
21,881856,99,18245,83797
661,911833,132,12505,75714
9,950188,110,11882,6949
14,971813,106,15015,98041
14,990193,101,1201,61028
14,1007319,106,19262,32800
14,1030463,106,243,25869
14,1042036,101,7056,48006
1301,1132492,127,5826,76432
1607,2932064,120,16865,67964
209,652766,129,16502,37144
725,1715848,123,5011,44243
453,1120571,148,16666,68312
868,71798,141,10715,47834
427,261064,124,16355,42699
732,5169335,133,6019,51602
149,2278909,134,16021,66220
1290,340499,101,3400,52344
1208,360936,124,945,82568
1178,371575,136,3508,48705
1305,385557,111,15154,6794
1344,398111,96,2620,8033
1079,406673,119,7482,57993
1270,422886,103,19053,19284
1172,430674,119,8003,58182
1130,2527390,127,15913,7649
1560,123815,116,5519,51949
1450,220146,133,10604,95285
1302,3204845,133,10028,82491
1154,1194414,125,14429,32264
1384,3467567,116,14648,99753
106,327262,119,6518,25114
853,407124,114,1206,34112
1343,1638668,127,2753,83545
1118,2817695,125,3052,79305
798,2887307,131,10601,21886
985,3149629,133,5484,91064
1595,23316,159,10898,69218
480,683341,151,1903,42287
545,756929,148,830,43688
537,833995,151,3207,93334
467,903631,125,14760,16069
55,1230589,127,750,95388
888,1252357,133,13719,32021
486,1352060,118,6773,63049
1116,1378057,103,3366,62832
1587,1398603,117,18047,10109
312,1430075,134,17654,77307
119,1446835,132,10155,74648
151,1733471,118,6486,25983
596,1751967,127,12158,87502
492,3881300,129,19175,20698
1308,3976080,126,15772,72723
830,176567,102,6841,77488
1327,222032,118,19860,20078
1077,450688,116,17392,50566
1401,1299257,141,19885,91745
1174,1895167,151,16641,9396
980,659488,129,4768,32808
1578,698420,103,13699,31407
774,1519344,125,1611,94836
74,5367377,133,11669,70658
1171,2016200,142,16221,16178
347,2077074,132,16668,26050
472,10369620,132,18760,44574
800,10409388,124,7639,23798
478,10440367,125,8780,36973
861,10555515,134,3442,24084
866,10624934,132,3983,86349
739,587452,124,19228,22483
534,620684,132,8140,52804
1002,66328,118,12643,68498
424,91046,110,17002,9949
416,945807,125,10598,97321
336,1319076,124,19744,12715
471,1395753,132,11944,67295
1235,456249,125,7051,9942
455,627803,127,7178,27497
1084,385922,133,18582,64745
1078,372744,134,19992,62005
310,1731347,127,19341,67957
944,2008620,143,10533,39975
907,3264786,126,13456,34040
907,3283163,127,13028,45901
1347,1436820,125,16514,79225
352,573792,133,7619,97698
906,844932,133,13223,69989
641,341158,94,5834,33305
1290,396420,95,2072,57026
1032,3552733,124,4758,70141
1106,4163699,133,5224,93701
601,4201948,126,9354,51421
1006,4314267,135,5460,52625
649,5015357,87,11408,48380
512,5060316,143,17152,8178
727,5071831,126,14025,15841
337,5082524,127,8145,14796
852,1689336,125,8299,63478
32,1748249,109,12590,1657
426,2727684,118,16569,84967
555,1466141,37,14954,20323
259,1482753,127,16995,25205
110,1552126,124,10081,80749
578,149552,134,2201,88341
99,4757628,39,10788,94757
1081,9670878,127,5722,56718
163,28542,118,6583,80129
96,60340,103,6158,15553
90,173236,124,12153,48738
76,186088,119,9014,55645
61,259248,134,7619,22182
87,272168,141,19814,5984
82,313218,124,17650,63875
62,323852,134,7572,66699
168,395722,134,7000,68054
106,463001,119,12621,68899
64,507152,124,14876,16851
28,39849,93,17939,82792
145,98192,109,9587,3245
220,138184,125,1119,15192
1063,168485,101,1178,83416
528,14551,86,10186,16050
307,36167,95,14034,42046
883,81706,108,6554,85748
559,86886,110,15373,60546
220,105408,101,7546,83971
134,115418,111,5983,33033
228,134190,103,4513,96785
147,152274,119,14375,74154
546,186914,127,127,72930
462,214812,117,13928,6538
171,233671,135,11682,88175
155,264160,143,18913,84427
153,310797,143,10615,22027
856,937842,143,8777,88583
1380,183734,111,3960,39966
1303,214075,140,18313,76626
784,45288,93,9637,31361
1315,9708157,127,3258,70339
506,169617,197,3988,67851
561,247463,143,4603,82470
177,587795,140,13364,9387
1378,821450,126,19723,14810
1378,929600,119,16718,19165
1378,956991,119,13996,77578
1379,980617,116,747,55076
31,991569,119,10510,98816
32,1003594,124,14121,48311
28,1024437,127,1062,86080
1382,1036598,118,4222,40328
31,1048986,125,870,1684
29,1059929,119,14600,20756
1382,1074485,119,18150,23504
29,1084680,119,10756,99595
21,1108641,125,11936,99235
25,1122712,127,9123,45839
19,1132795,124,19615,89209
33,1143429,125,18645,75764
20,1214748,124,17117,62880
22,1269438,124,1351,97655
17,1302067,119,5952,55565
14,1672222,118,13062,40195
825,1519634,143,8097,52834
1577,2613138,95,11451,56316
503,1342971,126,10778,3279
1229,1438802,128,7801,94620
563,1469884,127,10593,6189
1276,2371646,141,1197,48417
1258,2401760,140,15247,74064
884,283128,116,1270,14554
920,344829,102,79,75942
1187,2574980,127,3396,95028
361,58747,199,367,14286
736,2066684,127,6418,58536
116,2312026,127,17615,12662
75,2344153,119,14520,47533
161,2368345,103,12546,29457
95,2394907,118,7701,9494
135,2473233,140,2083,35014
92,2519955,135,17392,83004
80,2615309,126,766,34638
107,2770177,127,16811,26807
115,2797525,101,18072,30354
519,2871852,119,3279,67610
86,2887114,123,463,92404
573,2978933,133,14249,31378
94,1523431,141,707,16325
169,338716,135,7299,79761
162,419405,133,1786,87533
173,439763,134,14056,87820
166,518483,127,18695,45361
934,665079,127,6794,6380
887,681396,133,17386,91416
893,707137,140,18101,43367
882,728372,140,5218,50363
831,735528,143,16136,17872
917,745614,135,16439,37406
868,753089,142,19195,29209
925,1410896,143,7120,4351
1021,28984,116,11829,60557
1015,28984,116,6624,16813
1281,57763,117,11837,79666
1208,70478,127,13682,63753
1197,79387,127,17323,8083
1214,88808,140,6671,5402
1203,96831,118,5521,75281
1274,114762,127,6182,38981
1261,161069,133,742,91198
1219,172592,141,19874,79226
1275,180939,135,17374,43563
1157,240480,127,12580,99671
1267,260425,119,19684,11605
228,2150452,124,1437,17161
1306,336982,127,8867,30420
227,9496258,140,1509,52491
259,9649771,127,1773,80494
1048,1338453,130,10310,43930
803,1689652,143,8552,7770
1254,1779024,130,3865,4000
1216,1802460,124,16463,52992
936,1971784,127,16752,81584
1033,403767,116,6183,21785
388,428235,126,15355,61039
992,508253,116,2602,96635
1162,581546,103,18694,4485
1133,828914,101,3008,29405
1098,902203,124,16672,81720
1045,938574,111,14590,1833
1066,945557,126,8429,6545
1054,960202,124,17038,50256
1103,975076,126,12131,19016
322,1314902,123,6223,47695
44,1953891,140,2979,56265
1544,1191659,125,15130,22975
1202,142260,143,12545,51793
980,74519,133,8575,100118
650,2017438,141,5429,19173
661,1465433,126,9360,44631
643,1969068,126,14487,10898
558,2426519,135,8366,52103
64,766976,93,18151,75799
1176,745380,127,19494,44599
620,9246,124,960,98770
834,640724,132,18417,60514
1137,1207406,133,11641,9306
62,3971359,126,15851,70450
355,113766,71,14440,49622
312,128184,78,4686,66978
53,141311,71,9746,58104
1012,53593,181,14100,8491
1340,12804,134,9099,18203
1173,18328,207,12862,70258
1165,23019,207,2026,35828
137,31164,197,17646,76075
163,48244,189,8587,27746
31,55688,166,13298,20824
1251,81232,190,5560,79262
708,86296,197,876,65010
138,106180,182,6244,62385
107,108604,189,646,25229
1273,120110,182,14430,82387
117,80500,172,15923,21565
172,7020,196,13337,20938
56,15765,189,5453,95583
32,21135,165,5850,89302
1010,33425,212,8294,32957
120,68288,175,3164,73279
117,90937,181,6306,47799
121,104353,175,4925,24081
1252,127368,167,19018,43427
392,172798,175,6320,24014
276,183331,158,11762,5159
132,189141,151,16068,27272
415,195029,158,11286,46057
225,200008,156,17141,7106
112,208112,159,10258,65469
1134,219230,172,6715,48714
1688,1248109,86,15014,30894
659,1292100,164,18190,52123
1690,1318378,84,11041,91223
27,1359867,156,9105,93890
21,1399304,151,17631,88596
1550,1791803,198,7593,99141
1687,1891638,101,10005,77373
1688,2058272,93,15446,84836
1688,2086470,87,13266,45333
40,2133915,158,18043,14200
1668,2191539,167,4817,27470
975,2262963,159,2045,97493
93,2310855,166,399,10865
72,2339663,148,7973,88256
75,2412966,165,6507,13982
297,2555028,191,17088,94138
1670,2729972,93,5588,21956
1409,2794143,174,804,91939
1263,2860168,125,1639,16619
1371,3041025,127,13267,59575
92,3212695,165,1739,44421
141,4025624,159,18445,58021
833,4104163,150,5632,16535
1119,80996,190,19386,25807
57,103916,180,10337,95210
1050,949874,151,9573,62809
970,1037462,127,9564,67658
225,1067027,150,14717,12254
228,1094348,141,14130,4245
93,1146879,143,4959,98327
1608,4345283,134,2746,51647
1468,5281668,143,11400,8940
1679,456548,102,14839,8149
1682,570244,87,19299,15016
1684,663171,84,12081,68028
1684,702267,86,1176,62614
753,311420,140,2192,512
1080,751911,142,17912,23957
1372,1506552,140,986,97064
140,1477986,142,16783,27724
1576,2071746,135,10174,17164
1396,2128956,148,19656,92044
801,2240422,143,371,20321
588,2084619,132,7522,99935
1584,2375805,132,3533,67389
710,664883,150,4737,265
1445,684315,143,18985,24459
916,693638,143,4705,27580
848,712446,141,19980,64575
1048,787022,148,14472,8851
1300,883640,143,6796,87731
1005,895642,141,7136,94780
382,303209,140,10397,38766
209,157044,135,5992,31469
146,203261,143,8422,37255
203,238766,141,14838,61189
229,260110,140,2670,98921
362,283428,143,8546,70996
148,373861,143,19880,48513
211,402266,143,2708,10431
298,473272,143,6475,65341
406,516436,143,14740,28268
871,531693,143,15859,60644
788,566850,141,14946,31758
169,260136,143,14155,77691
299,1133734,140,4326,89248
291,1488885,126,17298,65915
247,1538509,143,7767,25330
301,1563499,140,16615,38179
47,2867513,126,19455,37342
43,2985026,125,9942,92970
45,3063768,128,12027,47816
39,3411438,126,4725,64631
1063,173226,141,2680,12788
170,252958,142,10050,49712
1344,33323,117,5033,43114
153,197718,140,3959,67275
272,244067,142,6759,59221
567,266337,141,10107,55178
269,276047,140,11545,55821
422,289665,143,19538,21495
170,301511,126,16076,28259
287,315142,143,14862,82370
277,325796,141,729,42015
175,340598,133,6320,8447
174,386794,140,6945,2549
170,422528,140,775,20125
1281,87967,133,5947,22626
