index,V28,V29,V30,V31,V32,V33,spf_id
1053,1,0,0,0,0,0,629535
7880,1,0,0,0,0,0,114895
12765,1,0,0,0,0,0,53197
12226,1,0,0,0,0,0,764094
12838,1,0,0,0,0,0,575797
8644,1,0,0,0,0,0,966188
5316,1,0,0,0,0,0,266314
3679,1,0,0,0,0,0,785504
9560,1,0,0,0,0,0,714926
7850,1,0,0,0,0,0,209468
9412,1,0,0,0,0,0,504707
12452,1,0,0,0,0,0,364738
7867,1,0,0,0,0,0,188443
10557,1,0,0,0,0,0,409616
15612,1,0,0,0,0,0,993161
1191,1,0,0,0,0,0,490669
1163,1,0,0,0,0,0,863648
13361,1,0,0,0,0,0,239588
1697,1,0,0,0,0,0,500286
770,1,0,0,0,0,0,94883
5607,1,0,0,0,0,0,671972
7038,1,0,0,0,0,0,318288
10602,1,0,0,0,0,0,476998
6643,1,0,0,0,0,0,483912
195,1,0,0,0,0,0,78626
3508,1,0,0,0,0,0,905490
1644,1,0,0,0,0,0,948976
15274,1,0,0,0,0,0,907673
14817,1,0,0,0,0,0,700841
10533,1,0,0,0,0,0,181598
12644,1,0,0,0,0,0,677129
3192,1,0,0,0,0,0,731680
7910,1,0,0,0,0,0,822970
11173,1,0,0,0,0,0,723999
6973,1,0,0,0,0,0,821993
267,1,0,0,0,0,0,733268
7838,1,0,0,0,0,0,310218
14073,1,0,0,0,0,0,839783
7286,1,0,0,0,0,0,411012
5713,1,0,0,0,0,0,49443
14064,1,0,0,0,0,0,206872
14890,1,0,0,0,0,0,351509
7386,1,0,0,0,0,0,120754
12862,1,0,0,0,0,0,805847
4137,1,0,0,0,0,0,306731
13480,1,0,0,0,0,0,809360
6117,1,0,0,0,0,0,863293
14982,1,0,0,0,0,0,878823
2853,1,0,0,0,0,0,495915
6268,1,0,0,0,0,0,826755
10928,1,0,0,0,0,0,650057
4413,1,0,0,0,0,0,189156
4080,1,0,0,0,0,0,970680
14572,1,0,0,0,0,0,339433
13818,1,0,0,0,0,0,272733
15453,1,0,0,0,0,0,892959
14798,1,0,0,0,0,0,615206
3088,1,0,0,0,0,0,826190
13510,1,0,0,0,0,0,455270
9602,1,0,0,0,0,0,693003
14105,1,0,0,0,0,0,805165
15450,1,0,0,0,0,0,446970
13801,1,0,0,0,0,0,348995
13369,1,0,0,0,0,0,777025
843,1,0,0,0,0,0,322452
14493,1,0,0,0,0,0,759433
14775,1,0,0,0,0,0,856183
12479,1,0,0,0,0,0,297347
12452,1,0,0,0,0,0,673382
2311,1,0,0,0,0,0,142963
12878,1,0,0,0,0,0,181180
5948,1,0,0,0,0,0,918055
3723,1,0,0,0,0,0,832491
6611,1,0,0,0,0,0,235171
7719,1,0,0,0,0,0,905910
13397,1,0,0,0,0,0,625540
5796,1,0,0,0,0,0,698847
10455,1,0,0,0,0,0,739308
6534,1,0,0,0,0,0,471631
7072,1,0,0,0,0,0,524717
3331,1,0,0,0,0,0,619409
4988,1,0,0,0,0,0,322375
10906,1,0,0,0,0,0,351181
9501,1,0,0,0,0,0,215978
6351,1,0,0,0,0,0,579957
10719,1,0,0,0,0,0,965623
11665,1,0,0,0,0,0,765854
9765,1,0,0,0,0,0,305764
7557,1,0,0,0,0,0,546679
3014,1,0,0,0,0,0,80701
4790,1,0,0,0,0,0,112184
6408,1,0,0,0,0,0,231789
7798,1,0,0,0,0,0,90704
3349,1,0,0,0,0,0,453205
1447,1,0,0,0,0,0,443808
11963,1,0,0,0,0,0,321168
4646,1,0,0,0,0,0,869217
2083,1,0,0,0,0,0,167012
11157,1,0,0,0,0,0,205825
15021,1,0,0,0,0,0,480917
2978,1,0,0,0,0,0,489570
15300,1,0,0,0,0,0,860770
13671,1,0,0,0,0,0,107668
14527,1,0,0,0,0,0,377661
13334,1,0,0,0,0,0,340383
1442,1,0,0,0,0,0,502877
10925,1,0,0,0,0,0,227501
8206,1,0,0,0,0,0,540112
11757,1,0,0,0,0,0,737115
438,1,0,0,0,0,0,820108
5281,1,0,0,0,0,0,280892
5610,1,0,0,0,0,0,215036
7097,1,0,0,0,0,0,740052
5148,1,0,0,0,0,0,425972
9259,1,0,0,0,0,0,256042
4100,1,0,0,0,0,0,492855
15347,1,0,0,0,0,0,363323
26,1,0,0,0,0,0,867320
9713,1,0,0,0,0,0,143058
3515,1,0,0,0,0,0,129411
281,1,0,0,0,0,0,563626
7845,1,0,0,0,0,0,153454
11355,1,0,0,0,0,0,563533
5744,1,0,0,0,0,0,871429
14011,1,0,0,0,0,0,478583
3049,1,0,0,0,0,0,636449
2229,1,0,0,0,0,0,591299
4979,1,0,0,0,0,0,384828
703,1,0,0,0,0,0,965286
1880,1,0,0,0,0,0,464838
14814,1,0,0,0,0,0,929102
2937,1,0,0,0,0,0,825615
13122,1,0,0,0,0,0,595397
6689,1,0,0,0,0,0,253066
12246,1,0,0,0,0,0,72841
11126,1,0,0,0,0,0,86152
10964,1,0,0,0,0,0,966485
12911,1,0,0,0,0,0,147761
7739,1,0,0,0,0,0,966946
6093,1,0,0,0,0,0,387907
2697,1,0,0,0,0,0,19199
14780,1,0,0,0,0,0,932020
15223,1,0,0,0,0,0,127771
6579,1,0,0,0,0,0,739171
2893,1,0,0,0,0,0,10422
10867,1,0,0,0,0,0,670235
9119,1,0,0,0,0,0,622239
1554,1,0,0,0,0,0,7214
8677,1,0,0,0,0,0,277831
8701,1,0,0,0,0,0,446106
11565,1,0,0,0,0,0,295926
7404,1,0,0,0,0,0,996815
10719,1,0,0,0,0,0,152950
13125,1,0,0,0,0,0,152459
8043,1,0,0,0,0,0,405286
1699,1,0,0,0,0,0,756005
10387,1,0,0,0,0,0,807793
2545,1,0,0,0,0,0,245709
789,0,1,0,0,0,0,54937
5857,0,1,0,0,0,0,386718
7456,0,1,0,0,0,0,52228
10574,0,1,0,0,0,0,336738
4078,0,1,0,0,0,0,358337
6849,0,1,0,0,0,0,542686
10679,0,1,0,0,0,0,246414
11746,0,1,0,0,0,0,633768
11950,0,1,0,0,0,0,53435
12478,0,1,0,0,0,0,75199
5475,0,1,0,0,0,0,327274
8276,0,1,0,0,0,0,581686
1852,0,1,0,0,0,0,934372
15211,0,1,0,0,0,0,363551
7055,0,1,0,0,0,0,707779
60,0,1,0,0,0,0,277956
6658,0,1,0,0,0,0,405658
8588,0,1,0,0,0,0,110714
7397,0,1,0,0,0,0,302166
6801,0,1,0,0,0,0,316863
6584,0,1,0,0,0,0,973512
15207,0,1,0,0,0,0,33451
21,0,1,0,0,0,0,973164
4093,0,1,0,0,0,0,611137
8849,0,1,0,0,0,0,254135
5568,0,1,0,0,0,0,339386
325,0,1,0,0,0,0,67738
948,0,1,0,0,0,0,294018
2143,0,1,0,0,0,0,42759
10965,0,1,0,0,0,0,527450
1918,0,1,0,0,0,0,869804
3120,0,1,0,0,0,0,587569
4147,0,1,0,0,0,0,880225
13578,0,1,0,0,0,0,980646
14549,0,1,0,0,0,0,749354
3809,0,1,0,0,0,0,173214
14571,0,1,0,0,0,0,212396
11684,0,1,0,0,0,0,554160
4562,0,1,0,0,0,0,960302
13342,0,1,0,0,0,0,195078
14364,0,1,0,0,0,0,210843
4821,0,1,0,0,0,0,786321
8056,0,1,0,0,0,0,188359
15208,0,1,0,0,0,0,834785
7322,0,1,0,0,0,0,41184
7855,0,1,0,0,0,0,393839
5750,0,1,0,0,0,0,414511
13998,0,1,0,0,0,0,149871
10705,0,1,0,0,0,0,530198
2448,0,1,0,0,0,0,455257
8188,0,1,0,0,0,0,706736
14711,0,1,0,0,0,0,368796
6807,0,1,0,0,0,0,418665
13267,0,1,0,0,0,0,771658
13982,0,1,0,0,0,0,430530
13899,0,1,0,0,0,0,456516
12831,0,1,0,0,0,0,706583
4209,0,1,0,0,0,0,798077
4480,0,1,0,0,0,0,408871
12796,0,1,0,0,0,0,522997
2958,0,1,0,0,0,0,14414
12962,0,1,0,0,0,0,900580
14156,0,1,0,0,0,0,232453
13731,0,1,0,0,0,0,154894
2967,0,1,0,0,0,0,599866
5344,0,1,0,0,0,0,603619
13914,0,1,0,0,0,0,761483
9320,0,1,0,0,0,0,827048
1171,0,1,0,0,0,0,971080
4899,0,1,0,0,0,0,893406
13048,0,1,0,0,0,0,777501
3459,0,1,0,0,0,0,837137
11807,0,1,0,0,0,0,445718
3832,0,1,0,0,0,0,512694
1675,0,1,0,0,0,0,700362
12391,0,1,0,0,0,0,151324
8605,0,1,0,0,0,0,386292
5281,0,1,0,0,0,0,779326
2384,0,1,0,0,0,0,418695
14038,0,1,0,0,0,0,598720
975,0,1,0,0,0,0,499467
4155,0,1,0,0,0,0,635015
10902,0,1,0,0,0,0,934797
5311,0,1,0,0,0,0,569543
2732,0,1,0,0,0,0,52558
15292,0,1,0,0,0,0,841373
15044,0,1,0,0,0,0,898982
8458,0,1,0,0,0,0,823174
10458,0,1,0,0,0,0,212963
14042,0,1,0,0,0,0,528211
10379,0,1,0,0,0,0,367302
13705,0,1,0,0,0,0,924471
2869,0,1,0,0,0,0,708975
10909,0,1,0,0,0,0,470351
581,0,1,0,0,0,0,595232
3888,0,1,0,0,0,0,365208
15400,0,1,0,0,0,0,449635
12966,0,1,0,0,0,0,465063
2600,0,1,0,0,0,0,87423
8610,0,1,0,0,0,0,562618
7236,0,1,0,0,0,0,404758
11453,0,1,0,0,0,0,986464
5393,0,1,0,0,0,0,346877
13752,0,1,0,0,0,0,280914
9154,0,1,0,0,0,0,656215
9253,0,1,0,0,0,0,657775
15290,0,1,0,0,0,0,512472
14894,0,1,0,0,0,0,277942
8381,0,1,0,0,0,0,263282
14677,0,1,0,0,0,0,70219
11653,0,1,0,0,0,0,988813
9806,0,1,0,0,0,0,327185
8296,0,1,0,0,0,0,755845
12813,0,1,0,0,0,0,227624
8055,0,1,0,0,0,0,357068
1531,0,1,0,0,0,0,224360
9305,0,1,0,0,0,0,551943
1740,0,1,0,0,0,0,856410
3610,0,1,0,0,0,0,838199
13918,0,1,0,0,0,0,541211
12087,0,1,0,0,0,0,296336
14010,0,1,0,0,0,0,319875
3749,0,1,0,0,0,0,349924
5809,0,1,0,0,0,0,572224
7049,0,1,0,0,0,0,89247
120,0,1,0,0,0,0,35887
8822,0,1,0,0,0,0,869215
2892,0,1,0,0,0,0,146561
2091,0,1,0,0,0,0,172335
4295,0,1,0,0,0,0,74106
12646,0,1,0,0,0,0,335630
3282,0,1,0,0,0,0,784857
7573,0,1,0,0,0,0,441201
8830,0,1,0,0,0,0,857491
7740,0,1,0,0,0,0,88102
13066,0,1,0,0,0,0,99706
8981,0,1,0,0,0,0,651879
8208,0,1,0,0,0,0,860264
9033,0,1,0,0,0,0,895968
3389,0,1,0,0,0,0,336069
9758,0,1,0,0,0,0,297421
1465,0,1,0,0,0,0,648818
4727,0,1,0,0,0,0,842577
8100,0,1,0,0,0,0,245105
10954,0,1,0,0,0,0,692946
12840,0,1,0,0,0,0,591119
5107,0,1,0,0,0,0,569685
11709,0,1,0,0,0,0,283374
14101,0,1,0,0,0,0,138482
9794,0,1,0,0,0,0,713539
9609,0,1,0,0,0,0,321467
4741,0,1,0,0,0,0,926935
4745,0,1,0,0,0,0,327347
2795,0,1,0,0,0,0,740860
10455,0,1,0,0,0,0,306932
11044,0,1,0,0,0,0,890475
11975,0,1,0,0,0,0,172559
5805,0,1,0,0,0,0,507550
7179,0,1,0,0,0,0,98039
14868,0,1,0,0,0,0,878343
880,0,1,0,0,0,0,614959
11342,0,1,0,0,0,0,700614
13914,0,1,0,0,0,0,249650
1590,0,1,0,0,0,0,491775
11591,0,1,0,0,0,0,972506
5477,0,1,0,0,0,0,920567
8238,0,1,0,0,0,0,815820
9828,0,1,0,0,0,0,258828
11918,0,1,0,0,0,0,505716
12596,0,1,0,0,0,0,109320
2163,0,1,0,0,0,0,565573
2662,0,1,0,0,0,0,782483
10046,0,1,0,0,0,0,724564
11230,0,1,0,0,0,0,79727
1092,0,1,0,0,0,0,150878
15119,0,1,0,0,0,0,400435
8682,0,1,0,0,0,0,455727
14893,0,1,0,0,0,0,258116
2734,0,1,0,0,0,0,113365
13282,0,1,0,0,0,0,321937
6699,0,1,0,0,0,0,332179
9097,0,1,0,0,0,0,448837
10925,0,1,0,0,0,0,478929
8059,0,1,0,0,0,0,131352
6188,0,1,0,0,0,0,452507
9288,0,1,0,0,0,0,173233
14787,0,1,0,0,0,0,137442
3870,0,1,0,0,0,0,231413
1803,0,1,0,0,0,0,317280
15235,0,1,0,0,0,0,716316
8341,0,0,1,0,0,0,692933
8106,0,0,1,0,0,0,12053
5000,0,0,1,0,0,0,288775
9108,0,0,1,0,0,0,579769
14188,0,0,1,0,0,0,42083
12409,0,0,1,0,0,0,500332
9278,0,0,1,0,0,0,644344
2025,0,0,1,0,0,0,475998
7136,0,0,1,0,0,0,560116
716,0,0,1,0,0,0,187983
11926,0,0,1,0,0,0,705634
1246,0,0,1,0,0,0,351060
13029,0,0,1,0,0,0,228666
15300,0,0,1,0,0,0,313427
13239,0,0,1,0,0,0,739790
6056,0,0,1,0,0,0,386533
1067,0,0,1,0,0,0,428222
4848,0,0,1,0,0,0,542347
12161,0,0,1,0,0,0,56837
1170,0,0,1,0,0,0,136449
15208,0,0,1,0,0,0,589445
12382,0,0,1,0,0,0,418242
10283,0,0,1,0,0,0,209896
1811,0,0,1,0,0,0,7499
7854,0,0,1,0,0,0,212246
2662,0,0,1,0,0,0,402787
8140,0,0,1,0,0,0,482435
9980,0,0,1,0,0,0,343310
11152,0,0,1,0,0,0,50852
7262,0,0,1,0,0,0,690341
11563,0,0,1,0,0,0,295670
10643,0,0,1,0,0,0,651798
7716,0,0,1,0,0,0,149907
3278,0,0,1,0,0,0,678921
2252,0,0,1,0,0,0,95612
11096,0,0,1,0,0,0,949403
4933,0,0,1,0,0,0,650901
667,0,0,1,0,0,0,676260
290,0,0,1,0,0,0,648420
8012,0,0,1,0,0,0,919620
2781,0,0,1,0,0,0,443237
8281,0,0,1,0,0,0,363025
15089,0,0,1,0,0,0,416140
7691,0,0,1,0,0,0,687810
8935,0,0,1,0,0,0,777426
15022,0,0,1,0,0,0,189103
15125,0,0,1,0,0,0,471115
6701,0,0,1,0,0,0,75615
11613,0,0,1,0,0,0,499558
6161,0,0,1,0,0,0,337794
13968,0,0,1,0,0,0,483747
1407,0,0,1,0,0,0,980449
7620,0,0,1,0,0,0,428374
3511,0,0,1,0,0,0,848284
8506,0,0,1,0,0,0,794705
10097,0,0,1,0,0,0,744280
3592,0,0,1,0,0,0,974725
1620,0,0,1,0,0,0,883537
10388,0,0,1,0,0,0,91127
12755,0,0,1,0,0,0,415862
567,0,0,1,0,0,0,427016
10674,0,0,1,0,0,0,694371
13451,0,0,1,0,0,0,127145
3391,0,0,1,0,0,0,691260
13,0,0,1,0,0,0,175100
6099,0,0,1,0,0,0,802322
10409,0,0,1,0,0,0,723781
3392,0,0,1,0,0,0,773955
12429,0,0,1,0,0,0,323846
10831,0,0,1,0,0,0,475310
13125,0,0,1,0,0,0,631723
10309,0,0,1,0,0,0,662770
3151,0,0,1,0,0,0,435579
5130,0,0,1,0,0,0,775825
8760,0,0,1,0,0,0,971817
14036,0,0,1,0,0,0,366714
7530,0,0,1,0,0,0,500063
166,0,0,1,0,0,0,326392
13333,0,0,1,0,0,0,355811
13730,0,0,1,0,0,0,374672
3196,0,0,1,0,0,0,941747
4454,0,0,1,0,0,0,600558
7612,0,0,1,0,0,0,833599
9135,0,0,1,0,0,0,870449
8643,0,0,1,0,0,0,257961
15290,0,0,1,0,0,0,856211
11418,0,0,1,0,0,0,26026
7900,0,0,1,0,0,0,149217
3542,0,0,1,0,0,0,332873
12480,0,0,1,0,0,0,212976
13250,0,0,1,0,0,0,525672
5610,0,0,1,0,0,0,621525
3006,0,0,1,0,0,0,581552
6280,0,0,1,0,0,0,313316
7970,0,0,1,0,0,0,478002
6939,0,0,1,0,0,0,122957
4921,0,0,1,0,0,0,135065
15258,0,0,1,0,0,0,694487
13366,0,0,1,0,0,0,956138
11348,0,0,1,0,0,0,254058
7479,0,0,1,0,0,0,450597
12897,0,0,1,0,0,0,91001
14151,0,0,1,0,0,0,651168
1663,0,0,1,0,0,0,144603
15605,0,0,1,0,0,0,448175
7752,0,0,1,0,0,0,362008
8165,0,0,1,0,0,0,3557
3062,0,0,1,0,0,0,374012
6795,0,0,1,0,0,0,352161
12487,0,0,1,0,0,0,770933
15206,0,0,1,0,0,0,540203
8349,0,0,1,0,0,0,82039
929,0,0,1,0,0,0,460137
9624,0,0,1,0,0,0,103651
3890,0,0,1,0,0,0,587136
1140,0,0,1,0,0,0,215231
11159,0,0,1,0,0,0,571630
5670,0,0,1,0,0,0,464157
11829,0,0,1,0,0,0,914529
5868,0,0,1,0,0,0,153261
5098,0,0,1,0,0,0,540477
179,0,0,1,0,0,0,568338
4175,0,0,1,0,0,0,516257
9616,0,0,1,0,0,0,168518
6290,0,0,1,0,0,0,366778
4339,0,0,1,0,0,0,58206
3624,0,0,1,0,0,0,2989
11209,0,0,1,0,0,0,443056
4039,0,0,1,0,0,0,707637
13546,0,0,1,0,0,0,312629
728,0,0,1,0,0,0,389872
9973,0,0,1,0,0,0,636857
6619,0,0,1,0,0,0,34878
14122,0,0,1,0,0,0,328873
9225,0,0,1,0,0,0,81557
10924,0,0,1,0,0,0,951776
13928,0,0,1,0,0,0,735991
3298,0,0,1,0,0,0,546877
10663,0,0,1,0,0,0,860873
8733,0,0,1,0,0,0,903091
10277,0,0,1,0,0,0,955474
7754,0,0,1,0,0,0,424990
15005,0,0,1,0,0,0,958828
13645,0,0,1,0,0,0,516801
3365,0,0,1,0,0,0,324033
6504,0,0,1,0,0,0,271525
2357,0,0,1,0,0,0,71037
10320,0,0,1,0,0,0,303136
2968,0,0,1,0,0,0,646072
8846,0,0,1,0,0,0,854551
10346,0,0,1,0,0,0,906530
6407,0,0,1,0,0,0,401885
1460,0,0,1,0,0,0,69244
4286,0,0,1,0,0,0,145084
12251,0,0,1,0,0,0,743295
1560,0,0,1,0,0,0,589577
14870,0,0,1,0,0,0,308534
15228,0,0,1,0,0,0,285817
4227,0,0,1,0,0,0,725109
1262,0,0,1,0,0,0,904060
5785,0,0,1,0,0,0,429313
9244,0,0,1,0,0,0,838799
323,0,0,1,0,0,0,1192
5578,0,0,1,0,0,0,922286
9086,0,0,1,0,0,0,71697
1924,0,0,1,0,0,0,497436
11308,0,0,1,0,0,0,862706
5603,0,0,1,0,0,0,405341
6410,0,0,1,0,0,0,629923
9628,0,0,1,0,0,0,608923
2129,0,0,1,0,0,0,635518
12874,0,0,1,0,0,0,75423
10585,0,0,1,0,0,0,55519
579,0,0,1,0,0,0,717150
12117,0,0,1,0,0,0,304348
2317,0,0,1,0,0,0,75647
10803,0,0,1,0,0,0,905741
9523,0,0,1,0,0,0,502223
11812,0,0,1,0,0,0,996433
14141,0,0,1,0,0,0,15334
10819,0,0,1,0,0,0,1233
5531,0,0,1,0,0,0,283547
10539,0,0,1,0,0,0,874545
13876,0,0,1,0,0,0,333888
2063,0,0,1,0,0,0,791387
7345,0,0,1,0,0,0,517648
12308,0,0,1,0,0,0,30928
2033,0,0,1,0,0,0,629650
6308,0,0,1,0,0,0,448558
3739,0,0,1,0,0,0,907005
10081,0,0,1,0,0,0,761285
7284,0,0,1,0,0,0,641045
15686,0,0,1,0,0,0,701926
14896,0,0,1,0,0,0,703714
4941,0,0,1,0,0,0,710957
12753,0,0,1,0,0,0,608262
6955,0,0,1,0,0,0,713065
600,0,0,1,0,0,0,68925
9251,0,0,1,0,0,0,998626
7116,0,0,1,0,0,0,42642
1943,0,0,1,0,0,0,253926
10833,0,0,1,0,0,0,754218
8406,0,0,1,0,0,0,516832
1237,0,0,1,0,0,0,307197
1244,0,0,1,0,0,0,902923
5386,0,0,1,0,0,0,347348
3072,0,0,1,0,0,0,697245
2643,0,0,1,0,0,0,415812
12994,0,0,1,0,0,0,497139
998,0,0,1,0,0,0,886508
8307,0,0,1,0,0,0,449693
15447,0,0,1,0,0,0,264009
10760,0,0,1,0,0,0,678622
7695,0,0,1,0,0,0,658005
7115,0,0,1,0,0,0,528271
14133,0,0,1,0,0,0,943154
5023,0,0,1,0,0,0,909962
15050,0,0,1,0,0,0,495227
11442,0,0,1,0,0,0,131018
1797,0,0,1,0,0,0,852789
12243,0,0,1,0,0,0,915694
2426,0,0,1,0,0,0,756024
6668,0,0,1,0,0,0,340708
14777,0,0,1,0,0,0,894577
10547,0,0,1,0,0,0,48486
13157,0,0,1,0,0,0,170244
6033,0,0,1,0,0,0,41723
10341,0,0,1,0,0,0,57039
5069,0,0,1,0,0,0,594531
6850,0,0,1,0,0,0,99340
11132,0,0,1,0,0,0,476194
4466,0,0,1,0,0,0,91066
3317,0,0,1,0,0,0,403571
6151,0,0,1,0,0,0,863340
9945,0,0,1,0,0,0,806219
6553,0,0,1,0,0,0,442795
4709,0,0,1,0,0,0,380124
11096,0,0,1,0,0,0,621260
6037,0,0,1,0,0,0,993273
10683,0,0,1,0,0,0,995665
7360,0,0,1,0,0,0,99147
2861,0,0,1,0,0,0,709605
2803,0,0,1,0,0,0,83333
5111,0,0,1,0,0,0,892753
10123,0,0,1,0,0,0,992929
5172,0,0,1,0,0,0,741936
9496,0,0,1,0,0,0,448532
15380,0,0,1,0,0,0,512027
15003,0,0,1,0,0,0,510483
14485,0,0,1,0,0,0,713087
10637,0,0,1,0,0,0,81003
12918,0,0,1,0,0,0,922859
13527,0,0,1,0,0,0,479211
14306,0,0,1,0,0,0,126934
9620,0,0,1,0,0,0,684377
289,0,0,1,0,0,0,802760
9931,0,0,1,0,0,0,88196
559,0,0,1,0,0,0,608447
10002,0,0,1,0,0,0,539480
1834,0,0,1,0,0,0,389542
7764,0,0,1,0,0,0,2919
11494,0,0,1,0,0,0,38158
9137,0,0,1,0,0,0,606261
9955,0,0,1,0,0,0,934758
6381,0,0,1,0,0,0,353643
14369,0,0,1,0,0,0,480834
13950,0,0,1,0,0,0,744827
6515,0,0,1,0,0,0,307790
272,0,0,1,0,0,0,953920
4219,0,0,1,0,0,0,155756
13254,0,0,1,0,0,0,229772
13105,0,0,1,0,0,0,521251
13890,0,0,1,0,0,0,474950
13784,0,0,1,0,0,0,724742
8755,0,0,1,0,0,0,492375
8023,0,0,1,0,0,0,925585
3632,0,0,1,0,0,0,91680
6064,0,0,1,0,0,0,66898
1823,0,0,1,0,0,0,452254
2223,0,0,1,0,0,0,311944
13202,0,0,1,0,0,0,601998
11677,0,0,1,0,0,0,88734
12416,0,0,1,0,0,0,718556
5699,0,0,1,0,0,0,195870
8052,0,0,1,0,0,0,733193
6317,0,0,1,0,0,0,927642
2174,0,0,1,0,0,0,121666
11427,0,0,1,0,0,0,300083
8044,0,0,1,0,0,0,859124
14552,0,0,1,0,0,0,548402
9801,0,0,1,0,0,0,570379
2621,0,0,1,0,0,0,223360
9131,0,0,1,0,0,0,853463
5034,0,0,1,0,0,0,653002
13120,0,0,1,0,0,0,144869
7086,0,0,1,0,0,0,47822
7943,0,0,1,0,0,0,509890
8934,0,0,1,0,0,0,233042
3948,0,0,1,0,0,0,449194
14986,0,0,1,0,0,0,664096
4359,0,0,1,0,0,0,172219
3896,0,0,1,0,0,0,19844
12976,0,0,1,0,0,0,345444
15137,0,0,1,0,0,0,288909
13840,0,0,1,0,0,0,11101
1474,0,0,1,0,0,0,108607
2608,0,0,1,0,0,0,362927
8603,0,0,1,0,0,0,564250
1990,0,0,1,0,0,0,72199
3704,0,0,1,0,0,0,359788
13691,0,0,1,0,0,0,755324
8092,0,0,1,0,0,0,968361
13407,0,0,1,0,0,0,958948
13042,0,0,1,0,0,0,622787
3252,0,0,1,0,0,0,645412
909,0,0,1,0,0,0,105322
6378,0,0,1,0,0,0,71834
8175,0,0,1,0,0,0,567782
15029,0,0,1,0,0,0,833470
7319,0,0,1,0,0,0,669894
1918,0,0,1,0,0,0,518514
11035,0,0,1,0,0,0,469978
4530,0,0,1,0,0,0,857709
14311,0,0,1,0,0,0,394700
14416,0,0,1,0,0,0,211485
11759,0,0,1,0,0,0,886443
3681,0,0,1,0,0,0,997767
11381,0,0,1,0,0,0,64823
8080,0,0,1,0,0,0,580476
3383,0,0,1,0,0,0,696239
3198,0,0,1,0,0,0,761285
4274,0,0,1,0,0,0,578686
2836,0,0,1,0,0,0,952878
15529,0,0,1,0,0,0,503287
5260,0,0,1,0,0,0,970910
886,0,0,1,0,0,0,340800
4654,0,0,1,0,0,0,427962
1347,0,0,1,0,0,0,314596
12482,0,0,1,0,0,0,930747
14391,0,0,1,0,0,0,601028
5251,0,0,1,0,0,0,623354
4282,0,0,1,0,0,0,764021
755,0,0,1,0,0,0,688620
10338,0,0,1,0,0,0,286192
4253,0,0,1,0,0,0,184628
15450,0,0,1,0,0,0,581191
4154,0,0,1,0,0,0,656111
8585,0,0,1,0,0,0,730083
2312,0,0,1,0,0,0,28106
10621,0,0,1,0,0,0,271067
15114,0,0,1,0,0,0,149988
11332,0,0,1,0,0,0,885132
5816,0,0,1,0,0,0,576913
11879,0,0,1,0,0,0,8907
15328,0,0,1,0,0,0,151797
12721,0,0,1,0,0,0,944692
396,0,0,1,0,0,0,234052
3148,0,0,1,0,0,0,472751
164,0,0,1,0,0,0,784207
5740,0,0,1,0,0,0,624156
15106,0,0,1,0,0,0,614460
14392,0,0,1,0,0,0,61356
5240,0,0,1,0,0,0,974176
1698,0,0,1,0,0,0,965899
2566,0,0,1,0,0,0,665373
7838,0,0,1,0,0,0,124238
9872,0,0,1,0,0,0,278603
4471,0,0,1,0,0,0,909310
11165,0,0,1,0,0,0,82391
11260,0,0,1,0,0,0,558408
4130,0,0,1,0,0,0,769778
1608,0,0,1,0,0,0,935447
14626,0,0,1,0,0,0,315181
4845,0,0,1,0,0,0,335594
707,0,0,1,0,0,0,945664
12649,0,0,1,0,0,0,129736
570,0,0,1,0,0,0,499434
872,0,0,1,0,0,0,918960
6724,0,0,1,0,0,0,895747
4264,0,0,1,0,0,0,796222
8583,0,0,1,0,0,0,724446
8600,0,0,1,0,0,0,493985
15163,0,0,1,0,0,0,720471
13047,0,0,1,0,0,0,413804
3154,0,0,1,0,0,0,699951
8423,0,0,1,0,0,0,288901
2755,0,0,1,0,0,0,648139
4169,0,0,1,0,0,0,32882
9640,0,0,1,0,0,0,537100
6066,0,0,1,0,0,0,88049
9866,0,0,1,0,0,0,331244
14651,0,0,0,1,0,0,516648
8950,0,0,0,1,0,0,834189
8082,0,0,0,1,0,0,340790
6365,0,0,0,1,0,0,736108
14783,0,0,0,1,0,0,897966
10742,0,0,0,1,0,0,807606
4033,0,0,0,1,0,0,401608
6589,0,0,0,1,0,0,96673
5785,0,0,0,1,0,0,575008
13998,0,0,0,1,0,0,381249
15421,0,0,0,1,0,0,524806
2267,0,0,0,1,0,0,171548
5274,0,0,0,1,0,0,106329
4548,0,0,0,1,0,0,581613
5697,0,0,0,1,0,0,615103
5422,0,0,0,1,0,0,829413
811,0,0,0,1,0,0,54021
13826,0,0,0,1,0,0,798214
3464,0,0,0,1,0,0,874430
13324,0,0,0,1,0,0,992109
3735,0,0,0,1,0,0,423142
11504,0,0,0,1,0,0,33622
5926,0,0,0,1,0,0,904939
3356,0,0,0,1,0,0,133391
5072,0,0,0,1,0,0,505821
1765,0,0,0,1,0,0,15864
185,0,0,0,1,0,0,267570
14066,0,0,0,1,0,0,33900
2345,0,0,0,1,0,0,918985
8334,0,0,0,1,0,0,266002
8027,0,0,0,1,0,0,34615
9812,0,0,0,1,0,0,327953
14573,0,0,0,1,0,0,466152
5878,0,0,0,1,0,0,65808
5464,0,0,0,1,0,0,258645
3351,0,0,0,1,0,0,537553
8827,0,0,0,1,0,0,860889
10506,0,0,0,1,0,0,995655
9496,0,0,0,1,0,0,66007
7576,0,0,0,1,0,0,930781
924,0,0,0,1,0,0,574984
11839,0,0,0,1,0,0,170682
9554,0,0,0,1,0,0,867147
11029,0,0,0,1,0,0,217333
13737,0,0,0,1,0,0,84003
1553,0,0,0,1,0,0,956011
1795,0,0,0,1,0,0,875685
4495,0,0,0,1,0,0,7307
3298,0,0,0,1,0,0,204680
11631,0,0,0,1,0,0,308384
3916,0,0,0,1,0,0,11123
9935,0,0,0,1,0,0,383536
7035,0,0,0,1,0,0,574331
1957,0,0,0,1,0,0,718477
3344,0,0,0,1,0,0,280794
9308,0,0,0,1,0,0,10347
2863,0,0,0,1,0,0,203576
2080,0,0,0,1,0,0,925724
12478,0,0,0,1,0,0,877887
4916,0,0,0,1,0,0,420832
14067,0,0,0,1,0,0,68682
1614,0,0,0,1,0,0,543952
7615,0,0,0,1,0,0,867176
9460,0,0,0,1,0,0,162492
2369,0,0,0,1,0,0,407428
5836,0,0,0,1,0,0,609839
4921,0,0,0,1,0,0,607571
6915,0,0,0,1,0,0,578140
2166,0,0,0,1,0,0,779910
7962,0,0,0,1,0,0,608348
14767,0,0,0,1,0,0,792404
11744,0,0,0,1,0,0,25966
11590,0,0,0,0,1,0,85521
14509,0,0,0,0,1,0,256990
5685,0,0,0,0,1,0,46737
6852,0,0,0,0,1,0,624136
5129,0,0,0,0,1,0,729164
4352,0,0,0,0,1,0,999024
7552,0,0,0,0,1,0,937432
3764,0,0,0,0,1,0,713993
13106,0,0,0,0,1,0,597931
4036,0,0,0,0,1,0,514608
1291,0,0,0,0,1,0,438157
3220,0,0,0,0,1,0,27806
1663,0,0,0,0,1,0,532162
6099,0,0,0,0,1,0,951519
5256,0,0,0,0,1,0,612547
12934,0,0,0,0,1,0,246976
8451,0,0,0,0,1,0,177773
4623,0,0,0,0,1,0,52330
8445,0,0,0,0,1,0,750594
4563,0,0,0,0,1,0,842575
4766,0,0,0,0,1,0,731035
6427,0,0,0,0,1,0,963842
5889,0,0,0,0,1,0,132222
12949,0,0,0,0,1,0,661860
5615,0,0,0,0,1,0,355205
3997,0,0,0,0,1,0,744112
12673,0,0,0,0,1,0,249078
6884,0,0,0,0,1,0,166711
10341,0,0,0,0,1,0,132020
13660,0,0,0,0,1,0,772604
11699,0,0,0,0,1,0,508499
11504,0,0,0,0,1,0,690074
1403,0,0,0,0,1,0,510624
15539,0,0,0,0,1,0,758978
12466,0,0,0,0,1,0,910998
13595,0,0,0,0,1,0,125439
6751,0,0,0,0,1,0,461328
15159,0,0,0,0,1,0,850619
1264,0,0,0,0,1,0,116998
3506,0,0,0,0,1,0,606216
6556,0,0,0,0,1,0,573875
9351,0,0,0,0,1,0,111879
5747,0,0,0,0,1,0,893930
10956,0,0,0,0,1,0,694732
9452,0,0,0,0,1,0,852274
7245,0,0,0,0,1,0,17635
1275,0,0,0,0,1,0,173457
1196,0,0,0,0,1,0,860958
11044,0,0,0,0,1,0,242351
13614,0,0,0,0,1,0,152912
3570,0,0,0,0,1,0,137226
1137,0,0,0,0,1,0,302118
8668,0,0,0,0,1,0,971550
5131,0,0,0,0,1,0,55932
9194,0,0,0,0,1,0,105317
11939,0,0,0,0,0,1,968182
14480,0,0,0,0,0,1,189682
10625,0,0,0,0,0,1,680321
3089,0,0,0,0,0,1,155846
8068,0,0,0,0,0,1,757445
13347,0,0,0,0,0,1,722683
10813,0,0,0,0,0,1,692875
10873,0,0,0,0,0,1,290838
6856,0,0,0,0,0,1,192550
11536,0,0,0,0,0,1,336448
7921,0,0,0,0,0,1,537233
3564,0,0,0,0,0,1,931960
14698,0,0,0,0,0,1,952796
22,0,0,0,0,0,1,110692
1174,0,0,0,0,0,1,640124
7216,0,0,0,0,0,1,71809
13697,0,0,0,0,0,1,174463
1953,0,0,0,0,0,1,486064
11594,0,0,0,0,0,1,637483
5520,0,0,0,0,0,1,629544
8431,0,0,0,0,0,1,398051
8454,0,0,0,0,0,1,650139
8001,0,0,0,0,0,1,218515
14632,0,0,0,0,0,1,880628
10059,0,0,0,0,0,1,548970
529,0,0,0,0,0,1,593600
5894,0,0,0,0,0,1,847770
10811,0,0,0,0,0,1,673617
8653,0,0,0,0,0,1,753097
8147,0,0,0,0,0,1,366005
2096,0,0,0,0,0,1,368413
10593,0,0,0,0,0,1,674960
9978,0,0,0,0,0,1,729079
6849,0,0,0,0,0,1,933786
13925,0,0,0,0,0,1,642406
3849,0,0,0,0,0,1,991112
168,0,0,0,0,0,1,414426
15260,0,0,0,0,0,1,935928
1171,0,0,0,0,0,1,227448
5997,0,0,0,0,0,1,987901
14656,0,0,0,0,0,1,953774
1118,0,0,0,0,0,1,781344
9098,0,0,0,0,0,1,178183
11736,0,0,0,0,0,1,191465
14242,0,0,0,0,0,1,9744
8628,0,0,0,0,0,1,169849
470,0,0,0,0,0,1,332172
9075,0,0,0,0,0,1,169377
12014,0,0,0,0,0,1,567737
6770,0,0,0,0,0,1,788794
11883,0,0,0,0,0,1,781797
8464,0,0,0,0,0,1,246543
7071,0,0,0,0,0,1,436192
5990,0,0,0,0,0,1,601500
13064,0,0,0,0,0,1,423190
5261,0,0,0,0,0,1,893643
11988,0,0,0,0,0,1,876177
2709,0,0,0,0,0,1,953681
13537,0,0,0,0,0,1,661417
10931,0,0,0,0,0,1,994786
3009,0,0,0,0,0,1,919069
6993,0,0,0,0,0,1,958169
4818,0,0,0,0,0,1,477804
6463,0,0,0,0,0,1,750823
4359,0,0,0,0,0,1,566942
4556,0,0,0,0,0,1,363177
7537,0,0,0,0,0,1,225570
14264,0,0,0,0,0,1,275443
5075,0,0,0,0,0,1,650615
8802,0,0,0,0,0,1,727087
2817,0,0,0,0,0,1,910788
13497,0,0,0,0,0,1,256267
5420,0,0,0,0,0,1,236430
5603,0,0,0,0,0,1,378337
2367,0,0,0,0,0,1,948721
12092,0,0,0,0,0,1,350249
3198,0,0,0,0,0,1,352113
14311,0,0,0,0,0,1,750118
15005,0,0,0,0,0,1,743640
15664,0,0,0,0,0,1,385757
4507,0,0,0,0,0,1,332924
11585,0,0,0,0,0,1,247348
7474,0,0,0,0,0,1,731705
9768,0,0,0,0,0,1,855313
11016,0,0,0,0,0,1,616010
2154,0,0,0,0,0,1,577055
2255,0,0,0,0,0,1,318545
5100,0,0,0,0,0,1,126154
14697,0,0,0,0,0,1,87336
8602,0,0,0,0,0,1,376094
3397,0,0,0,0,0,1,516177
4137,0,0,0,0,0,1,173345
10004,0,0,0,0,0,1,146235
3323,0,0,0,0,0,1,685913
3776,0,0,0,0,0,1,502135
14445,0,0,0,0,0,1,300904
7743,0,0,0,0,0,1,305686
3111,0,0,0,0,0,1,347909
12304,0,0,0,0,0,1,635029
2861,0,0,0,0,0,1,824359
9353,0,0,0,0,0,1,173289
8725,0,0,0,0,0,1,782122
10792,0,0,0,0,0,1,153680
10203,0,0,0,0,0,1,790944
15581,0,0,0,0,0,1,579738
14752,0,0,0,0,0,1,236925
6552,0,0,0,0,0,1,515033
3453,0,0,0,0,0,1,539114
6266,0,0,0,0,0,1,75246
7359,0,0,0,0,0,1,620607
14293,0,0,0,0,0,1,51711
124,0,0,0,0,0,1,561115
15617,0,0,0,0,0,1,599122
9138,0,0,0,0,0,1,49252
15246,0,0,0,0,0,1,628416
4408,0,0,0,0,0,1,500333
14007,0,0,0,0,0,1,946010
5943,0,0,0,0,0,1,637982
8724,0,0,0,0,0,1,97266
6674,0,0,0,0,0,1,690873
3044,0,0,0,0,0,1,1561
4201,0,0,0,0,0,1,167882
4163,0,0,0,0,0,1,489411
438,0,0,0,0,0,1,729417
4533,0,0,0,0,0,1,127997
6925,0,0,0,0,0,1,990437
13124,0,0,0,0,0,1,786497
2075,0,0,0,0,0,1,99244
8868,0,0,0,0,0,1,837573
12562,0,0,0,0,0,1,726461
13432,0,0,0,0,0,1,942895
13499,0,0,0,0,0,1,549308
11799,0,0,0,0,0,1,181271
1238,0,0,0,0,0,1,430360
6048,0,0,0,0,0,1,786566
9457,0,0,0,0,0,1,729306
15567,0,0,0,0,0,1,714503
10088,0,0,0,0,0,1,24906
12809,0,0,0,0,0,1,445903
8595,0,0,0,0,0,1,607106
1967,0,0,0,0,0,1,30209
7715,0,0,0,0,0,1,854170
1771,0,0,0,0,0,1,460399
2710,0,0,0,0,0,1,34276
11431,0,0,0,0,0,1,440692
2278,0,0,0,0,0,1,699857
12825,0,0,0,0,0,1,753482
3543,0,0,0,0,0,1,390418
4240,0,0,0,0,0,1,788991
1813,0,0,0,0,0,1,413870
11091,0,0,0,0,0,1,15090
4420,0,0,0,0,0,1,297791
14311,0,0,0,0,0,1,481260
9493,0,0,0,0,0,1,129863
666,0,0,0,0,0,1,670567
4769,0,0,0,0,0,1,561014
3403,0,0,0,0,0,1,419468
5665,0,0,0,0,0,1,381313
8601,0,0,0,0,0,1,818215
1090,0,0,0,0,0,1,760857
10736,0,0,0,0,0,1,753445
14522,0,0,0,0,0,1,337986
14615,0,0,0,0,0,1,394193
83,0,0,0,0,0,1,492763
7763,0,0,0,0,0,1,853750
4075,0,0,0,0,0,1,552453
15473,0,0,0,0,0,1,167787
2431,0,0,0,0,0,1,51843
14719,0,0,0,0,0,1,424029
8739,0,0,0,0,0,1,51064
2838,0,0,0,0,0,1,46580
8007,0,0,0,0,0,1,883478
14971,0,0,0,0,0,1,671756
8673,0,0,0,0,0,1,537677
4029,0,0,0,0,0,1,151201
973,0,0,0,0,0,1,918224
14139,0,0,0,0,0,1,31859
12918,0,0,0,0,0,1,43037
824,0,0,0,0,0,1,600674
452,0,0,0,0,0,1,521224
2672,0,0,0,0,0,1,893309
5055,0,0,0,0,0,1,149123
5441,0,0,0,0,0,1,192264
8129,0,0,0,0,0,1,237380
5447,0,0,0,0,0,1,941479
4674,0,0,0,0,0,1,190200
10317,0,0,0,0,0,1,102218
11010,0,0,0,0,0,1,503278
13351,0,0,0,0,0,1,536660
14292,0,0,0,0,0,1,554648
7208,0,0,0,0,0,1,277070
7106,0,0,0,0,0,1,462822
1030,0,0,0,0,0,1,484502
13859,0,0,0,0,0,1,420101
7818,0,0,0,0,0,1,51700
9373,0,0,0,0,0,1,367176
11590,0,0,0,0,0,1,18186
1015,0,0,0,0,0,1,31133
601,0,0,0,0,0,1,408259
7395,0,0,0,0,0,1,455081
14429,0,0,0,0,0,1,323807
11846,0,0,0,0,0,1,445015
7676,0,0,0,0,0,1,485112
3939,0,0,0,0,0,1,523886
12205,0,0,0,0,0,1,185253
1928,0,0,0,0,0,1,236481
13522,0,0,0,0,0,1,264948
13729,0,0,0,0,0,1,199266
15613,0,0,0,0,0,1,215789
7648,0,0,0,0,0,1,552980
14577,0,0,0,0,0,1,440922
801,0,0,0,0,0,1,195681
6994,0,0,0,0,0,1,236677
3201,0,0,0,0,0,1,719345
8494,0,0,0,0,0,1,365889
324,0,0,0,0,0,1,819600
11985,0,0,0,0,0,1,591658
13589,0,0,0,0,0,1,296496
6076,0,0,0,0,0,1,913788
13015,0,0,0,0,0,1,756906
1470,0,0,0,0,0,1,475465
12663,0,0,0,0,0,1,463027
10787,0,0,0,0,0,1,724331
2841,0,0,0,0,0,1,23878
2767,0,0,0,0,0,1,199935
15158,0,0,0,0,0,1,975246
14792,0,0,0,0,0,1,623121
7524,0,0,0,0,0,1,966470
15060,0,0,0,0,0,1,370095
12108,0,0,0,0,0,1,69767
15134,0,0,0,0,0,1,243647
6033,0,0,0,0,0,1,655039
15442,0,0,0,0,0,1,639510
10467,0,0,0,0,0,1,977443
8776,0,0,0,0,0,1,430523
9710,0,0,0,0,0,1,985291
4368,0,0,0,0,0,1,87981
12298,0,0,0,0,0,1,609937
11120,0,0,0,0,0,1,20774
1700,0,0,0,0,0,1,57181
4459,0,0,0,0,0,1,888262
13013,0,0,0,0,0,1,420181
14755,0,0,0,0,0,1,372490
8541,0,0,0,0,0,1,590606
8571,0,0,0,0,0,1,391077
3398,0,0,0,0,0,1,179371
11910,0,0,0,0,0,1,963026
1757,0,0,0,0,0,1,948890
10148,0,0,0,0,0,1,91009
2908,0,0,0,0,0,1,285941
1727,0,0,0,0,0,1,487750
10654,0,0,0,0,0,1,441025
1047,0,0,0,0,0,1,40514
12104,0,0,0,0,0,1,230331
14308,0,0,0,0,0,1,337406
1039,0,0,0,0,0,1,429753
3004,0,0,0,0,0,1,560942
5968,0,0,0,0,0,1,213020
5191,0,0,0,0,0,1,655896
13506,0,0,0,0,0,1,74289
14844,0,0,0,0,0,1,473671
5965,0,0,0,0,0,1,177130
13590,0,0,0,0,0,1,686754
7424,0,0,0,0,0,1,825238
2992,0,0,0,0,0,1,198743
14248,0,0,0,0,0,1,804456
8987,0,0,0,0,0,1,76138
6122,0,0,0,0,0,1,854461
2275,0,0,0,0,0,1,219255
5174,0,0,0,0,0,1,398080
5409,0,0,0,0,0,1,551134
15049,0,0,0,0,0,1,489251
3305,0,0,0,0,0,1,71407
8531,0,0,0,0,0,1,611566
13764,0,0,0,0,0,1,223683
6486,0,0,0,0,0,1,39015
126,0,0,0,0,0,1,152307
7613,0,0,0,0,0,1,527275
11530,0,0,0,0,0,1,705280
1668,0,0,0,0,0,1,886719
14803,0,0,0,0,0,1,751026
7247,0,0,0,0,0,1,426456
14832,0,0,0,0,0,1,560568
2129,0,0,0,0,0,1,661163
15252,0,0,0,0,0,1,234951
13424,0,0,0,0,0,1,647760
1458,0,0,0,0,0,1,768290
9140,0,0,0,0,0,1,396588
4195,0,0,0,0,0,1,334978
8688,0,0,0,0,0,1,911476
13792,0,0,0,0,0,1,598221
11457,0,0,0,0,0,1,528206
14433,0,0,0,0,0,1,10462
10457,0,0,0,0,0,1,471919
13977,0,0,0,0,0,1,926502
2831,0,0,0,0,0,1,470629
12178,0,0,0,0,0,1,88032
807,0,0,0,0,0,1,823533
15617,0,0,0,0,0,1,80710
14027,0,0,0,0,0,1,626709
6077,0,0,0,0,0,1,737750
1662,0,0,0,0,0,1,959941
7244,0,0,0,0,0,1,12055
6394,0,0,0,0,0,1,542732
3571,0,0,0,0,0,1,471397
15194,0,0,0,0,0,1,833533
3061,0,0,0,0,0,1,608718
12035,0,0,0,0,0,1,887777
8088,0,0,0,0,0,1,530930
8466,0,0,0,0,0,1,986394
2531,0,0,0,0,0,1,4383
6172,0,0,0,0,0,1,950841
6025,0,0,0,0,0,1,675211
8118,0,0,0,0,0,1,303616
7050,0,0,0,0,0,1,759695
12733,0,0,0,0,0,1,149260
11974,0,0,0,0,0,1,803739
346,0,0,0,0,0,1,798780
1345,0,0,0,0,0,1,316612
11265,0,0,0,0,0,1,300032
3066,0,0,0,0,0,1,963375
2449,0,0,0,0,0,1,165178
3953,0,0,0,0,0,1,31144
13378,0,0,0,0,0,1,396834
3335,0,0,0,0,0,1,176867
15343,0,0,0,0,0,1,580556
11636,0,0,0,0,0,1,562701
14426,0,0,0,0,0,1,521874
3292,0,0,0,0,0,1,97433
4962,0,0,0,0,0,1,49790
10721,0,0,0,0,0,1,609121
6861,0,0,0,0,0,1,314385
11367,0,0,0,0,0,1,868075
1574,0,0,0,0,0,1,724065
6104,0,0,0,0,0,1,778247
1326,0,0,0,0,0,1,374708
3052,0,0,0,0,0,1,194201
11694,0,0,0,0,0,1,359285
4962,0,0,0,0,0,1,495488
3775,0,0,0,0,0,1,67691
1688,0,0,0,0,0,1,447200
12289,0,0,0,0,0,1,614590
5619,0,0,0,0,0,1,65630
13119,0,0,0,0,0,1,886635
668,0,0,0,0,0,1,469459
1154,0,0,0,0,0,1,733839
12364,0,0,0,0,0,1,176555
2914,0,0,0,0,0,1,634696
9060,0,0,0,0,0,1,113013
11667,0,0,0,0,0,1,947142
11711,0,0,0,0,0,1,29448
4614,0,0,0,0,0,1,588764
7217,0,0,0,0,0,1,628940
13975,0,0,0,0,0,1,518309
1621,0,0,0,0,0,1,241141
12912,0,0,0,0,0,1,203817
5057,0,0,0,0,0,1,645190
13703,0,0,0,0,0,1,17896
9154,0,0,0,0,0,1,76275
9257,0,0,0,0,0,1,125806
2632,0,0,0,0,0,1,192370
13041,0,0,0,0,0,1,815387
9356,0,0,0,0,0,1,228249
3876,0,0,0,0,0,1,718426
7440,0,0,0,0,0,1,932818
1165,0,0,0,0,0,1,916567
5814,0,0,0,0,0,1,649540
12817,0,0,0,0,0,1,931696
4259,0,0,0,0,0,1,305844
1455,0,0,0,0,0,1,192945
7440,0,0,0,0,0,1,751675
3193,0,0,0,0,0,1,123861
3682,0,0,0,0,0,1,59510
5411,0,0,0,0,0,1,945203
11771,0,0,0,0,0,1,818484
14060,0,0,0,0,0,1,817030
2161,0,0,0,0,0,1,546945
5781,0,0,0,0,0,1,970187
9080,0,0,0,0,0,1,685037
15545,0,0,0,0,0,1,878907
867,0,0,0,0,0,1,94637
9462,0,0,0,0,0,1,713559
15477,0,0,0,0,0,1,932564
4753,0,0,0,0,0,1,24550
4066,0,0,0,0,0,1,12213
6943,0,0,0,0,0,1,296550
12572,0,0,0,0,0,1,919840
2790,0,0,0,0,0,1,155443
4378,0,0,0,0,0,1,361251
5339,0,0,0,0,0,1,433462
13720,0,0,0,0,0,1,511108
13426,0,0,0,0,0,1,662636
11116,0,0,0,0,0,1,941763
7605,0,0,0,0,0,1,838314
15451,0,0,0,0,0,1,832202
9409,0,0,0,0,0,1,875016
14721,0,0,0,0,0,1,839649
2962,0,0,0,0,0,1,645625
2058,0,0,0,0,0,1,290066
2303,0,0,0,0,0,1,576054
11,0,0,0,0,0,1,60589
7545,0,0,0,0,0,1,531678
9929,0,0,0,0,0,0,865771
10986,0,0,0,0,0,0,287330
10029,0,0,0,0,0,0,939492
5206,0,0,0,0,0,0,297269
7543,0,0,0,0,0,0,601978
9005,0,0,0,0,0,0,678903
4403,0,0,0,0,0,0,907989
14664,0,0,0,0,0,0,921004
10438,0,0,0,0,0,0,40251
12937,0,0,0,0,0,0,430299
12739,0,0,0,0,0,0,98707
7834,0,0,0,0,0,0,655251
6767,0,0,0,0,0,0,571633
6319,0,0,0,0,0,0,482958
735,0,0,0,0,0,0,449393
953,0,0,0,0,0,0,270575
5862,0,0,0,0,0,0,233278
11937,0,0,0,0,0,0,860369
467,0,0,0,0,0,0,767673
9373,0,0,0,0,0,0,453751
5692,0,0,0,0,0,0,565208
1438,0,0,0,0,0,0,641191
8579,0,0,0,0,0,0,11340
3599,0,0,0,0,0,0,484196
10864,0,0,0,0,0,0,149442
3166,0,0,0,0,0,0,186220
2861,0,0,0,0,0,0,684417
867,0,0,0,0,0,0,987229
8977,0,0,0,0,0,0,510140
1649,0,0,0,0,0,0,619374
6404,0,0,0,0,0,0,555183
6544,0,0,0,0,0,0,45670
12998,0,0,0,0,0,0,694956
14248,0,0,0,0,0,0,109076
7746,0,0,0,0,0,0,404502
3190,0,0,0,0,0,0,389768
932,0,0,0,0,0,0,26630
13011,0,0,0,0,0,0,897658
2,0,0,0,0,0,0,607450
8783,0,0,0,0,0,0,818420
1273,0,0,0,0,0,0,886750
7861,0,0,0,0,0,0,612569
8582,0,0,0,0,0,0,51871
10740,0,0,0,0,0,0,607842
4264,0,0,0,0,0,0,991305
8382,0,0,0,0,0,0,661350
12158,0,0,0,0,0,0,519949
11400,0,0,0,0,0,0,251733
12251,0,0,0,0,0,0,760111
9525,0,0,0,0,0,0,961998
5616,0,0,0,0,0,0,335900
1211,0,0,0,0,0,0,221505
5522,0,0,0,0,0,0,783382
5857,0,0,0,0,0,0,354328
9745,0,0,0,0,0,0,461681
2903,0,0,0,0,0,0,932935
9918,0,0,0,0,0,0,225009
11739,0,0,0,0,0,0,697651
12090,0,0,0,0,0,0,538699
4969,0,0,0,0,0,0,239823
11575,0,0,0,0,0,0,250288
13005,0,0,0,0,0,0,9979
3098,0,0,0,0,0,0,296940
15096,0,0,0,0,0,0,779162
15549,0,0,0,0,0,0,973519
6336,0,0,0,0,0,0,789646
1245,0,0,0,0,0,0,465194
6069,0,0,0,0,0,0,270850
15656,0,0,0,0,0,0,509208
223,0,0,0,0,0,0,533167
12946,0,0,0,0,0,0,292303
946,0,0,0,0,0,0,602101
9435,0,0,0,0,0,0,868481
7927,0,0,0,0,0,0,170088
1417,0,0,0,0,0,0,802506
8096,0,0,0,0,0,0,867145
8439,0,0,0,0,0,0,239521
14119,0,0,0,0,0,0,826146
2781,0,0,0,0,0,0,684725
3348,0,0,0,0,0,0,61988
5193,0,0,0,0,0,0,131766
14347,0,0,0,0,0,0,523060
12456,0,0,0,0,0,0,334178
12266,0,0,0,0,0,0,143392
12990,0,0,0,0,0,0,497899
13451,0,0,0,0,0,0,2750
6309,0,0,0,0,0,0,578633
13389,0,0,0,0,0,0,383605
6667,0,0,0,0,0,0,528628
15575,0,0,0,0,0,0,61415
7912,0,0,0,0,0,0,237929
12809,0,0,0,0,0,0,813233
15294,0,0,0,0,0,0,792470
4181,0,0,0,0,0,0,196775
10705,0,0,0,0,0,0,218921
4074,0,0,0,0,0,0,372258
9733,0,0,0,0,0,0,943759
13650,0,0,0,0,0,0,518201
981,0,0,0,0,0,0,216575
2775,0,0,0,0,0,0,930582
10151,0,0,0,0,0,0,603579
7562,0,0,0,0,0,0,218133
6767,0,0,0,0,0,0,310701
6597,0,0,0,0,0,0,225992
14351,0,0,0,0,0,0,872891
11738,0,0,0,0,0,0,344448
7293,0,0,0,0,0,0,204330
3698,0,0,0,0,0,0,941449
13653,0,0,0,0,0,0,428598
3002,0,0,0,0,0,0,715563
3138,0,0,0,0,0,0,29296
152,0,0,0,0,0,0,908493
2297,0,0,0,0,0,0,401687
5073,0,0,0,0,0,0,267469
2018,0,0,0,0,0,0,511916
12255,0,0,0,0,0,0,132323
11089,0,0,0,0,0,0,929426
15313,0,0,0,0,0,0,828164
369,0,0,0,0,0,0,243938
2082,0,0,0,0,0,0,914544
12283,0,0,0,0,0,0,928820
3332,0,0,0,0,0,0,485691
5346,0,0,0,0,0,0,447667
8833,0,0,0,0,0,0,149237
6019,0,0,0,0,0,0,769204
4921,0,0,0,0,0,0,207014
14895,0,0,0,0,0,0,737527
8900,0,0,0,0,0,0,919617
4249,0,0,0,0,0,0,209222
9320,0,0,0,0,0,0,816699
6941,0,0,0,0,0,0,708384
14102,0,0,0,0,0,0,566090
3162,0,0,0,0,0,0,495115
13283,0,0,0,0,0,0,821224
5756,0,0,0,0,0,0,243453
11327,0,0,0,0,0,0,13727
7221,0,0,0,0,0,0,558856
10714,0,0,0,0,0,0,251300
7355,0,0,0,0,0,0,616101
4426,0,0,0,0,0,0,22405
9758,0,0,0,0,0,0,953430
4645,0,0,0,0,0,0,461067
1836,0,0,0,0,0,0,558634
2307,0,0,0,0,0,0,223204
6060,0,0,0,0,0,0,152475
8283,0,0,0,0,0,0,502930
5526,0,0,0,0,0,0,735374
7912,0,0,0,0,0,0,379817
11694,0,0,0,0,0,0,761236
13747,0,0,0,0,0,0,319935
4903,0,0,0,0,0,0,340889
11248,0,0,0,0,0,0,585165
405,0,0,0,0,0,0,147450
5965,0,0,0,0,0,0,317590
8564,0,0,0,0,0,0,457965
14947,0,0,0,0,0,0,580285
13378,0,0,0,0,0,0,629257
11275,0,0,0,0,0,0,165611
3723,0,0,0,0,0,0,443420
7095,0,0,0,0,0,0,450370
12279,0,0,0,0,0,0,273379
1036,0,0,0,0,0,0,409198
3396,0,0,0,0,0,0,352046
12485,0,0,0,0,0,0,424138
6616,0,0,0,0,0,0,157012
14630,0,0,0,0,0,0,756928
9693,0,0,0,0,0,0,962885
7654,0,0,0,0,0,0,475885
3778,0,0,0,0,0,0,973754
9575,0,0,0,0,0,0,78581
3057,0,0,0,0,0,0,416927
1977,0,0,0,0,0,0,925018
6850,0,0,0,0,0,0,842997
9562,0,0,0,0,0,0,609057
14632,0,0,0,0,0,0,277950
12645,0,0,0,0,0,0,928808
12853,0,0,0,0,0,0,814101
7479,0,0,0,0,0,0,642094
6620,0,0,0,0,0,0,94627
378,0,0,0,0,0,0,673148
6993,0,0,0,0,0,0,504188
7073,0,0,0,0,0,0,984178
2498,0,0,0,0,0,0,550587
7910,0,0,0,0,0,0,996711
2324,0,0,0,0,0,0,854813
7951,0,0,0,0,0,0,448223
11238,0,0,0,0,0,0,596884
8341,0,0,0,0,0,0,987945
899,0,0,0,0,0,0,352760
14118,0,0,0,0,0,0,855247
12786,0,0,0,0,0,0,442515
713,0,0,0,0,0,0,42227
2871,0,0,0,0,0,0,575182
12506,0,0,0,0,0,0,901329
5774,0,0,0,0,0,0,271825
11210,0,0,0,0,0,0,144863
5423,0,0,0,0,0,0,400181
8169,0,0,0,0,0,0,75315
13019,0,0,0,0,0,0,713200
5974,0,0,0,0,0,0,514239
6689,0,0,0,0,0,0,160247
11020,0,0,0,0,0,0,808689
9813,0,0,0,0,0,0,106686
6079,0,0,0,0,0,0,459202
14434,0,0,0,0,0,0,700813
3782,0,0,0,0,0,0,6606
8092,0,0,0,0,0,0,876615
9790,0,0,0,0,0,0,107219
15159,0,0,0,0,0,0,579051
13348,0,0,0,0,0,0,956200
14669,0,0,0,0,0,0,190610
12258,0,0,0,0,0,0,28522
8564,0,0,0,0,0,0,752716
15502,0,0,0,0,0,0,588215
12044,0,0,0,0,0,0,620400
14416,0,0,0,0,0,0,742248
13987,0,0,0,0,0,0,200199
14266,0,0,0,0,0,0,480576
49,0,0,0,0,0,0,681658
12100,0,0,0,0,0,0,814897
13568,0,0,0,0,0,0,70600
9962,0,0,0,0,0,0,290465
4087,0,0,0,0,0,0,623432
2478,0,0,0,0,0,0,105159
1626,0,0,0,0,0,0,260588
15658,0,0,0,0,0,0,967924
4627,0,0,0,0,0,0,762586
15658,0,0,0,0,0,0,276564
13469,0,0,0,0,0,0,995788
1871,0,0,0,0,0,0,579620
7647,0,0,0,0,0,0,534158
7771,0,0,0,0,0,0,533659
10439,0,0,0,0,0,0,680508
7055,0,0,0,0,0,0,551931
4318,0,0,0,0,0,0,653920
9532,0,0,0,0,0,0,921769
4782,0,0,0,0,0,0,259667
9947,0,0,0,0,0,0,632158
5845,0,0,0,0,0,0,336351
242,0,0,0,0,0,0,522654
2684,0,0,0,0,0,0,422103
1041,0,0,0,0,0,0,462590
4540,0,0,0,0,0,0,87415
9772,0,0,0,0,0,0,621529
2045,0,0,0,0,0,0,279896
3352,0,0,0,0,0,0,509870
14139,0,0,0,0,0,0,993782
2486,0,0,0,0,0,0,694461
11707,0,0,0,0,0,0,526820
10111,0,0,0,0,0,0,316723
2744,0,0,0,0,0,0,510004
15644,0,0,0,0,0,0,798687
7739,0,0,0,0,0,0,915965
1582,0,0,0,0,0,0,994814
11119,0,0,0,0,0,0,990585
11215,0,0,0,0,0,0,570087
6057,0,0,0,0,0,0,547821
6354,0,0,0,0,0,0,404043
7702,0,0,0,0,0,0,385022
2814,0,0,0,0,0,0,488284
7528,0,0,0,0,0,0,397334
5446,0,0,0,0,0,0,654900
6419,0,0,0,0,0,0,927667
8671,0,0,0,0,0,0,676119
10352,0,0,0,0,0,0,983960
14927,0,0,0,0,0,0,729849
6274,0,0,0,0,0,0,954556
7960,0,0,0,0,0,0,618519
292,0,0,0,0,0,0,8896
9454,0,0,0,0,0,0,609732
14799,0,0,0,0,0,0,610105
3963,0,0,0,0,0,0,732671
709,0,0,0,0,0,0,960906
4308,0,0,0,0,0,0,580223
2959,0,0,0,0,0,0,352483
2740,0,0,0,0,0,0,555563
404,0,0,0,0,0,0,122158
182,0,0,0,0,0,0,932538
397,0,0,0,0,0,0,985673
4645,0,0,0,0,0,0,896423
5054,0,0,0,0,0,0,586714
1331,0,0,0,0,0,0,266960
5843,0,0,0,0,0,0,816714
1533,0,0,0,0,0,0,747844
14630,0,0,0,0,0,0,482768
5730,0,0,0,0,0,0,330656
15533,0,0,0,0,0,0,675024
3672,0,0,0,0,0,0,42651
8545,0,0,0,0,0,0,503736
11256,0,0,0,0,0,0,208352
8613,0,0,0,0,0,0,10644
1428,0,0,0,0,0,0,335842
12271,0,0,0,0,0,0,227055
7883,0,0,0,0,0,0,189539
13282,0,0,0,0,0,0,43726
14470,0,0,0,0,0,0,902503
12199,0,0,0,0,0,0,228575
14528,0,0,0,0,0,0,112647
12142,0,0,0,0,0,0,229747
2716,0,0,0,0,0,0,305756
13323,0,0,0,0,0,0,312446
14177,0,0,0,0,0,0,757181
12132,0,0,0,0,0,0,812492
12076,0,0,0,0,0,0,979745
1130,0,0,0,0,0,0,293621
2133,0,0,0,0,0,0,646222
2897,0,0,0,0,0,0,214577
9425,0,0,0,0,0,0,549099
12141,0,0,0,0,0,0,956457
5099,0,0,0,0,0,0,547143
10835,0,0,0,0,0,0,424215
5958,0,0,0,0,0,0,743956
1112,0,0,0,0,0,0,763254
1929,0,0,0,0,0,0,997363
8726,0,0,0,0,0,0,960548
9986,0,0,0,0,0,0,600600
14855,0,0,0,0,0,0,923798
6880,0,0,0,0,0,0,919168
6561,0,0,0,0,0,0,414700
2954,0,0,0,0,0,0,568284
1823,0,0,0,0,0,0,438773
3230,0,0,0,0,0,0,985183
5946,0,0,0,0,0,0,924299
4437,0,0,0,0,0,0,726515
14182,0,0,0,0,0,0,43279
6203,0,0,0,0,0,0,731311
6154,0,0,0,0,0,0,619404
11405,0,0,0,0,0,0,574581
11774,0,0,0,0,0,0,651090
13588,0,0,0,0,0,0,928880
1165,0,0,0,0,0,0,399092
2813,0,0,0,0,0,0,954107
4652,0,0,0,0,0,0,664213
600,0,0,0,0,0,0,447123
12276,0,0,0,0,0,0,553286
10051,0,0,0,0,0,0,746656
1885,0,0,0,0,0,0,923569
6219,0,0,0,0,0,0,711514
10582,0,0,0,0,0,0,594060
258,0,0,0,0,0,0,599473
11777,0,0,0,0,0,0,9498
3958,0,0,0,0,0,0,398367
10874,0,0,0,0,0,0,267062
5477,0,0,0,0,0,0,248615
5125,0,0,0,0,0,0,306164
9998,0,0,0,0,0,0,261813
4891,0,0,0,0,0,0,861937
475,0,0,0,0,0,0,203706
8156,0,0,0,0,0,0,953049
13265,0,0,0,0,0,0,895601
13550,0,0,0,0,0,0,998392
9145,0,0,0,0,0,0,275706
15680,0,0,0,0,0,0,23348
15660,0,0,0,0,0,0,85348
15209,0,0,0,0,0,0,602323
15694,0,0,0,0,0,0,971921
7431,0,0,0,0,0,0,827233
9427,0,0,0,0,0,0,928624
13072,0,0,0,0,0,0,512935
5297,0,0,0,0,0,0,353862
1930,0,0,0,0,0,0,83284
4247,0,0,0,0,0,0,985362
1731,0,0,0,0,0,0,199143
263,0,0,0,0,0,0,565232
11824,0,0,0,0,0,0,513786
2432,0,0,0,0,0,0,455197
13355,0,0,0,0,0,0,174303
14564,0,0,0,0,0,0,519571
12271,0,0,0,0,0,0,364532
8988,0,0,0,0,0,0,913406
8232,0,0,0,0,0,0,866768
6380,0,0,0,0,0,0,917756
3273,0,0,0,0,0,0,115067
8507,0,0,0,0,0,0,366439
8684,0,0,0,0,0,0,100077
721,0,0,0,0,0,0,545278
15131,0,0,0,0,0,0,489329
13256,0,0,0,0,0,0,123469
9142,0,0,0,0,0,0,457119
10620,0,0,0,0,0,0,754613
6339,0,0,0,0,0,0,719993
888,0,0,0,0,0,0,330424
2861,0,0,0,0,0,0,462499
9731,0,0,0,0,0,0,675075
1135,0,0,0,0,0,0,907322
14494,0,0,0,0,0,0,934487
3436,0,0,0,0,0,0,923853
5729,0,0,0,0,0,0,284177
4850,0,0,0,0,0,0,411907
4506,0,0,0,0,0,0,388392
2043,0,0,0,0,0,0,823935
11022,0,0,0,0,0,0,694038
10089,0,0,0,0,0,0,154806
14773,0,0,0,0,0,0,175962
5950,0,0,0,0,0,0,333368
12610,0,0,0,0,0,0,763472
370,0,0,0,0,0,0,14221
3182,0,0,0,0,0,0,689182
3129,0,0,0,0,0,0,175287
9836,0,0,0,0,0,0,193158
13246,0,0,0,0,0,0,337593
7343,0,0,0,0,0,0,410821
9357,0,0,0,0,0,0,188586
14175,0,0,0,0,0,0,725571
7605,0,0,0,0,0,0,557594
8390,0,0,0,0,0,0,289481
11389,0,0,0,0,0,0,197613
12747,0,0,0,0,0,0,599598
14040,0,0,0,0,0,0,864436
8129,0,0,0,0,0,0,422557
14330,0,0,0,0,0,0,792631
4894,0,0,0,0,0,0,1623
12635,0,0,0,0,0,0,115011
12848,0,0,0,0,0,0,955539
14549,0,0,0,0,0,0,441310
11891,0,0,0,0,0,0,81746
12035,0,0,0,0,0,0,499019
13261,0,0,0,0,0,0,178136
12503,0,0,0,0,0,0,715467
10802,0,0,0,0,0,0,703348
11468,0,0,0,0,0,0,515876
8491,0,0,0,0,0,0,414931
1956,0,0,0,0,0,0,287821
1786,0,0,0,0,0,0,330921
2825,0,0,0,0,0,0,24571
2667,0,0,0,0,0,0,124984
14338,0,0,0,0,0,0,67940
9756,0,0,0,0,0,0,222288
2768,0,0,0,0,0,0,105251
2131,0,0,0,0,0,0,375129
13218,0,0,0,0,0,0,339920
14319,0,0,0,0,0,0,756337
4260,0,0,0,0,0,0,646668
10020,0,0,0,0,0,0,496667
5542,0,0,0,0,0,0,116990
8910,0,0,0,0,0,0,93848
12622,0,0,0,0,0,0,974773
12125,0,0,0,0,0,0,843709
9966,0,0,0,0,0,0,78064
4780,0,0,0,0,0,0,794295
11381,0,0,0,0,0,0,578120
15157,0,0,0,0,0,0,113023
2085,0,0,0,0,0,0,179313
14349,0,0,0,0,0,0,269958
13299,0,0,0,0,0,0,140886
6302,0,0,0,0,0,0,347308
7467,0,0,0,0,0,0,123953
3133,0,0,0,0,0,0,57409
2912,0,0,0,0,0,0,867394
12756,0,0,0,0,0,0,618620
11128,0,0,0,0,0,0,736332
10984,0,0,0,0,0,0,856523
8347,0,0,0,0,0,0,563887
14262,0,0,0,0,0,0,568593
12608,0,0,0,0,0,0,84012
3908,0,0,0,0,0,0,281752
14647,0,0,0,0,0,0,665350
3965,0,0,0,0,0,0,507328
9068,0,0,0,0,0,0,399645
8948,0,0,0,0,0,0,429826
11402,0,0,0,0,0,0,350522
4271,0,0,0,0,0,0,962145
14689,0,0,0,0,0,0,278987
2293,0,0,0,0,0,0,952657
7296,0,0,0,0,0,0,194371
6993,0,0,0,0,0,0,153912
527,0,0,0,0,0,0,733285
11899,0,0,0,0,0,0,726429
9406,0,0,0,0,0,0,300531
4956,0,0,0,0,0,0,866073
13488,0,0,0,0,0,0,308681
10787,0,0,0,0,0,0,397333
8112,0,0,0,0,0,0,456281
9032,0,0,0,0,0,0,994847
8736,0,0,0,0,0,0,421302
2985,0,0,0,0,0,0,826325
2228,0,0,0,0,0,0,342939
7834,0,0,0,0,0,0,320614
1652,0,0,0,0,0,0,203331
10015,0,0,0,0,0,0,423404
1177,0,0,0,0,0,0,328711
5361,0,0,0,0,0,0,557559
12829,0,0,0,0,0,0,306165
3108,0,0,0,0,0,0,597792
5846,0,0,0,0,0,0,656571
11192,0,0,0,0,0,0,963438
631,0,0,0,0,0,0,360458
14403,0,0,0,0,0,0,942578
2688,0,0,0,0,0,0,121522
2643,0,0,0,0,0,0,241216
15160,0,0,0,0,0,0,423372
15298,0,0,0,0,0,0,57738
12168,0,0,0,0,0,0,465393
13625,0,0,0,0,0,0,494190
1686,0,0,0,0,0,0,981544
14725,0,0,0,0,0,0,577194
7980,0,0,0,0,0,0,467455
8749,0,0,0,0,0,0,58809
1526,0,0,0,0,0,0,574989
11965,0,0,0,0,0,0,203401
13577,0,0,0,0,0,0,40590
8353,0,0,0,0,0,0,661077
1844,0,0,0,0,0,0,884064
3756,0,0,0,0,0,0,368013
7670,0,0,0,0,0,0,227240
11299,0,0,0,0,0,0,405960
12980,0,0,0,0,0,0,262720
14800,0,0,0,0,0,0,703761
4442,0,0,0,0,0,0,95498
10487,0,0,0,0,0,0,690637
13004,0,0,0,0,0,0,970839
15635,0,0,0,0,0,0,374223
635,0,0,0,0,0,0,932956
12591,0,0,0,0,0,0,567169
8712,0,0,0,0,0,0,846063
9538,0,0,0,0,0,0,697349
13112,0,0,0,0,0,0,440934
14996,0,0,0,0,0,0,246068
11422,0,0,0,0,0,0,591598
9316,0,0,0,0,0,0,644461
11289,0,0,0,0,0,0,361793
3230,0,0,0,0,0,0,325959
3789,0,0,0,0,0,0,452810
14297,0,0,0,0,0,0,79644
10162,0,0,0,0,0,0,818836
12448,0,0,0,0,0,0,591122
9679,0,0,0,0,0,0,666063
8434,0,0,0,0,0,0,240038
10565,0,0,0,0,0,0,57836
13403,0,0,0,0,0,0,812861
15656,0,0,0,0,0,0,823544
6035,0,0,0,0,0,0,765311
4717,0,0,0,0,0,0,436176
13761,0,0,0,0,0,0,874510
2870,0,0,0,0,0,0,763678
1755,0,0,0,0,0,0,316280
1160,0,0,0,0,0,0,337444
3773,0,0,0,0,0,0,493834
4502,0,0,0,0,0,0,101206
13877,0,0,0,0,0,0,225051
874,0,0,0,0,0,0,94685
1634,0,0,0,0,0,0,912161
11283,0,0,0,0,0,0,607781
10405,0,0,0,0,0,0,416781
2881,0,0,0,0,0,0,728393
11709,0,0,0,0,0,0,991628
12643,0,0,0,0,0,0,872765
8034,0,0,0,0,0,0,544665
11424,0,0,0,0,0,0,459667
15433,0,0,0,0,0,0,547266
225,0,0,0,0,0,0,409229
7402,0,0,0,0,0,0,608467
4393,0,0,0,0,0,0,708261
4354,0,0,0,0,0,0,225681
5202,0,0,0,0,0,0,6387
12805,0,0,0,0,0,0,908151
5408,0,0,0,0,0,0,64706
14923,0,0,0,0,0,0,253497
648,0,0,0,0,0,0,658862
5644,0,0,0,0,0,0,83039
11807,0,0,0,0,0,0,174578
6345,0,0,0,0,0,0,915645
11187,0,0,0,0,0,0,872231
15010,0,0,0,0,0,0,601655
14335,0,0,0,0,0,0,290192
6233,0,0,0,0,0,0,243947
7416,0,0,0,0,0,0,924159
4173,0,0,0,0,0,0,371534
5464,0,0,0,0,0,0,165613
13375,0,0,0,0,0,0,287056
11925,0,0,0,0,0,0,730046
5178,0,0,0,0,0,0,852758
10161,0,0,0,0,0,0,599180
15545,0,0,0,0,0,0,77553
2178,0,0,0,0,0,0,443634
11063,0,0,0,0,0,0,410933
13479,0,0,0,0,0,0,222211
1605,0,0,0,0,0,0,547670
15149,0,0,0,0,0,0,147937
10585,0,0,0,0,0,0,234194
4672,0,0,0,0,0,0,296469
6513,0,0,0,0,0,0,340085
3855,0,0,0,0,0,0,847026
5289,0,0,0,0,0,0,119103
14854,0,0,0,0,0,0,560674
2920,0,0,0,0,0,0,371940
4710,0,0,0,0,0,0,126451
9970,0,0,0,0,0,0,320511
189,0,0,0,0,0,0,2039
987,0,0,0,0,0,0,567540
5425,0,0,0,0,0,0,113239
5792,0,0,0,0,0,0,759302
5615,0,0,0,0,0,0,316533
14938,0,0,0,0,0,0,68580
15681,0,0,0,0,0,0,818111
4778,0,0,0,0,0,0,414659
7152,0,0,0,0,0,0,677871
7715,0,0,0,0,0,0,898890
523,0,0,0,0,0,0,430716
6390,0,0,0,0,0,0,581756
14567,0,0,0,0,0,0,593616
6784,0,0,0,0,0,0,638001
6724,0,0,0,0,0,0,939283
12813,0,0,0,0,0,0,710691
15166,0,0,0,0,0,0,219260
11272,0,0,0,0,0,0,924098
15589,0,0,0,0,0,0,555152
7747,0,0,0,0,0,0,293964
10946,0,0,0,0,0,0,110272
4897,0,0,0,0,0,0,406551
3169,0,0,0,0,0,0,589717
953,0,0,0,0,0,0,841555
15626,0,0,0,0,0,0,398893
3104,0,0,0,0,0,0,698509
1385,0,0,0,0,0,0,199498
787,0,0,0,0,0,0,315713
8843,0,0,0,0,0,0,429851
15007,0,0,0,0,0,0,840034
9269,0,0,0,0,0,0,129296
8088,0,0,0,0,0,0,767187
9448,0,0,0,0,0,0,344267
11624,0,0,0,0,0,0,453968
9729,0,0,0,0,0,0,704322
15396,0,0,0,0,0,0,560016
3605,0,0,0,0,0,0,442792
2182,0,0,0,0,0,0,828234
14896,0,0,0,0,0,0,707989
11117,0,0,0,0,0,0,169664
7285,0,0,0,0,0,0,964448
13368,0,0,0,0,0,0,559204
14529,0,0,0,0,0,0,518054
3160,0,0,0,0,0,0,8678
8340,0,0,0,0,0,0,15297
15482,0,0,0,0,0,0,843879
7534,0,0,0,0,0,0,872999
3321,0,0,0,0,0,0,272794
14777,0,0,0,0,0,0,432130
6443,0,0,0,0,0,0,473407
5506,0,0,0,0,0,0,782153
1497,0,0,0,0,0,0,72340
11767,0,0,0,0,0,0,777606
10311,0,0,0,0,0,0,853804
5986,0,0,0,0,0,0,937488
4942,0,0,0,0,0,0,601579
5735,0,0,0,0,0,0,17830
11919,0,0,0,0,0,0,257907
1907,0,0,0,0,0,0,8546
3098,0,0,0,0,0,0,614734
13642,0,0,0,0,0,0,333098
6820,0,0,0,0,0,0,784078
10325,0,0,0,0,0,0,57608
7459,0,0,0,0,0,0,966591
714,0,0,0,0,0,0,900146
9190,0,0,0,0,0,0,885568
12991,0,0,0,0,0,0,906421
12530,0,0,0,0,0,0,517312
3770,0,0,0,0,0,0,7487
7198,0,0,0,0,0,0,824326
23,0,0,0,0,0,0,590018
11450,0,0,0,0,0,0,354410
8294,0,0,0,0,0,0,364073
1320,0,0,0,0,0,0,821856
7595,0,0,0,0,0,0,256579
14971,0,0,0,0,0,0,116953
12427,0,0,0,0,0,0,255683
11188,0,0,0,0,0,0,350353
9321,0,0,0,0,0,0,797886
9195,0,0,0,0,0,0,202700
11357,0,0,0,0,0,0,369828
15616,0,0,0,0,0,0,806310
15047,0,0,0,0,0,0,241219
8680,0,0,0,0,0,0,556248
2176,0,0,0,0,0,0,771370
