strong_cc_crossing,strong_cc_passing,strong_cc_shooting,strong_cc_positioning,ss_id,id
60,70,70,Free Form,250391,67712
50,50,50,Organised,25166,80976
30,70,55,Free Form,644765,16075
45,70,65,Free Form,801698,99728
60,70,70,Free Form,529819,66205
65,70,70,Free Form,602996,86093
60,55,40,Organised,178917,59848
55,65,65,Organised,521497,5907
70,70,66,Organised,509649,95764
65,70,65,Organised,457290,72680
70,70,70,Free Form,527671,14909
65,45,70,Organised,148465,87152
70,60,70,Free Form,789236,92870
40,65,70,Organised,707360,90968
55,65,65,Organised,16604,39018
45,65,70,Organised,804093,36292
30,70,55,Free Form,76149,58184
55,65,60,Organised,296551,90262
70,70,70,Organised,740439,3167
60,70,70,Organised,239656,7131
70,55,70,Organised,46230,93215
65,70,65,Organised,202817,62068
70,70,70,Organised,346757,78674
65,45,70,Organised,617234,68125
70,70,66,Organised,372791,40570
70,70,70,Organised,509642,11349
37,59,70,Organised,31109,9064
65,60,65,Organised,224703,78899
70,65,70,Organised,636482,17649
70,70,70,Organised,491747,17726
60,70,70,Organised,665625,6802
70,70,70,Free Form,208627,50503
70,30,30,Organised,68855,53827
70,65,70,Organised,61886,35670
60,55,40,Organised,428487,87342
45,70,65,Free Form,443807,44059
50,70,30,Organised,610283,36354
65,55,70,Organised,311470,7963
60,70,70,Organised,75008,58835
70,70,66,Organised,278741,27333
50,50,50,Organised,749579,68200
60,55,40,Organised,559777,276
45,70,65,Free Form,310801,9633
55,65,65,Organised,804127,3115
50,70,30,Organised,250789,10958
70,55,70,Organised,413479,98437
70,30,30,Organised,87898,8360
37,59,70,Organised,637024,67186
60,55,40,Organised,402221,31805
70,70,66,Organised,438154,39216
70,60,70,Free Form,68785,62353
45,70,65,Free Form,250626,88467
60,70,70,Free Form,401404,83934
50,70,30,Organised,355040,50403
45,30,40,Free Form,436518,54574
45,70,70,Organised,396263,23011
60,55,40,Organised,170682,42639
60,70,70,Free Form,157014,61322
70,60,70,Free Form,484649,14345
50,70,30,Organised,762832,58377
70,55,70,Organised,546733,100050
70,70,66,Organised,750443,81915
40,65,70,Organised,6392,14932
60,70,70,Free Form,75755,32293
70,60,70,Free Form,638657,53299
60,70,70,Free Form,231526,27450
70,55,70,Organised,810334,61197
45,70,65,Free Form,462396,41975
60,70,70,Free Form,401924,82034
60,70,70,Free Form,438543,40956
45,70,65,Free Form,247493,14652
70,70,66,Organised,388704,52700
45,70,65,Free Form,675062,81695
37,59,70,Organised,139221,69788
45,70,65,Free Form,101439,19603
60,70,70,Free Form,353848,1772
65,67,70,Organised,720913,61691
37,59,70,Organised,807051,79055
70,55,70,Organised,770761,26997
55,65,60,Organised,575482,23169
60,70,70,Free Form,762261,83855
45,70,65,Free Form,449443,67854
50,70,30,Organised,714855,38335
45,70,70,Organised,439663,10592
65,70,70,Free Form,739509,70334
60,70,70,Organised,792444,57181
70,70,70,Organised,391249,46478
70,70,70,Organised,512058,75321
70,70,66,Organised,314435,73343
37,59,70,Organised,426375,39552
70,55,70,Organised,163787,38868
65,70,70,Organised,153828,56978
70,70,70,Organised,86211,85285
65,67,70,Organised,292131,12047
55,65,65,Organised,421848,80486
70,65,70,Organised,641180,21667
45,70,65,Free Form,161041,2117
40,65,70,Organised,584273,87067
30,70,55,Free Form,219748,37920
70,70,66,Organised,380655,14544
70,70,70,Free Form,310912,59775
60,70,70,Organised,309852,80752
70,55,70,Organised,637615,86680
70,70,70,Organised,36649,67834
65,45,70,Organised,119962,71812
37,59,70,Organised,188115,84573
65,70,70,Free Form,1046,6686
60,55,40,Organised,460785,59115
70,70,70,Free Form,221489,60859
60,70,70,Organised,13007,81271
50,70,30,Organised,344522,5845
45,30,40,Free Form,733658,65528
60,70,70,Free Form,586419,18588
55,65,60,Organised,541654,44203
70,60,70,Free Form,216202,95282
30,70,55,Free Form,195550,51765
45,65,70,Organised,135957,73599
55,50,60,Organised,549558,43463
70,70,66,Organised,428496,100650
40,65,70,Organised,229488,29597
45,70,65,Free Form,476378,8615
60,70,70,Free Form,525103,48383
70,30,30,Organised,381573,78446
65,45,70,Organised,50402,27658
70,55,70,Organised,434307,12384
70,70,70,Organised,342151,3082
60,55,40,Organised,667053,2839
70,70,66,Organised,302564,19229
45,70,65,Free Form,686565,41468
65,70,70,Free Form,524805,53780
45,30,40,Free Form,785328,7459
37,59,70,Organised,727053,46061
65,67,70,Organised,55801,89075
60,70,70,Organised,175657,71146
70,65,70,Organised,175512,49816
60,70,70,Free Form,282289,83568
55,65,60,Organised,572715,57072
30,70,55,Free Form,384040,8741
70,55,70,Organised,577885,976
60,70,70,Free Form,678740,17679
60,55,40,Organised,304075,37792
70,70,66,Organised,417221,77385
70,50,70,Organised,156807,63592
70,50,70,Organised,236917,22834
70,70,70,Organised,736107,27204
70,70,70,Organised,502308,84851
47,53,57,Organised,476363,47156
49,39,53,Organised,709083,34611
45,70,66,Free Form,780335,5123
66,65,50,Organised,17057,95087
37,50,56,Free Form,416251,6845
55,41,55,Organised,659047,45625
72,67,66,Organised,637772,8683
41,70,69,Free Form,387670,88945
45,54,58,Free Form,631381,60223
50,67,38,Organised,147370,70772
53,57,55,Organised,804570,40487
70,30,40,Organised,180136,68133
54,65,57,Organised,226894,87126
45,70,66,Free Form,325452,37150
54,39,53,Organised,232586,34425
70,69,54,Free Form,487609,11158
69,56,47,Organised,783753,60067
41,70,69,Free Form,671785,9410
56,41,54,Organised,698889,50455
68,37,40,Organised,479349,99630
53,57,55,Organised,339904,98303
56,41,54,Organised,467988,45614
68,37,40,Organised,176613,52569
53,57,55,Organised,612944,92231
69,56,47,Organised,518819,38851
45,54,58,Free Form,21746,39638
48,62,62,Organised,175304,24525
70,69,54,Free Form,722018,31643
37,50,56,Free Form,81134,42298
71,26,38,Organised,74712,58748
41,70,69,Free Form,786928,13462
45,54,58,Free Form,134529,64886
70,30,40,Organised,629159,58823
66,65,50,Organised,523599,31580
55,70,30,Organised,20401,83038
64,60,50,Organised,467659,57921
45,70,66,Free Form,674077,85897
50,67,38,Organised,687841,25083
68,37,40,Organised,87888,47088
68,37,40,Organised,588157,85236
54,65,57,Organised,405438,34352
45,54,58,Free Form,544795,36540
41,70,69,Free Form,532397,79483
45,54,58,Free Form,498882,36457
48,55,55,Organised,482050,14115
37,50,56,Free Form,648017,77013
52,46,38,Organised,217952,4075
55,48,51,Organised,8704,52998
47,53,57,Organised,806691,89567
68,37,40,Organised,808022,16135
48,62,62,Organised,373440,89100
53,57,55,Organised,258917,62157
64,60,50,Organised,96757,65334
68,37,40,Organised,192648,68639
52,46,38,Organised,665451,62367
69,56,47,Organised,718893,30439
47,53,57,Organised,25692,46773
71,68,38,Organised,12354,86123
45,70,66,Free Form,167042,64218
66,65,50,Organised,334158,83259
53,57,55,Organised,580170,26792
50,67,38,Organised,343975,94340
55,70,30,Organised,650087,97406
55,41,55,Organised,168906,81919
41,70,69,Free Form,765805,74931
45,54,58,Free Form,529083,16275
37,50,56,Free Form,591957,36165
64,60,50,Organised,184598,37755
48,55,55,Organised,463514,75870
41,60,55,Organised,113623,8436
53,57,55,Organised,156290,7535
70,69,54,Free Form,770186,5954
53,57,55,Organised,302526,6571
72,68,38,Organised,416384,8826
66,65,50,Organised,537024,63772
45,54,58,Free Form,808172,55645
37,50,56,Free Form,435074,5987
45,70,66,Free Form,354808,6742
45,31,39,Organised,253662,65635
47,53,57,Organised,785460,77565
64,60,50,Organised,390943,2718
50,67,38,Organised,161762,50615
55,70,30,Organised,250055,41176
45,70,66,Free Form,318387,20859
66,65,50,Organised,620540,21508
69,56,47,Organised,261338,56433
37,50,56,Free Form,719687,25295
48,55,55,Organised,150341,47681
71,68,38,Organised,95443,78509
48,62,62,Organised,788091,22256
50,67,38,Organised,779607,97820
53,57,55,Organised,506313,86394
70,30,40,Organised,719887,85030
66,65,50,Organised,598768,32372
41,60,55,Organised,810404,87457
45,31,39,Organised,355498,62728
37,38,49,Organised,705974,67898
74,39,61,Organised,45754,30927
63,70,48,Organised,440224,78197
67,51,51,Organised,482371,50095
48,48,63,Organised,330129,21142
57,56,46,Organised,685314,90647
67,38,43,Organised,181636,96106
65,65,50,Organised,311124,33936
50,50,65,Organised,108150,10411
52,68,61,Organised,335921,71866
52,28,48,Organised,750758,33351
50,65,50,Free Form,736620,88039
67,70,43,Organised,147489,72191
36,41,68,Free Form,443636,92489
50,65,54,Organised,301141,54668
50,65,54,Organised,108668,52978
68,52,50,Organised,692271,69666
63,70,48,Organised,759812,24690
44,57,54,Organised,283428,20797
49,48,39,Organised,577644,56969
60,47,52,Organised,318068,10346
45,67,66,Organised,779266,8737
67,51,51,Organised,292349,39074
48,48,63,Organised,86359,83225
50,65,35,Organised,163232,44208
49,48,39,Organised,1029,73430
37,41,56,Free Form,725163,47602
45,37,32,Organised,802391,61121
44,57,54,Organised,637005,59224
65,65,50,Organised,156709,20089
36,41,68,Free Form,239766,100011
51,38,49,Organised,481546,18290
67,51,51,Organised,443069,16753
45,67,66,Organised,333665,71238
74,39,61,Organised,27439,22673
52,28,48,Organised,81001,88897
44,57,54,Organised,660481,27698
50,50,65,Organised,595576,8673
50,40,50,Organised,354388,11386
37,38,49,Organised,348735,96694
42,33,42,Organised,151654,91669
44,57,54,Organised,586378,87362
48,48,63,Organised,104599,64223
45,67,66,Organised,413394,95320
50,50,65,Organised,676619,81003
74,39,61,Organised,764221,74526
37,41,56,Free Form,183458,96356
50,65,50,Free Form,33954,74970
52,49,52,Organised,567696,69717
63,70,48,Organised,293352,91110
52,28,48,Organised,558506,52166
48,48,63,Organised,541637,2847
65,65,50,Organised,169743,82922
37,41,56,Free Form,754854,6506
67,51,51,Organised,325921,89600
63,70,48,Organised,551360,12438
48,48,63,Organised,221928,1414
52,28,48,Organised,540310,45137
37,41,56,Free Form,719077,10860
65,65,50,Organised,306025,47886
52,49,52,Organised,204609,77947
48,48,63,Organised,575923,96321
37,41,56,Free Form,235725,41007
67,51,51,Organised,252752,34365
37,41,56,Free Form,10402,64023
48,48,63,Organised,453810,8012
37,41,56,Free Form,54062,37157
49,48,39,Organised,736768,87694
45,67,66,Organised,480806,56683
74,39,61,Organised,281561,43897
50,65,54,Organised,424455,95496
67,51,51,Organised,451126,5358
52,49,52,Organised,514396,23519
48,48,63,Organised,701022,1340
58,68,40,Organised,212673,55755
45,50,62,Organised,665216,85673
60,47,52,Organised,233874,37953
63,70,48,Organised,65122,94727
55,40,55,Organised,526204,13326
67,70,43,Organised,394199,97597
44,57,54,Organised,175389,2934
44,57,54,Organised,457639,53675
65,65,50,Organised,33360,41383
50,65,50,Free Form,273621,41471
52,49,52,Organised,97547,91562
45,67,66,Organised,167578,88906
63,70,48,Organised,330418,13497
45,37,32,Organised,184814,96034
48,48,63,Organised,210146,49794
57,56,46,Organised,195133,57745
50,50,65,Organised,164510,67170
45,67,66,Organised,196971,93753
52,68,61,Organised,449895,24350
36,41,68,Free Form,464807,72824
50,65,50,Free Form,545878,17632
44,57,54,Organised,768099,87298
36,41,68,Free Form,702106,63934
51,38,49,Organised,387254,89950
50,65,54,Organised,516514,49016
48,48,63,Organised,441504,78366
42,33,42,Organised,215352,23447
52,28,48,Organised,598186,78953
45,37,32,Organised,150677,99892
49,48,39,Organised,756216,67971
57,56,46,Organised,41368,90273
36,41,68,Free Form,609257,26376
50,50,65,Organised,468539,40412
48,48,63,Organised,3220,29951
49,48,39,Organised,365838,91773
65,65,50,Organised,310931,14751
52,28,48,Organised,289537,76295
45,67,66,Organised,719402,49992
37,41,56,Free Form,632976,47380
67,51,51,Organised,234575,60990
73,59,53,Organised,451232,26713
44,57,54,Organised,407292,93992
52,68,61,Organised,307170,55838
50,40,50,Organised,302870,10365
65,65,50,Organised,552293,6366
78,22,30,Organised,457920,17982
48,48,63,Organised,493368,65720
50,65,50,Free Form,531836,23121
57,56,46,Organised,135596,66995
63,70,48,Organised,326438,30809
67,51,51,Organised,444816,48138
49,48,39,Organised,740067,20918
44,57,54,Organised,673433,73188
52,68,61,Organised,749493,12913
73,59,53,Organised,263978,48895
39,33,68,Organised,10010,17570
42,33,42,Organised,89858,30728
50,65,54,Organised,248088,44707
74,39,61,Organised,338235,41519
67,51,51,Organised,792130,45608
48,48,63,Organised,595129,1958
45,37,32,Organised,452415,734
50,40,50,Organised,418310,8980
65,65,50,Organised,294064,61018
52,28,48,Organised,27923,22205
55,48,55,Organised,334076,39001
37,41,56,Free Form,671445,13356
36,41,68,Free Form,687824,79884
65,65,50,Organised,594530,16247
36,41,68,Free Form,118828,79003
50,50,65,Organised,243159,491
56,53,56,Free Form,684701,74623
55,48,55,Organised,90657,20682
50,65,54,Organised,296313,51858
37,41,56,Free Form,433008,62143
39,33,68,Organised,146173,1346
32,50,67,Free Form,237429,67846
42,57,54,Organised,390340,18259
36,41,68,Free Form,46496,33976
32,50,67,Free Form,697142,52892
51,38,49,Organised,278449,55700
32,33,48,Organised,360139,2195
37,41,56,Free Form,287713,88466
50,40,50,Organised,525471,19520
58,68,40,Organised,615030,67138
62,55,39,Organised,37765,15751
49,48,39,Organised,150271,4299
50,50,65,Organised,606774,55994
42,57,54,Organised,599355,91959
58,68,40,Organised,317775,40703
42,57,54,Organised,93314,55447
41,54,61,Organised,604389,51844
57,51,51,Organised,178132,13289
37,56,33,Free Form,97623,41878
49,48,39,Organised,175103,15270
42,57,54,Organised,597909,1441
41,54,61,Organised,655821,83611
52,49,52,Organised,572871,56917
36,41,68,Free Form,294068,39564
39,33,68,Organised,151778,36527
25,32,32,Organised,163581,59098
70,66,53,Organised,85118,75390
50,65,54,Organised,458111,98840
50,35,65,Organised,337744,80639
52,33,48,Free Form,674398,49385
42,57,54,Organised,633436,99430
50,65,54,Organised,127978,42464
50,50,65,Organised,501454,44551
36,41,68,Free Form,668195,64979
37,41,56,Free Form,620278,65741
32,50,67,Free Form,624616,57369
70,66,53,Organised,324137,34090
37,41,56,Free Form,6391,53301
42,57,54,Organised,588363,49913
70,66,53,Organised,701696,70898
42,57,54,Organised,86668,5629
37,41,56,Free Form,603076,86670
37,41,56,Free Form,300713,70463
70,66,53,Organised,510271,5753
50,78,45,Organised,74565,23495
37,38,49,Organised,299827,2908
52,49,52,Organised,794531,72976
37,41,56,Free Form,646724,28216
57,51,51,Organised,328830,27933
67,64,43,Organised,291147,77289
41,54,61,Organised,195334,16250
56,53,56,Free Form,471777,36123
70,66,53,Organised,414021,65637
50,35,65,Organised,514826,74449
73,59,53,Organised,258931,7580
55,70,35,Organised,53592,31691
52,33,52,Organised,390963,66730
52,33,48,Free Form,713216,94593
39,33,68,Organised,101868,93935
42,57,54,Organised,471060,32537
25,32,32,Organised,301423,20720
50,65,54,Organised,1594,75463
50,50,65,Organised,704183,28809
37,41,56,Free Form,89720,48989
41,54,61,Organised,694174,63005
39,33,68,Organised,800283,46118
70,66,53,Organised,272565,39766
52,33,48,Free Form,694414,46194
32,33,48,Organised,419012,594
32,50,67,Free Form,438702,84431
55,48,55,Organised,630394,81981
37,56,33,Free Form,500128,83116
42,57,54,Organised,586754,17912
37,38,49,Organised,495681,61580
50,65,50,Organised,34299,78102
42,57,54,Organised,110161,27114
70,66,53,Organised,239960,37747
45,37,32,Organised,109358,57417
36,41,68,Free Form,499152,18864
49,48,39,Organised,123654,89608
37,41,56,Free Form,797280,49266
32,50,67,Free Form,386205,7009
58,68,40,Organised,448894,14364
50,35,65,Organised,659608,54601
36,41,68,Free Form,489269,96308
50,50,65,Organised,718798,89091
70,66,53,Organised,503821,73315
32,50,67,Free Form,365614,91407
52,49,52,Organised,87805,98921
41,54,61,Organised,458901,100634
62,55,39,Free Form,649455,13747
52,68,61,Organised,82439,78669
39,33,68,Organised,218936,88537
32,33,48,Organised,315485,86761
42,57,54,Organised,500254,12893
56,53,56,Free Form,52981,66786
50,65,54,Organised,730964,95000
57,51,51,Organised,558766,66755
52,49,52,Organised,303604,35005
50,50,65,Organised,453816,71453
50,35,65,Organised,312083,65678
41,54,61,Organised,263259,77483
45,37,32,Organised,785270,36340
62,55,39,Free Form,411228,50563
36,41,68,Free Form,712885,92720
37,56,33,Free Form,291878,51735
36,41,68,Free Form,364337,58728
51,38,49,Organised,18391,86108
57,51,51,Organised,609011,6261
60,47,52,Organised,140957,95648
41,54,61,Organised,506713,9329
45,37,32,Organised,348166,52368
52,33,48,Free Form,486650,23431
50,66,35,Organised,642481,6965
49,48,39,Organised,691759,62756
37,38,49,Organised,571288,80125
42,57,54,Organised,767684,94745
41,54,61,Organised,522777,59776
62,55,39,Free Form,364939,521
52,68,61,Organised,214694,85927
52,33,52,Organised,770564,5750
60,47,52,Organised,733133,97286
55,70,35,Organised,249913,52479
37,41,56,Free Form,805900,31189
52,33,48,Free Form,62493,58318
58,68,40,Organised,470222,21741
52,33,52,Organised,430303,90321
58,68,40,Organised,91499,96050
50,66,35,Organised,183299,18230
50,65,50,Organised,756679,80574
32,50,67,Organised,765964,1168
37,56,33,Organised,261969,34529
56,53,52,Organised,433320,82715
67,56,51,Organised,725686,51183
52,49,52,Organised,633854,33375
48,48,63,Organised,810452,80225
60,51,52,Organised,652532,53587
68,47,52,Organised,236346,36404
36,36,38,Organised,332872,30263
52,30,48,Free Form,411999,39600
36,41,68,Free Form,695621,61249
42,57,54,Organised,79407,46964
37,41,56,Free Form,430395,9787
49,48,52,Organised,761863,49529
48,48,63,Organised,375464,83276
62,55,39,Organised,210520,96564
56,53,52,Organised,406338,3208
51,38,49,Organised,708811,42978
49,48,52,Organised,44831,11263
66,51,57,Organised,15250,31469
52,49,52,Organised,419749,62621
39,33,68,Organised,684519,93854
68,52,50,Organised,188357,96534
67,56,51,Organised,155698,3083
66,51,57,Organised,654290,34128
37,41,56,Free Form,62370,19024
32,50,67,Organised,569736,96063
70,66,53,Organised,760742,78101
58,68,40,Organised,765597,78575
74,70,49,Organised,195303,56855
52,30,48,Free Form,652417,75645
52,49,52,Organised,333277,59251
48,48,63,Organised,605681,98968
37,56,33,Organised,114442,37483
49,48,52,Organised,618437,80679
56,53,52,Organised,181520,856
51,48,43,Organised,460727,56875
67,56,51,Organised,160351,38975
62,55,39,Organised,477956,15696
60,51,52,Organised,147584,60315
52,30,48,Free Form,46543,66218
36,41,68,Free Form,142213,48
52,30,48,Free Form,775790,83149
50,65,54,Organised,12254,100681
68,52,50,Organised,747432,7042
37,41,56,Free Form,253107,30815
50,50,65,Organised,440393,39691
70,66,53,Organised,67127,9733
51,48,43,Organised,577051,77585
48,48,63,Organised,222630,5193
42,57,54,Organised,785793,67224
74,70,49,Organised,477261,66734
62,55,39,Organised,526195,9299
37,41,56,Free Form,629067,10865
50,50,65,Organised,466853,47693
67,56,51,Organised,739211,42151
52,49,52,Organised,228967,77294
37,56,33,Organised,601424,48557
52,30,48,Free Form,153731,62183
37,41,56,Free Form,523395,73311
42,57,54,Organised,670319,59653
52,55,39,Free Form,46424,5816
73,59,53,Organised,374631,66868
70,66,53,Organised,664220,100227
52,49,52,Organised,794882,20405
37,56,33,Organised,623222,36112
46,52,63,Organised,391900,84390
42,57,54,Organised,398989,54906
50,50,65,Organised,160628,95473
52,55,39,Free Form,588707,41555
36,41,68,Free Form,111167,28322
37,56,33,Organised,437342,69418
42,57,54,Organised,97066,52449
46,52,63,Organised,734595,25544
36,41,68,Free Form,757774,65974
46,52,63,Organised,191951,67963
36,41,68,Free Form,312873,21596
42,57,54,Organised,115971,43441
46,52,63,Organised,90834,51930
56,53,52,Organised,235193,26271
56,53,52,Organised,500326,33506
56,53,52,Organised,416761,10814
56,53,52,Organised,412119,64241
49,48,52,Organised,488845,4735
49,48,52,Organised,29968,59664
49,48,52,Organised,626363,25915
49,48,52,Organised,246901,98
67,56,51,Organised,554340,78006
67,56,51,Organised,37257,19818
67,56,51,Organised,168186,36336
67,56,51,Organised,99731,73943
46,52,63,Free Form,74539,71635
46,52,63,Free Form,755334,67464
48,48,63,Organised,655024,34971
48,48,63,Organised,660168,98226
37,56,33,Organised,586342,19818
37,56,33,Organised,213890,65957
37,56,33,Free Form,544886,24638
37,56,33,Free Form,148672,97939
37,41,56,Free Form,150176,65595
37,41,56,Free Form,26984,23124
37,41,56,Free Form,426807,35092
37,41,56,Free Form,242060,18190
70,66,53,Organised,578772,53327
70,66,53,Organised,160294,95347
63,38,42,Organised,778573,74421
63,38,42,Organised,656236,34593
38,45,45,Free Form,438725,29649
38,45,45,Free Form,371767,56815
50,78,45,Organised,366784,62854
50,78,45,Organised,641400,44432
58,68,38,Organised,628437,11131
50,65,54,Organised,362471,98631
58,68,40,Organised,505602,69338
50,65,54,Organised,275818,89992
46,52,63,Free Form,8576,84267
46,52,63,Free Form,332126,42152
48,48,63,Organised,535403,25109
48,48,63,Organised,371330,76738
60,51,52,Organised,430909,33505
60,51,52,Organised,678588,97865
60,51,52,Organised,691319,78799
60,51,52,Organised,12747,84117
45,50,62,Organised,327220,21451
45,50,62,Organised,647113,84800
64,47,52,Organised,639795,33347
64,47,52,Organised,782568,55446
39,33,68,Organised,796930,81569
39,33,68,Organised,456018,68775
39,33,68,Organised,442195,853
39,33,68,Organised,149319,25442
34,51,37,Organised,422087,75478
32,50,67,Organised,619939,39103
34,51,37,Organised,705422,91311
32,50,67,Organised,688814,67366
67,56,51,Organised,193787,65011
67,56,51,Organised,315387,39712
67,56,51,Organised,213601,79264
67,56,51,Organised,146073,89998
52,55,39,Free Form,87137,5408
52,55,39,Free Form,365744,39780
52,55,39,Free Form,732099,41796
52,55,39,Free Form,792022,60515
58,68,38,Organised,153535,3443
58,68,38,Organised,642327,95005
58,68,40,Organised,311944,378
58,68,40,Organised,704572,50299
70,66,53,Organised,518878,66416
63,38,42,Organised,370309,82504
70,66,53,Organised,274649,24170
63,38,42,Organised,84385,67124
73,59,53,Organised,614240,25987
73,59,53,Organised,746120,77828
68,52,50,Organised,351107,16706
68,52,50,Organised,392672,54615
51,48,43,Organised,216842,47600
66,64,49,Organised,546977,5659
32,33,48,Organised,185308,22921
49,48,52,Organised,430593,33000
42,57,54,Organised,52813,34516
60,51,52,Organised,198059,49433
52,49,52,Organised,607649,25757
48,48,63,Organised,657076,60599
69,40,55,Organised,230941,93351
52,68,61,Organised,377727,99647
52,30,48,Free Form,401211,82517
69,40,55,Organised,309452,3633
48,48,63,Organised,286278,60412
60,51,52,Organised,795881,54882
36,36,38,Organised,81359,93401
52,55,39,Organised,490763,98741
42,57,54,Organised,379052,59210
64,47,52,Organised,97594,26258
32,33,48,Organised,771015,79852
69,40,55,Organised,787412,8540
50,40,50,Organised,95581,63476
50,50,65,Organised,525687,34937
66,64,49,Organised,326642,5450
67,56,51,Organised,527844,35448
37,36,45,Free Form,493353,7962
42,57,54,Organised,29409,41187
25,32,32,Organised,450961,48721
50,65,54,Organised,13186,28813
52,49,52,Organised,289634,53709
66,64,49,Organised,732842,62343
50,40,50,Organised,551726,87848
32,33,48,Organised,726991,10587
36,34,68,Free Form,285021,95676
51,38,49,Organised,247611,58642
67,56,51,Organised,391880,82309
50,50,65,Organised,413644,5830
48,48,63,Organised,628561,56208
73,59,53,Organised,214440,10337
73,59,53,Organised,653621,61009
68,52,50,Organised,267752,43752
73,59,53,Organised,669979,19936
38,45,45,Free Form,680283,36887
39,33,68,Organised,302821,33952
73,59,53,Organised,350725,25872
50,65,54,Organised,767873,20775
65,55,30,Organised,415493,52393
51,38,49,Organised,684570,34045
48,48,63,Organised,34977,33839
55,40,55,Organised,29930,24068
52,49,52,Organised,404293,74334
63,38,42,Organised,121808,23446
52,55,39,Organised,752816,46310
42,57,54,Organised,111560,74546
52,49,52,Organised,154410,32280
70,60,62,Organised,185898,97241
47,36,38,Organised,400631,42364
45,50,62,Organised,356894,54829
67,56,51,Organised,365542,8789
38,45,45,Free Form,344952,76292
41,38,57,Free Form,677877,61374
25,32,32,Organised,231545,56850
51,48,43,Organised,222402,49815
58,68,38,Organised,807474,93557
52,55,39,Organised,351556,56469
42,57,54,Organised,561964,73092
52,49,52,Organised,373083,37804
67,56,51,Organised,725173,50956
64,33,37,Organised,425837,43534
49,48,52,Organised,773834,12732
48,48,63,Organised,273043,33077
50,65,54,Organised,322437,14216
58,68,38,Organised,298100,42539
37,36,45,Free Form,307908,16484
36,34,68,Free Form,629127,20258
55,62,42,Organised,740183,92813
50,40,50,Organised,70666,6311
69,40,55,Organised,594140,9082
42,57,54,Organised,312505,80652
50,50,65,Organised,243600,19298
66,64,49,Organised,426879,4126
67,56,51,Organised,508572,24628
50,65,54,Organised,763295,76536
50,65,50,Organised,780689,11465
36,34,68,Free Form,792205,1022
52,30,48,Free Form,643305,59926
47,36,38,Free Form,514773,44658
42,57,54,Organised,461068,91409
50,65,50,Organised,48512,4439
50,65,54,Organised,129795,19544
58,68,38,Organised,90886,77435
34,51,37,Organised,431739,5935
42,57,54,Organised,394733,77573
50,50,65,Organised,631139,82526
50,65,54,Organised,506274,22055
50,65,50,Organised,21024,47380
36,34,68,Free Form,800994,49890
42,57,54,Organised,49385,89103
50,65,54,Organised,469812,89648
36,34,68,Free Form,311715,45540
50,65,50,Organised,41012,63525
36,34,68,Free Form,398701,24655
52,68,61,Organised,305651,43617
48,48,63,Organised,707337,99401
70,60,62,Organised,721809,55245
69,40,55,Organised,498980,83689
52,49,52,Organised,730556,18038
50,65,54,Organised,162457,20856
66,64,49,Organised,17921,90365
51,48,43,Organised,503630,25810
60,42,42,Organised,442072,12461
52,55,39,Organised,12699,87146
55,62,42,Organised,141311,48808
70,60,62,Organised,697973,72007
48,48,63,Organised,575171,28846
67,56,51,Organised,131835,26328
36,34,68,Free Form,307480,34074
64,33,37,Organised,45540,65449
36,34,68,Free Form,586503,40919
34,51,37,Organised,115847,76309
42,57,54,Organised,727495,52602
50,50,65,Organised,771481,58007
48,48,63,Organised,216684,48260
70,60,62,Organised,20702,72745
52,30,48,Free Form,323504,86828
69,40,55,Organised,621796,91537
47,36,38,Free Form,604087,64904
25,32,32,Organised,297127,82163
49,48,52,Organised,498688,38184
58,68,38,Organised,801553,30051
52,49,52,Organised,368180,92792
53,47,53,Organised,350030,92373
70,60,62,Organised,75110,64794
47,36,38,Free Form,793307,55891
42,57,54,Organised,354674,9177
50,65,50,Organised,477237,79459
60,42,42,Organised,686290,92460
52,55,39,Organised,546158,21314
36,34,68,Free Form,692266,60819
50,65,54,Organised,220612,58798
50,50,65,Organised,453999,26171
25,32,32,Organised,40680,79216
50,50,65,Organised,789428,44691
34,51,37,Organised,317824,350
52,68,61,Organised,328208,46517
36,34,68,Free Form,63364,56974
37,36,45,Free Form,439516,16043
48,48,63,Organised,291210,39881
50,65,50,Organised,694913,28434
41,38,57,Free Form,489339,44528
52,55,39,Organised,20640,81004
52,30,48,Free Form,255966,67947
64,33,37,Organised,291091,16499
52,68,61,Organised,374312,53705
51,48,43,Organised,189036,6930
42,57,54,Organised,327715,51492
36,34,68,Free Form,691196,1233
51,38,49,Organised,672892,33186
52,49,52,Organised,154734,65944
60,42,42,Organised,650731,52517
32,33,48,Organised,456471,68236
47,36,38,Free Form,87656,39599
49,48,52,Organised,31687,82312
34,51,37,Organised,174661,6209
25,32,32,Organised,68867,97206
64,33,37,Organised,785279,53419
73,59,53,Organised,537380,91708
50,50,65,Organised,252151,94624
36,34,68,Free Form,660454,85806
55,40,55,Organised,419221,51548
32,33,48,Organised,20755,40808
41,38,57,Free Form,315408,96103
50,65,50,Organised,734220,57325
45,58,58,Organised,416069,38818
46,53,40,Organised,424253,81019
42,57,54,Organised,126189,11972
58,68,37,Organised,431978,43891
59,59,43,Organised,429774,27548
52,49,52,Organised,370544,39560
52,30,48,Free Form,641490,16007
68,58,50,Organised,501158,53022
48,48,63,Organised,540031,12972
47,36,56,Free Form,503283,8347
41,38,57,Free Form,173923,43725
67,66,45,Organised,314675,29615
36,34,68,Free Form,693940,96047
45,58,58,Organised,396167,99687
50,50,65,Organised,427361,17465
67,56,51,Organised,3297,16188
52,49,52,Organised,143464,3816
48,48,63,Organised,232010,17527
58,68,37,Organised,349901,46378
52,68,61,Organised,668724,33142
42,57,54,Organised,677516,85575
52,30,48,Free Form,426265,70721
51,38,49,Organised,510742,72655
68,58,50,Organised,129055,39666
64,33,37,Organised,760306,1415
34,51,37,Organised,353081,24175
50,65,54,Organised,652478,50985
73,59,53,Organised,51885,84831
67,56,51,Organised,394582,63499
67,56,51,Organised,509850,73061
52,55,39,Organised,362135,41431
58,68,37,Organised,319617,90612
33,36,46,Free Form,440398,10366
60,42,42,Organised,231006,27680
52,30,48,Free Form,60587,55247
52,49,52,Organised,385400,62126
64,33,37,Organised,625342,52205
33,36,46,Free Form,574132,88280
61,62,57,Organised,665855,96102
52,55,39,Organised,372715,65111
67,56,51,Organised,699095,10613
50,50,65,Organised,339714,34762
63,60,62,Organised,248726,45938
52,55,39,Organised,347319,42938
42,57,54,Organised,191626,29818
52,49,52,Organised,537898,25201
48,48,63,Organised,404394,75061
33,36,46,Free Form,355563,51910
34,51,37,Organised,181775,38417
45,58,58,Organised,42279,4865
64,33,37,Organised,370693,60035
36,34,68,Free Form,355595,77714
60,42,42,Organised,51318,2473
63,60,62,Organised,777205,34486
51,38,49,Organised,369174,35408
50,50,65,Organised,172469,32873
50,65,50,Organised,266889,59752
34,51,37,Organised,660749,7311
44,68,50,Organised,292816,85764
52,49,52,Organised,303404,78098
67,56,51,Organised,771192,79480
49,54,36,Free Form,631807,19241
42,57,54,Organised,642124,17465
47,36,56,Free Form,446589,10560
33,36,46,Free Form,20971,79144
50,40,50,Organised,160638,6610
58,68,37,Organised,690286,21447
41,38,57,Free Form,374030,69091
36,34,68,Free Form,152237,61312
30,61,66,Organised,630367,46322
59,59,43,Organised,166926,88467
67,56,51,Organised,561568,63069
48,48,63,Organised,557269,95976
49,54,36,Free Form,238767,69530
60,42,42,Organised,187496,74321
50,50,65,Organised,363537,37527
41,38,57,Free Form,546274,33488
36,34,68,Free Form,507399,81505
33,36,46,Free Form,229442,58195
44,68,50,Organised,189676,65817
52,30,48,Free Form,42986,26702
52,49,52,Organised,103808,100763
61,62,57,Organised,97118,33049
45,58,58,Organised,82990,64320
48,48,63,Organised,677900,27346
36,34,68,Free Form,567846,67073
50,50,65,Organised,342685,13933
52,30,48,Free Form,299283,35743
60,42,42,Organised,168997,71246
33,36,46,Free Form,52919,18736
59,59,43,Organised,96838,66069
50,50,65,Organised,798360,13388
46,53,40,Organised,73060,8214
36,34,68,Free Form,165961,3450
52,49,52,Organised,440905,41417
33,36,46,Free Form,538913,24007
41,38,57,Free Form,732942,99125
52,30,48,Free Form,673921,33040
33,36,46,Free Form,4313,72065
48,48,63,Organised,653215,24694
52,30,48,Free Form,525130,1916
48,48,63,Organised,426958,38826
52,49,52,Organised,48530,97879
48,48,63,Organised,337054,56343
45,58,58,Organised,64203,13276
36,34,68,Free Form,136532,53093
41,38,57,Free Form,561646,37955
50,65,50,Organised,288919,95384
50,50,65,Organised,23230,70833
42,57,54,Organised,636391,36093
52,49,52,Organised,713844,79629
52,55,39,Organised,240723,59429
44,68,50,Organised,192139,99095
56,53,52,Organised,411237,41077
48,48,63,Organised,174471,65088
42,57,54,Organised,652021,86232
44,68,50,Organised,477621,14033
50,65,50,Organised,603669,33883
66,51,57,Organised,239802,41689
52,55,39,Organised,361405,18511
52,30,48,Free Form,645429,84797
34,51,37,Organised,33807,83435
36,34,68,Free Form,579148,56782
30,61,66,Organised,291745,41416
42,57,54,Organised,398805,2276
44,68,50,Organised,195488,78703
41,38,57,Free Form,111929,65344
50,50,65,Organised,735039,17479
36,34,68,Free Form,32850,50350
34,51,37,Organised,93239,63472
52,49,52,Organised,364121,36008
59,59,43,Organised,73444,67000
48,48,63,Organised,543741,87247
58,68,37,Organised,459293,43399
47,36,56,Free Form,420727,47093
52,49,52,Organised,457529,51088
64,33,37,Organised,62503,85298
36,34,68,Free Form,749731,64397
50,65,50,Organised,450142,68058
44,68,50,Organised,185552,85432
34,51,37,Organised,477691,75974
48,48,63,Organised,39559,65528
67,56,51,Organised,656863,8828
42,57,54,Organised,503848,7537
33,36,46,Free Form,621717,56030
42,57,54,Organised,85687,67912
44,68,50,Organised,320363,94680
32,33,48,Organised,422811,85773
34,51,37,Organised,239028,89433
38,32,32,Organised,730216,85393
56,53,52,Organised,726733,82781
67,56,51,Organised,356461,46880
52,49,52,Organised,163395,80907
47,36,56,Free Form,32473,2784
30,61,66,Organised,396369,30768
47,36,56,Free Form,135129,38248
36,34,68,Free Form,583695,19575
32,33,48,Organised,795364,72578
34,51,37,Organised,206692,16822
51,38,49,Organised,78661,64950
50,65,50,Organised,40431,31588
41,38,57,Free Form,573355,69938
52,49,52,Organised,719108,2369
48,48,63,Organised,232469,55159
42,57,54,Organised,601289,73938
61,62,57,Organised,69909,65298
73,59,53,Organised,635160,80605
42,57,54,Organised,487013,28809
53,46,65,Organised,788023,2514
48,48,63,Organised,806914,29841
55,40,55,Organised,31562,16112
36,34,68,Free Form,489798,46020
50,50,65,Organised,689975,66429
32,33,48,Organised,568197,65421
42,57,54,Organised,6695,42244
38,32,32,Organised,355514,71830
50,40,50,Organised,594536,37128
55,60,33,Organised,463002,87490
45,58,58,Organised,501083,3887
33,36,46,Free Form,230578,49051
52,55,39,Organised,219727,46778
52,34,48,Free Form,693021,43095
52,68,61,Organised,518897,72253
58,46,50,Organised,343760,60728
55,40,55,Organised,730509,36324
54,61,66,Organised,266136,73761
36,34,68,Free Form,398000,13708
42,57,54,Organised,290233,63026
42,63,64,Organised,442278,49310
50,50,65,Organised,214470,71284
41,38,57,Free Form,440531,2356
60,42,42,Organised,785686,28952
34,51,37,Organised,629063,16997
52,34,48,Free Form,273815,69138
33,36,46,Free Form,758896,35671
58,68,37,Organised,188000,85019
57,49,52,Organised,348196,47032
49,54,36,Free Form,326843,11229
34,51,37,Organised,460790,88830
52,55,39,Organised,744172,61201
33,36,46,Free Form,74940,91345
55,60,33,Organised,411929,97361
48,48,63,Organised,145782,23831
60,42,42,Organised,212290,86604
41,38,57,Free Form,219729,95078
50,65,50,Organised,492530,11306
32,33,48,Organised,482925,63023
42,57,54,Organised,719232,77293
42,63,64,Organised,1195,79598
57,49,52,Organised,282143,18361
56,53,52,Organised,803546,5823
47,36,56,Free Form,615879,82239
67,56,51,Organised,527793,37185
54,61,66,Organised,389915,79214
58,68,37,Organised,282038,14331
42,57,54,Organised,322045,33379
50,50,65,Organised,275261,98317
57,49,52,Organised,509798,71284
64,43,37,Organised,399992,89640
42,63,64,Organised,259482,39365
42,63,64,Organised,39862,79283
52,34,48,Free Form,387611,70987
48,48,63,Organised,511885,13594
52,34,48,Free Form,696497,56018
65,47,35,Organised,535322,16459
48,48,63,Organised,466496,80934
58,68,37,Organised,730108,10866
42,63,64,Organised,506357,12039
48,48,63,Organised,546754,98457
52,34,48,Free Form,237736,9373
48,48,63,Organised,262177,74958
58,68,37,Organised,112513,83232
48,48,63,Organised,585537,34368
52,34,48,Free Form,701448,50464
42,57,54,Organised,237886,57811
64,43,37,Organised,725537,38079
42,63,64,Organised,683656,77525
57,49,52,Organised,785197,58159
50,65,50,Organised,534700,22073
36,34,68,Free Form,276880,27791
50,50,65,Organised,386105,86993
48,48,63,Organised,710305,74432
47,36,56,Free Form,275946,10542
41,38,57,Free Form,474458,9862
54,61,66,Organised,649654,55676
33,36,46,Free Form,170618,85360
52,34,48,Free Form,745525,15855
52,55,39,Organised,788848,32854
48,48,63,Organised,435983,89932
56,53,52,Organised,270085,42278
36,34,68,Free Form,63446,100484
42,63,64,Organised,512901,69200
42,57,54,Organised,631370,35482
50,65,50,Organised,523447,6127
34,51,37,Organised,64261,43145
36,36,36,Free Form,311486,60627
33,40,42,Organised,259123,51390
45,35,45,Organised,637489,3037
45,71,73,Organised,314647,66982
41,55,49,Organised,206499,88521
40,20,26,Free Form,396537,59959
43,67,61,Organised,252128,89893
62,32,52,Organised,466392,37368
53,24,35,Organised,569838,29264
55,59,60,Organised,32541,97426
42,68,45,Organised,595885,50502
55,79,61,Organised,436934,31633
46,36,46,Organised,572805,57882
62,32,52,Organised,151384,96697
49,63,67,Organised,55608,31433
33,40,42,Organised,514305,100562
36,36,36,Free Form,164476,71382
48,42,63,Organised,33094,45651
62,36,57,Organised,333528,77345
45,71,73,Organised,59518,15221
58,54,62,Free Form,501949,48152
43,67,61,Organised,419039,99463
41,75,62,Organised,583483,88702
55,59,60,Organised,283965,87867
62,32,52,Organised,363599,39224
48,42,63,Organised,535985,69613
66,36,56,Free Form,222648,47033
40,20,26,Free Form,675118,217
53,24,35,Organised,208791,54024
43,67,61,Organised,342522,96344
58,54,62,Free Form,686422,22247
80,64,78,Organised,63539,79697
42,68,45,Organised,219769,22773
80,46,56,Organised,536261,86723
36,36,36,Free Form,422616,73024
55,59,60,Organised,402284,89679
48,72,73,Organised,796117,24845
80,64,78,Organised,463568,16195
56,52,34,Free Form,237244,64932
43,67,61,Organised,427247,69793
45,71,73,Organised,50281,70357
33,40,42,Organised,725429,89023
40,20,26,Free Form,146781,72083
42,68,45,Organised,436375,47021
58,54,62,Free Form,616183,80553
48,42,63,Organised,642824,53601
32,27,20,Free Form,21718,23545
80,46,56,Organised,260906,99065
42,68,45,Organised,344204,54376
49,63,67,Organised,686467,82454
40,40,40,Organised,537977,2053
53,24,35,Organised,440903,4343
32,27,20,Free Form,455489,62230
55,59,60,Organised,534424,89639
80,64,78,Organised,443680,15603
60,56,70,Free Form,74450,37754
41,55,49,Organised,104149,47973
55,79,61,Organised,428501,69919
58,54,62,Free Form,27235,23136
33,39,67,Organised,156260,19675
62,32,52,Organised,215589,52919
43,67,61,Organised,202976,23651
70,50,70,Organised,236651,76710
45,35,45,Organised,595539,10166
41,75,62,Organised,639364,29503
58,54,62,Free Form,165716,84638
43,67,61,Organised,429665,95660
45,71,73,Organised,388311,88876
66,36,56,Free Form,430684,39822
42,68,45,Organised,73355,69611
80,64,78,Organised,80444,30659
40,20,26,Free Form,310735,78366
71,71,71,Organised,461483,4686
45,49,47,Organised,608432,46708
80,46,56,Organised,786786,62645
55,59,54,Organised,560226,79988
53,24,35,Organised,521819,86791
32,27,20,Free Form,24296,44012
34,70,58,Organised,337472,57287
71,71,71,Organised,57438,74937
