strong_bu_speed,strong_bu_passing,strong_bu_positioning,st_id,id
70,30,Free Form,3732,57505
50,50,Organised,7567,21040
70,50,Organised,3606,27102
65,30,Free Form,641,5061
70,30,Free Form,7327,2725
70,35,Free Form,691,53590
67,30,Organised,22,24979
65,45,Organised,3096,35646
50,35,Organised,1437,64794
70,65,Organised,4014,51131
70,30,Free Form,3161,3403
50,70,Organised,1342,78626
70,50,Free Form,1457,21387
65,40,Organised,7769,65847
65,45,Organised,4154,7519
70,45,Organised,3006,35400
70,50,Organised,3995,78643
65,70,Organised,7581,19493
70,65,Organised,1392,17722
70,70,Organised,4864,69364
70,70,Organised,7297,57449
70,65,Organised,5769,24262
70,70,Organised,1979,46946
50,70,Organised,6101,15860
50,35,Organised,766,67741
70,65,Organised,988,53820
70,62,Organised,1672,13115
70,65,Organised,5061,26459
55,70,Organised,2974,3267
70,65,Organised,4895,24997
70,70,Organised,6750,17987
70,30,Free Form,1982,920
45,60,Organised,150,16415
55,70,Organised,5019,58958
67,30,Organised,5979,59692
65,30,Free Form,7738,44499
70,40,Organised,1015,31117
70,70,Organised,1422,424
70,70,Organised,842,40897
50,35,Organised,3359,28829
50,50,Organised,8,3966
67,30,Organised,2646,60925
65,30,Free Form,4785,43443
65,45,Organised,3202,67121
70,40,Organised,4590,38155
70,70,Organised,6362,35053
45,60,Organised,5217,60484
70,62,Organised,3592,72670
67,30,Organised,1661,9974
50,35,Organised,1746,43361
70,50,Free Form,7220,14079
65,30,Free Form,6505,59286
70,30,Free Form,6719,54935
70,40,Organised,7162,70244
70,50,Free Form,5672,46525
70,70,Organised,4053,35727
67,30,Organised,4016,19529
70,30,Free Form,5833,76900
70,50,Free Form,5740,44439
70,40,Organised,2215,16046
70,70,Organised,4709,60053
50,35,Organised,6182,52560
65,40,Organised,3030,5831
70,30,Free Form,4591,37881
70,50,Free Form,6108,8971
70,30,Free Form,7654,3125
70,70,Organised,2726,34676
65,30,Free Form,1302,38073
70,30,Free Form,7424,59876
70,30,Free Form,4772,63668
65,30,Free Form,6731,63025
50,35,Organised,91,58263
65,30,Free Form,7455,38175
70,62,Organised,5702,308
65,30,Free Form,4794,73907
70,30,Free Form,5145,22806
50,65,Organised,7291,71230
70,62,Organised,854,54485
70,70,Organised,2239,50444
65,70,Organised,7606,46565
70,30,Free Form,3718,16377
65,30,Free Form,393,2891
70,40,Organised,2922,68291
70,70,Organised,6768,29644
70,35,Free Form,1694,24552
70,70,Organised,4098,21430
60,60,Organised,5223,31078
70,65,Organised,7095,1729
50,35,Organised,4473,20077
70,62,Organised,3385,75214
70,70,Organised,485,15270
70,70,Organised,904,77130
60,60,Organised,1266,61484
50,65,Organised,3826,72512
65,45,Organised,1401,58058
55,70,Organised,628,12711
65,30,Free Form,1148,69344
65,40,Organised,242,45338
70,50,Organised,6708,46222
50,35,Organised,630,18079
70,30,Free Form,1128,48429
70,70,Organised,7267,9078
70,70,Organised,6994,17545
70,65,Organised,4565,16984
50,70,Organised,1567,68835
70,62,Organised,7575,10109
70,35,Free Form,1951,47792
67,30,Organised,7571,20476
70,30,Free Form,4300,9581
70,70,Organised,2553,58366
70,40,Organised,6867,77208
70,50,Free Form,4049,2298
70,30,Free Form,812,21061
65,70,Organised,3162,72208
70,50,Free Form,3025,40085
70,50,Organised,5115,67852
70,45,Organised,7626,18393
70,55,Organised,5232,2556
50,35,Organised,5385,28979
65,40,Organised,3530,76808
65,30,Free Form,2119,59837
70,30,Free Form,3208,54019
45,60,Organised,2997,38353
50,70,Organised,5997,63150
70,70,Organised,4420,6480
70,70,Organised,217,43636
67,30,Organised,4088,63943
50,35,Organised,6093,24144
65,30,Free Form,5943,6503
70,35,Free Form,2456,70602
70,50,Free Form,5837,59873
70,62,Organised,110,75648
50,65,Organised,2173,40126
70,70,Organised,2255,22186
55,70,Organised,4491,11541
70,30,Free Form,4639,62021
65,70,Organised,2104,27281
70,50,Organised,7198,53350
70,70,Organised,4405,75483
70,30,Free Form,2997,36486
67,30,Organised,4820,1569
50,35,Organised,4664,16494
70,70,Organised,5368,77518
70,70,Organised,2428,52799
60,60,Organised,1717,35734
70,65,Organised,3034,39431
55,53,Organised,4602,38699
68,53,Organised,643,25330
35,35,Organised,5175,68804
50,39,Free Form,2242,22486
77,23,Free Form,713,20424
50,53,Organised,7651,48748
77,56,Organised,2133,72034
57,32,Organised,6659,18928
53,30,Free Form,1107,27436
54,45,Organised,77,43054
73,42,Organised,5380,9351
22,39,Organised,5703,6976
51,41,Organised,1548,61190
35,35,Organised,3929,56569
55,42,Organised,6761,23953
65,30,Organised,1419,76126
54,31,Organised,2630,14008
57,32,Organised,2311,8292
50,62,Organised,4206,46325
39,43,Organised,2100,59950
73,42,Organised,148,42523
50,62,Organised,1097,46236
39,43,Organised,6837,31552
73,42,Organised,5679,17552
54,31,Organised,961,14077
53,30,Free Form,1319,11438
39,57,Organised,1974,47687
65,30,Organised,106,74813
77,23,Free Form,429,66077
38,57,Organised,4421,16668
57,32,Organised,5367,44706
53,30,Free Form,1787,54844
22,39,Organised,1292,41389
50,39,Free Form,4164,11866
50,45,Organised,1298,68687
52,52,Organised,594,47791
35,35,Organised,7005,1053
54,45,Organised,4910,45533
39,43,Organised,1280,3011
39,43,Organised,6094,32178
51,41,Organised,761,43417
53,30,Free Form,4957,57415
57,32,Organised,7173,70359
53,30,Free Form,6422,1612
52,37,Organised,2100,70842
77,23,Free Form,2627,3530
51,33,Organised,1802,54817
45,58,Organised,4907,43769
55,53,Organised,6409,53213
39,43,Organised,7800,38678
39,57,Organised,2694,1334
73,42,Organised,3164,74149
52,52,Organised,1383,75196
39,43,Organised,7550,36164
51,33,Organised,5788,44067
54,31,Organised,7295,35310
55,53,Organised,3543,19846
66,42,Organised,5921,46176
35,35,Organised,4540,8576
50,39,Free Form,1141,36548
73,42,Organised,6810,47327
54,45,Organised,7060,76098
50,45,Organised,1921,35677
50,53,Organised,3079,53353
57,32,Organised,3144,25831
53,30,Free Form,7700,37422
77,23,Free Form,7724,57459
52,52,Organised,5521,2956
52,37,Organised,900,19621
56,57,Organised,5245,48537
73,42,Organised,2200,33627
65,30,Organised,3552,49163
73,42,Organised,55,68125
28,55,Organised,6259,62936
50,39,Free Form,1927,28292
53,30,Free Form,3042,68063
77,23,Free Form,4505,13135
35,35,Organised,4366,16082
44,50,Organised,3491,33697
55,53,Organised,246,60954
52,52,Organised,5492,49405
54,45,Organised,3686,31375
50,45,Organised,7090,20993
35,35,Organised,2812,3397
50,39,Free Form,1363,62957
54,31,Organised,4477,75713
77,23,Free Form,4604,59582
52,37,Organised,5729,45782
66,42,Organised,1020,1816
39,57,Organised,4766,30974
54,45,Organised,4071,38207
73,42,Organised,713,37549
22,39,Organised,4657,41466
50,39,Free Form,1722,13426
56,57,Organised,3316,61729
44,50,Organised,252,1393
37,53,Organised,3993,3375
59,44,Organised,1471,6364
60,58,Organised,3313,4214
63,49,Organised,924,43645
59,40,Organised,5444,78020
48,53,Organised,915,75379
52,53,Organised,2724,72660
45,35,Organised,7304,61113
50,35,Organised,5262,58875
70,59,Organised,1453,29809
49,31,Organised,5515,41714
75,55,Organised,5970,77203
70,50,Organised,2395,75415
32,39,Free Form,6784,64834
62,42,Organised,4721,50544
62,42,Organised,1532,40728
40,44,Organised,5198,49611
60,58,Organised,5471,71944
61,37,Organised,7676,32415
40,33,Organised,4842,21633
26,39,Organised,815,12855
29,34,Organised,692,11474
63,49,Organised,2482,16627
59,40,Organised,1489,5949
35,55,Organised,3020,70720
40,33,Organised,4779,4125
37,40,Organised,7274,40443
41,47,Organised,49,41471
61,37,Organised,4643,16353
45,35,Organised,5892,61827
32,39,Free Form,4567,34997
65,50,Organised,7216,74731
63,49,Organised,753,31103
29,34,Organised,2604,59867
59,44,Organised,4096,65835
49,31,Organised,7112,69512
61,37,Organised,7502,3969
50,35,Organised,2754,25622
45,45,Organised,5173,45311
37,53,Organised,7188,34040
50,39,Organised,7411,40185
61,37,Organised,5548,28939
59,40,Organised,2238,60674
29,34,Organised,5848,72631
50,35,Organised,2875,76893
59,44,Organised,2970,6458
37,40,Organised,1732,37089
75,55,Organised,6607,65506
48,36,Organised,4438,74133
60,58,Organised,6949,50790
49,31,Organised,1963,53104
59,40,Organised,860,46608
45,35,Organised,5988,47648
37,40,Organised,1944,42155
63,49,Organised,5442,46391
60,58,Organised,7355,22537
59,40,Organised,1014,28107
49,31,Organised,6617,56291
37,40,Organised,6153,62663
45,35,Organised,7663,30879
48,36,Organised,1751,66381
59,40,Organised,5360,35083
37,40,Organised,612,27682
63,49,Organised,3679,77849
37,40,Organised,5385,5267
59,40,Organised,1486,11546
37,40,Organised,2457,12069
40,33,Organised,3428,49977
29,34,Organised,4888,61276
59,44,Organised,4862,47282
62,42,Organised,7499,5812
63,49,Organised,3963,58753
48,36,Organised,2545,19857
59,40,Organised,2617,71911
53,54,Organised,1693,21666
60,56,Organised,6511,57019
26,39,Organised,1803,68524
60,58,Organised,387,55699
40,45,Organised,7243,33406
70,50,Organised,633,67737
61,37,Organised,2344,52981
61,37,Organised,1318,78025
45,35,Organised,1958,830
75,55,Organised,152,55168
48,36,Organised,2672,68625
29,34,Organised,5911,36086
60,58,Organised,930,26331
41,47,Organised,3885,59871
59,40,Organised,6395,31704
48,53,Organised,6831,77236
50,35,Organised,690,2253
29,34,Organised,3847,74544
70,59,Organised,4820,39310
32,39,Free Form,4286,24320
75,55,Organised,5693,62756
61,37,Organised,525,27334
32,39,Free Form,4924,42321
65,50,Organised,7222,62141
62,42,Organised,4559,53133
59,40,Organised,6230,16131
50,39,Organised,136,70347
49,31,Organised,7154,23789
41,47,Organised,201,44171
40,33,Organised,6191,8106
48,53,Organised,2620,14545
32,39,Free Form,7022,68663
50,35,Organised,2402,30385
59,40,Organised,6467,39803
40,33,Organised,2180,41322
45,35,Organised,1679,76984
49,31,Organised,5224,61075
29,34,Organised,2282,1938
37,40,Organised,3420,39248
63,49,Organised,1773,33807
66,42,Organised,750,63084
61,37,Organised,2389,22809
70,59,Organised,1009,23754
45,45,Organised,4999,34857
45,35,Organised,2616,23847
39,59,Organised,1356,29890
59,40,Organised,6507,33999
75,55,Organised,1695,71514
48,53,Organised,1977,17306
60,58,Organised,237,11068
63,49,Organised,4248,33329
40,33,Organised,3187,12128
61,37,Organised,3351,34466
70,59,Organised,3960,26743
66,42,Organised,445,68799
49,32,Organised,4159,2708
50,39,Organised,1222,33139
62,42,Organised,3386,76062
59,44,Organised,2276,34112
63,49,Organised,3726,33196
59,40,Organised,76,8351
41,47,Organised,4126,54418
45,45,Organised,4016,11384
45,35,Organised,6901,8557
49,31,Organised,2662,18992
51,56,Organised,2362,32872
37,40,Organised,2987,3415
32,39,Free Form,4272,27249
45,50,Organised,7542,33927
32,39,Free Form,6237,11646
50,35,Organised,5458,10338
30,52,Free Form,6237,1380
51,56,Organised,7410,25987
62,42,Organised,6640,43952
37,40,Organised,3252,37136
49,32,Organised,5128,74095
75,55,Organised,3180,29412
62,48,Organised,7143,12011
32,39,Free Form,3195,6975
75,55,Organised,154,40857
65,50,Organised,2282,65238
33,52,Organised,2257,63459
37,40,Organised,189,21099
45,45,Organised,891,58537
53,54,Organised,3407,28890
42,34,Organised,2074,22613
40,33,Organised,2996,56867
50,35,Organised,2678,52650
62,48,Organised,7575,33353
53,54,Organised,7663,730
62,48,Organised,2038,19496
64,40,Organised,2621,44151
52,47,Organised,3787,69349
30,36,Organised,5989,22304
40,33,Organised,7361,29995
62,48,Organised,92,10242
64,40,Organised,5028,1195
48,36,Organised,7304,39077
32,39,Free Form,1138,18779
49,32,Organised,899,11606
29,33,Organised,1200,69571
45,49,Organised,173,25580
62,42,Organised,3296,29269
50,51,Organised,4369,42229
49,33,Organised,689,74947
62,48,Organised,7462,48752
62,42,Organised,3308,32497
50,35,Organised,7475,40918
32,39,Free Form,6678,6251
37,40,Organised,6975,37481
75,55,Organised,1887,39432
45,49,Organised,7299,19324
37,40,Organised,1894,56608
62,48,Organised,4938,66223
45,49,Organised,6834,19814
62,48,Organised,6516,31299
37,40,Organised,5745,47190
37,40,Organised,4567,34525
45,49,Organised,2458,60360
66,57,Organised,5663,38550
37,53,Organised,2,64811
48,36,Organised,6864,58750
37,40,Organised,3435,62698
52,47,Organised,2091,24416
67,50,Organised,3371,66333
64,40,Organised,7603,38308
30,52,Free Form,3286,30892
45,49,Organised,891,42456
50,51,Organised,5194,39799
66,49,Organised,3223,35347
45,45,Organised,6327,43719
37,47,Organised,1110,11798
49,33,Organised,62,73682
49,32,Organised,1754,48556
62,48,Organised,3665,3187
29,33,Organised,7767,58137
62,42,Organised,7512,67786
50,35,Organised,2321,49242
37,40,Organised,4210,15474
64,40,Organised,815,65204
49,32,Organised,5081,8435
45,49,Organised,2743,6984
49,33,Organised,1692,50809
33,52,Organised,7479,25874
75,55,Organised,1964,17519
51,56,Organised,7199,31773
30,36,Organised,7132,58534
62,48,Organised,4033,50626
37,53,Organised,7115,69270
50,50,Organised,1960,69727
62,48,Organised,5383,68355
45,49,Organised,1325,18906
41,47,Organised,1994,38167
32,39,Free Form,563,47086
40,33,Organised,6831,61053
37,40,Organised,4431,38765
75,55,Organised,2529,10255
53,54,Organised,4824,51605
50,51,Organised,6426,7324
32,39,Free Form,171,61166
50,35,Organised,1442,71076
45,49,Organised,742,69962
75,55,Organised,832,3192
48,36,Organised,4373,32047
64,40,Organised,681,63115
57,34,Organised,5492,2327
70,59,Organised,4714,52103
49,32,Organised,7061,31409
33,52,Organised,4329,38688
62,48,Organised,462,37829
30,52,Free Form,4027,6857
62,42,Organised,511,27101
52,47,Organised,1617,3596
48,36,Organised,5973,66939
50,35,Organised,2705,70379
50,51,Organised,7405,38707
64,40,Organised,4171,58730
41,47,Organised,6115,31604
57,34,Organised,6679,38672
32,39,Free Form,5931,34209
30,36,Organised,3082,45215
32,39,Free Form,6781,74848
65,50,Organised,4175,17549
52,47,Organised,3891,35493
44,54,Organised,1557,1176
64,40,Organised,3046,45314
41,47,Organised,2630,29699
49,33,Organised,1651,65566
41,58,Organised,3254,60780
40,33,Organised,2290,7511
37,53,Organised,5045,10067
62,48,Organised,4418,8501
64,40,Organised,6750,60226
57,34,Organised,5947,34192
70,59,Organised,6934,19098
37,47,Organised,5228,47629
44,54,Organised,4838,4165
45,45,Organised,1501,37277
37,40,Organised,6086,50263
49,33,Organised,6681,59386
53,54,Organised,6738,48951
37,47,Organised,1972,5783
53,54,Organised,1247,42934
41,58,Organised,4544,51424
50,50,Organised,7053,43937
75,55,Organised,4935,36293
30,36,Organised,6921,73948
47,50,Organised,6064,49518
54,56,Organised,135,3311
48,36,Organised,278,13710
63,40,Organised,269,56503
52,56,Organised,1232,46817
54,53,Organised,5676,30197
50,34,Organised,4017,64858
55,31,Organised,317,6003
32,39,Organised,5781,49231
62,48,Organised,5270,4974
37,40,Organised,7711,69127
51,55,Organised,1512,17447
63,40,Organised,6496,66609
57,34,Organised,7214,13678
47,50,Organised,2245,27910
65,50,Organised,924,8181
51,55,Organised,3506,47080
39,37,Organised,1787,74736
48,36,Organised,4978,2477
49,32,Organised,3239,58192
40,44,Organised,5519,50516
54,56,Organised,3547,32182
39,37,Organised,2969,25330
37,40,Organised,2847,61645
75,55,Organised,4201,29112
45,49,Organised,3416,39235
53,54,Organised,4022,55987
45,45,Organised,5136,21367
55,31,Organised,225,43390
48,36,Organised,3934,24992
63,40,Organised,722,68930
30,36,Organised,668,26010
51,55,Organised,1799,40939
47,50,Organised,7030,7258
48,52,Organised,3609,37240
54,56,Organised,3003,1148
57,34,Organised,133,65005
52,56,Organised,5113,55122
55,31,Organised,67,4989
32,39,Organised,6001,77154
55,31,Organised,2303,49719
62,42,Organised,5051,17352
40,44,Organised,1653,15989
37,40,Organised,6494,45148
50,35,Organised,5301,68207
45,49,Organised,5424,54244
48,52,Organised,2748,13813
63,40,Organised,1990,3163
62,48,Organised,1883,66607
45,45,Organised,5991,42253
57,34,Organised,4700,64135
37,40,Organised,5174,2940
50,35,Organised,2181,75778
54,56,Organised,2261,24401
48,36,Organised,7730,42590
30,36,Organised,1753,34598
55,31,Organised,1636,56561
37,40,Organised,6101,65759
62,48,Organised,2850,18904
57,45,Organised,7215,48538
66,49,Organised,7601,68797
45,49,Organised,1413,1186
48,36,Organised,943,34728
30,36,Organised,2038,30831
67,37,Organised,496,5651
62,48,Organised,3513,22243
50,35,Organised,1808,31496
57,45,Organised,5040,16430
32,39,Organised,7123,150
30,36,Organised,5481,20375
62,48,Organised,28,73723
67,37,Organised,5472,55965
32,39,Organised,477,9600
67,37,Organised,7435,57814
32,39,Organised,6669,75290
62,48,Organised,2630,24534
67,37,Organised,7449,27102
47,50,Organised,2269,28003
47,50,Organised,4394,25584
47,50,Organised,861,3627
47,50,Organised,225,63098
51,55,Organised,3296,38661
51,55,Organised,1272,41934
51,55,Organised,6768,72691
51,55,Organised,422,4592
54,56,Organised,3360,62909
54,56,Organised,3842,12694
54,56,Organised,1151,77160
54,56,Organised,6918,22147
67,37,Organised,1627,17885
67,37,Organised,5618,45085
63,40,Organised,2295,15830
63,40,Organised,5813,2520
30,36,Organised,182,34329
30,36,Organised,1955,8554
30,36,Organised,3466,50069
30,36,Organised,797,17969
37,40,Organised,5794,15350
37,40,Organised,4553,63450
37,40,Organised,1667,58112
37,40,Organised,7114,6662
45,49,Organised,6873,21643
45,49,Organised,5703,55745
49,48,Organised,4956,33508
49,48,Organised,6910,3084
55,40,Organised,1800,54519
55,40,Organised,5743,14370
66,57,Organised,6400,29099
66,57,Organised,1610,69820
53,54,Organised,5664,41226
62,42,Organised,94,14127
53,54,Organised,1866,71955
62,42,Organised,7352,40357
67,37,Organised,3502,40697
67,37,Organised,789,37791
63,40,Organised,291,61298
63,40,Organised,4392,49700
52,56,Organised,6871,50175
52,56,Organised,986,53800
52,56,Organised,7645,44642
52,56,Organised,3015,45061
57,55,Organised,3472,54174
58,56,Organised,4276,22121
52,53,Organised,5992,70446
52,53,Organised,3155,49403
49,32,Organised,5916,30359
49,32,Organised,6108,45183
49,32,Organised,7220,65204
49,32,Organised,6404,68401
36,55,Organised,5154,63885
75,55,Organised,5520,73179
36,55,Organised,1986,47828
75,55,Organised,3572,28513
54,56,Organised,653,47665
54,56,Organised,344,31605
54,56,Organised,3737,65101
54,56,Organised,2090,27984
57,45,Organised,4031,38852
57,45,Organised,296,69665
57,45,Organised,1779,26976
57,45,Organised,3390,18391
53,54,Organised,7593,3945
53,54,Organised,5601,8068
53,54,Organised,3572,2313
53,54,Organised,3407,9099
45,49,Organised,3911,3670
49,48,Organised,2565,62161
45,49,Organised,6267,59468
49,48,Organised,6906,6117
66,49,Organised,4372,66072
66,49,Organised,2646,74126
40,44,Organised,6569,22332
40,44,Organised,3736,24998
48,52,Organised,1104,7809
45,45,Organised,6809,276
33,52,Organised,6562,72480
51,55,Organised,4583,53099
62,48,Organised,3199,30582
52,56,Organised,150,10997
48,36,Organised,5500,78857
63,40,Organised,805,71561
51,52,Organised,2968,32525
70,59,Organised,5041,40479
55,31,Organised,7707,27120
51,52,Organised,7582,1691
63,40,Organised,2571,13169
52,56,Organised,5486,70925
50,34,Organised,3315,19841
45,37,Organised,5205,63764
62,48,Organised,5969,284
52,53,Organised,1644,27237
33,52,Organised,1695,43971
51,52,Organised,4211,40827
45,45,Organised,5046,5024
50,49,Organised,4964,30114
45,45,Organised,3609,36362
54,56,Organised,3292,19658
39,45,Organised,183,32845
62,48,Organised,7785,3263
29,33,Organised,1185,26452
62,42,Organised,4886,43282
48,36,Organised,5624,32422
45,45,Organised,5709,43282
45,45,Organised,2684,51640
33,52,Organised,6193,36593
32,39,Organised,3897,42878
65,50,Organised,1056,54247
54,56,Organised,1287,49847
50,49,Organised,1171,71562
63,40,Organised,2101,14288
66,49,Organised,2792,20153
66,49,Organised,2100,42633
40,44,Organised,6848,37291
66,49,Organised,4675,68865
55,40,Organised,7321,46759
49,32,Organised,2310,12221
66,49,Organised,3916,64514
62,42,Organised,4666,1711
39,46,Organised,1046,76687
65,50,Organised,3078,77556
63,40,Organised,7175,5798
40,45,Organised,5150,6995
48,36,Organised,188,49945
49,48,Organised,5341,48311
45,37,Organised,1504,46092
62,48,Organised,5665,29721
48,36,Organised,5924,59255
55,60,Organised,6192,40079
50,34,Organised,6576,68288
57,55,Organised,6996,77116
54,56,Organised,5715,25194
55,40,Organised,2419,28574
41,38,Organised,1749,53787
29,33,Organised,96,17956
48,52,Organised,2811,19499
53,54,Organised,2704,59800
45,37,Organised,7576,39860
62,48,Organised,577,53182
48,36,Organised,660,78879
54,56,Organised,6263,19380
49,45,Organised,6749,14490
51,55,Organised,3765,33271
63,40,Organised,6449,77439
62,42,Organised,3815,14145
53,54,Organised,5462,12499
39,45,Organised,3505,36928
32,39,Organised,810,47732
52,53,Organised,3179,30584
45,45,Organised,3851,58636
51,52,Organised,3428,39518
62,48,Organised,3357,61077
50,49,Organised,7496,48907
45,45,Organised,3948,11189
54,56,Organised,7300,55892
62,42,Organised,5075,41495
50,64,Organised,4626,13922
32,39,Organised,3071,67787
55,31,Organised,5772,2537
50,34,Free Form,7375,50019
62,48,Organised,653,17238
50,64,Organised,1501,27138
62,42,Organised,1903,18521
53,54,Organised,3323,69712
36,55,Organised,7269,10648
62,48,Organised,5428,67950
50,49,Organised,2733,17643
62,42,Organised,1229,25965
50,64,Organised,1989,35000
32,39,Organised,3851,74727
62,48,Organised,1910,2986
62,42,Organised,873,22871
32,39,Organised,5212,73247
50,64,Organised,331,53758
32,39,Organised,2439,40960
70,59,Organised,6769,45212
63,40,Organised,1515,42784
55,60,Organised,170,13776
51,52,Organised,3429,49405
48,36,Organised,3407,12480
62,42,Organised,1590,9846
45,45,Organised,3885,16263
48,52,Organised,5369,65258
52,54,Organised,2471,37399
45,37,Organised,1406,73245
52,53,Organised,4567,28899
55,60,Organised,2321,41016
63,40,Organised,4503,53661
54,56,Organised,4720,40026
32,39,Organised,6415,65710
49,45,Organised,62,54692
32,39,Organised,664,61241
36,55,Organised,706,6347
62,48,Organised,1263,57727
50,49,Organised,99,20511
63,40,Organised,5893,48240
55,60,Organised,4815,31820
55,31,Organised,6388,47126
51,52,Organised,4607,12972
50,34,Free Form,419,11383
29,33,Organised,6999,78864
51,55,Organised,2205,55745
53,54,Organised,6852,35652
48,36,Organised,7632,15883
56,58,Organised,1704,14370
55,60,Organised,1088,8984
50,34,Free Form,1809,74602
62,48,Organised,6513,62507
50,64,Organised,4564,28316
52,54,Organised,3450,6059
45,37,Organised,5250,28064
32,39,Organised,7661,33628
62,42,Organised,4663,14605
50,49,Organised,492,5980
29,33,Organised,5565,78380
50,49,Organised,4808,75145
36,55,Organised,3805,65261
70,59,Organised,3480,43996
32,39,Organised,5557,38231
39,45,Organised,2865,68771
63,40,Organised,983,9402
50,64,Organised,1377,47654
41,38,Organised,2449,73071
45,37,Organised,4270,16825
55,31,Organised,3261,69886
49,45,Organised,1278,72951
70,59,Organised,4926,20090
48,52,Organised,4748,31201
62,48,Organised,7202,38294
32,39,Organised,315,71392
65,50,Organised,3437,2507
48,36,Organised,5332,4334
52,54,Organised,3814,1460
33,52,Organised,683,48246
50,34,Free Form,7345,56373
51,55,Organised,4349,54829
36,55,Organised,6372,19934
29,33,Organised,5783,14225
49,45,Organised,536,42080
66,49,Organised,5789,32662
50,49,Organised,2067,31325
32,39,Organised,5749,33925
40,45,Organised,1346,15006
33,52,Organised,3172,22334
41,38,Organised,470,62028
50,64,Organised,2284,29572
40,50,Organised,567,17591
60,44,Organised,2586,37632
62,48,Organised,7018,30654
53,54,Organised,5638,25516
62,52,Organised,3398,11608
48,36,Organised,2792,73621
55,31,Organised,1793,49826
40,44,Organised,3701,75014
63,40,Organised,7434,74310
55,35,Free Form,981,69370
41,38,Organised,7221,77077
51,53,Organised,1512,54691
32,39,Organised,2553,65358
40,50,Organised,6920,59638
50,49,Organised,218,2868
54,56,Organised,3615,75286
48,36,Organised,1571,75081
63,40,Organised,4800,60721
53,54,Organised,2896,26589
63,59,Organised,6240,41787
62,48,Organised,6297,77240
55,31,Organised,1486,70637
55,45,Organised,143,43137
40,44,Organised,3665,40551
49,45,Organised,3474,17004
36,55,Organised,4847,40425
62,42,Organised,4199,11450
66,49,Organised,3845,10208
54,56,Organised,615,54741
54,56,Organised,2654,20006
45,37,Organised,4162,32734
53,54,Organised,3352,5654
33,36,Organised,1417,53313
52,54,Organised,3831,51779
55,31,Organised,4447,35748
48,36,Organised,1195,112
49,45,Organised,845,74930
33,36,Organised,3947,4072
65,53,Organised,2792,64549
45,37,Organised,7191,3463
54,56,Organised,5455,64995
50,49,Organised,6927,43082
55,60,Organised,1786,14990
45,37,Organised,2003,35201
62,48,Organised,6009,61140
48,36,Organised,3133,68206
63,40,Organised,6027,70192
33,36,Organised,3871,4207
36,55,Organised,395,34168
40,50,Organised,4135,51230
49,45,Organised,1985,49092
32,39,Organised,3755,21580
52,54,Organised,4757,6831
55,60,Organised,3660,38584
55,59,Organised,6081,46935
50,49,Organised,1814,70194
50,64,Organised,3749,63825
36,55,Organised,6396,69329
64,35,Organised,5613,28337
48,36,Organised,6486,13023
54,56,Organised,494,867
41,46,Organised,1491,6456
62,48,Organised,3487,69659
55,35,Free Form,1579,2809
33,36,Organised,3874,38200
45,45,Organised,4056,75318
53,54,Organised,7487,57947
41,38,Organised,909,11497
32,39,Organised,195,1841
61,48,Organised,7040,43341
62,52,Organised,1889,28510
54,56,Organised,4761,11240
63,40,Organised,2911,57729
41,46,Organised,7787,1868
52,54,Organised,1407,76941
50,49,Organised,4276,5568
41,38,Organised,3719,51513
32,39,Organised,1223,40422
33,36,Organised,3185,51549
64,35,Organised,4317,19041
55,31,Organised,590,24239
48,36,Organised,3254,26660
65,53,Organised,2968,58943
40,50,Organised,363,41123
63,40,Organised,7487,75653
32,39,Organised,4644,58372
50,49,Organised,97,41854
55,31,Organised,4759,50280
52,54,Organised,7624,43095
33,36,Organised,3317,65549
62,52,Organised,6911,56767
50,49,Organised,2593,45908
60,44,Organised,284,5263
32,39,Organised,6473,28208
48,36,Organised,5589,71435
33,36,Organised,1037,44065
41,38,Organised,3421,35220
55,31,Organised,6675,52158
33,36,Organised,3358,71289
63,40,Organised,2735,30495
55,31,Organised,3919,33735
63,40,Organised,5108,53151
48,36,Organised,5129,31841
63,40,Organised,6587,74794
40,50,Organised,5480,7545
32,39,Organised,5858,19918
41,38,Organised,3594,25430
50,64,Organised,987,73027
50,49,Organised,3918,70493
62,48,Organised,6383,75553
48,36,Organised,5592,25768
45,37,Organised,3595,39570
64,35,Organised,7297,46166
47,50,Organised,1921,70531
63,40,Organised,7656,68858
62,48,Organised,2924,40921
64,35,Organised,300,32495
50,64,Organised,1632,73783
39,37,Organised,3721,60119
45,37,Organised,2369,40499
55,31,Organised,692,33670
36,55,Organised,4586,51826
32,39,Organised,3499,6957
61,48,Organised,3970,49825
62,48,Organised,636,46114
64,35,Organised,5530,60276
41,38,Organised,4264,34009
50,49,Organised,97,11731
32,39,Organised,6208,3379
36,55,Organised,4999,34131
48,36,Organised,3101,5195
62,52,Organised,2974,30288
63,40,Organised,3586,9745
53,54,Organised,6781,47075
55,35,Free Form,5142,65565
48,36,Organised,695,55191
49,45,Organised,3495,75984
32,39,Organised,7131,48691
50,64,Organised,7455,64382
64,35,Organised,3262,301
36,55,Organised,4269,63737
63,40,Organised,1021,31669
54,56,Organised,458,32480
62,48,Organised,6792,72689
33,36,Organised,7200,1444
62,48,Organised,5299,60068
64,35,Organised,4860,45784
33,52,Organised,193,50472
36,55,Organised,206,62399
32,33,Organised,2395,38794
47,50,Organised,4284,24589
54,56,Organised,5530,41618
48,36,Organised,5813,47567
55,35,Free Form,3248,7813
61,48,Organised,1129,74204
55,35,Free Form,7243,60366
32,39,Organised,6473,44543
33,52,Organised,1542,56838
36,55,Organised,6439,77701
55,59,Organised,5666,78710
50,64,Organised,1484,48596
41,38,Organised,3467,63691
48,36,Organised,6957,40770
63,40,Organised,6592,58141
62,48,Organised,4976,63183
65,53,Organised,2081,23740
66,49,Organised,4179,76701
62,48,Organised,6688,59741
54,55,Organised,5552,21709
63,42,Organised,4520,65176
40,45,Organised,1055,57910
32,39,Organised,4118,68511
50,49,Organised,3977,68408
33,52,Organised,4352,60918
62,48,Organised,2473,10766
32,33,Organised,4344,19146
45,48,Organised,4811,34978
45,39,Organised,3463,63208
40,50,Organised,6531,6083
41,38,Organised,5696,25578
45,37,Organised,2221,36880
57,34,Organised,5789,26093
63,59,Organised,7567,61821
55,56,Organised,1277,33035
40,45,Organised,7596,56189
61,48,Organised,7083,4058
32,39,Organised,136,12345
62,48,Organised,7634,60421
64,38,Organised,3011,25386
50,49,Organised,649,64818
41,38,Organised,2457,53529
52,54,Organised,2550,64527
36,55,Organised,6191,48707
57,34,Organised,4843,8291
41,38,Organised,1758,63
53,54,Organised,6456,57528
52,36,Organised,6437,67934
51,46,Organised,1705,34774
36,55,Organised,6224,41177
45,37,Organised,1495,18321
41,38,Organised,5902,51625
45,39,Organised,4266,63162
63,42,Organised,1684,73166
52,54,Organised,4642,32378
41,38,Organised,4911,22859
50,64,Organised,4,46096
33,52,Organised,6932,19479
62,48,Organised,489,37670
64,38,Organised,1851,32691
52,36,Organised,7418,41396
47,50,Organised,152,31709
55,35,Free Form,7539,78581
54,56,Organised,3578,38426
61,48,Organised,2295,58036
53,54,Organised,3635,34420
62,48,Organised,4486,26820
50,49,Organised,703,31879
52,36,Organised,5742,29223
49,45,Organised,6669,56955
64,38,Organised,1617,10340
64,38,Organised,1217,76431
57,34,Organised,2544,47457
63,42,Organised,327,3875
57,34,Organised,5663,55022
34,35,Organised,2611,26381
63,42,Organised,5931,15259
53,54,Organised,3697,3573
64,38,Organised,6352,16584
63,42,Organised,5256,19827
57,34,Organised,6319,57659
63,42,Organised,3851,864
53,54,Organised,3625,24160
63,42,Organised,1848,4888
57,34,Organised,4982,7044
62,48,Organised,6980,65971
49,45,Organised,6818,77243
64,38,Organised,4139,12751
52,36,Organised,2226,61687
50,64,Organised,2223,4024
32,39,Organised,6733,40097
50,49,Organised,1255,23046
63,42,Organised,2001,17552
55,35,Free Form,2340,5471
41,38,Organised,1674,43137
61,48,Organised,4791,34482
41,38,Organised,3987,77904
57,34,Organised,5114,56502
45,37,Organised,7069,62065
63,42,Organised,1406,73760
47,50,Organised,1265,53593
32,39,Organised,7334,51474
64,38,Organised,3166,50881
62,48,Organised,7732,77300
50,64,Organised,6242,26514
36,55,Organised,6279,20961
36,40,Organised,4243,60802
36,33,Organised,1381,22996
40,38,Organised,760,61885
68,66,Organised,7796,36659
49,52,Organised,2184,12396
28,34,Organised,2649,73699
51,49,Organised,3829,53442
37,37,Organised,129,12228
35,30,Organised,5104,38011
53,53,Organised,844,2127
50,53,Organised,2145,40760
72,70,Organised,566,18969
36,37,Organised,3160,68476
37,37,Organised,7182,22104
72,68,Organised,6511,13901
36,33,Organised,3312,15824
36,40,Organised,3323,20550
51,51,Organised,6301,62473
50,50,Organised,1899,23504
68,66,Organised,7778,23
51,50,Organised,7243,28764
51,49,Organised,1547,71885
68,71,Organised,1577,37427
53,53,Organised,799,55524
37,37,Organised,4107,38339
51,51,Organised,7580,73298
36,36,Organised,3003,32932
28,34,Organised,6219,2139
35,30,Organised,1299,25567
51,49,Organised,5632,48133
51,50,Organised,4729,32472
73,67,Organised,2955,19506
50,53,Organised,3301,61701
53,49,Organised,4683,20354
36,40,Organised,546,65461
53,53,Organised,2758,28502
69,66,Organised,6002,15887
73,67,Organised,212,2769
49,52,Free Form,2257,5904
51,49,Organised,4123,22726
68,66,Organised,1690,23444
36,33,Organised,6548,64714
28,34,Organised,802,6526
50,53,Organised,6338,48648
51,50,Organised,1617,65065
51,51,Organised,5560,71298
32,28,Organised,5719,71831
53,49,Organised,4452,40434
50,53,Organised,2774,53443
72,68,Organised,4161,39110
40,39,Organised,2742,22654
35,30,Organised,4111,5704
32,28,Organised,7605,18310
53,53,Organised,3374,32893
73,67,Organised,3306,155
53,53,Organised,4781,65408
49,52,Organised,3052,38317
72,70,Organised,4779,4824
51,50,Organised,5609,40753
51,50,Organised,7058,28674
37,37,Organised,6487,18423
51,49,Organised,1952,50177
68,71,Organised,3659,52795
40,38,Organised,7235,36965
68,71,Organised,5584,32963
51,50,Organised,1889,28141
51,49,Organised,5281,25540
68,66,Organised,5828,17212
36,36,Organised,7469,53588
50,53,Organised,195,58769
73,67,Organised,4699,71399
28,34,Organised,6309,56811
71,67,Organised,1209,48991
53,50,Organised,780,66358
53,49,Organised,3451,34427
53,52,Organised,1498,52155
35,30,Organised,4189,1100
32,28,Organised,640,25903
52,51,Organised,7080,14958
71,67,Organised,4067,9020
