strong_attack,strong_midfield,strong_deffense,strong_aggression,strong_preassure,st_id,id
83,81,82,35,70,3732,250391
72,72,74,50,50,7567,25166
77,74,73,55,45,3606,644765
83,83,82,45,60,641,801698
83,81,78,30,30,7327,529819
79,77,76,60,65,691,602996
83,81,80,30,30,22,178917
73,74,74,60,65,3096,521497
81,80,76,60,35,1437,509649
70,70,68,70,60,4014,457290
77,81,79,40,35,3161,527671
73,74,74,70,70,1342,148465
76,70,74,45,30,1457,789236
75,70,73,45,35,7769,707360
73,74,74,60,65,4154,16604
67,69,65,65,65,3006,804093
77,74,73,55,45,3995,76149
73,75,74,70,45,7581,296551
77,77,74,70,55,1392,740439
71,71,68,70,50,4864,239656
81,84,82,70,65,7297,46230
70,70,68,70,60,5769,202817
72,74,73,70,70,1979,346757
73,74,74,70,70,6101,617234
81,80,76,60,35,766,372791
77,77,74,70,55,988,509642
81,79,79,46,58,1672,31109
69,68,67,70,60,5061,224703
73,72,70,70,55,2974,636482
77,77,74,70,55,4895,491747
71,71,68,70,50,6750,665625
77,81,79,40,35,1982,208627
76,75,74,30,30,150,68855
73,72,70,70,55,5019,61886
83,81,80,30,30,5979,428487
83,83,82,45,60,7738,443807
82,82,82,60,55,1015,610283
70,67,67,70,50,1422,311470
71,71,68,70,50,842,75008
81,80,76,60,35,3359,278741
72,72,74,50,50,8,749579
83,81,80,30,30,2646,559777
83,83,82,45,60,4785,310801
73,74,74,60,65,3202,804127
82,82,82,60,55,4590,250789
81,84,82,70,65,6362,413479
76,75,74,30,30,5217,87898
81,79,79,46,58,3592,637024
83,81,80,30,30,1661,402221
81,80,76,60,35,1746,438154
76,70,74,45,30,7220,68785
83,83,82,45,60,6505,250626
83,81,78,30,30,6719,401404
82,82,82,60,55,7162,355040
72,71,70,50,70,5672,436518
73,73,74,60,70,4053,396263
83,81,80,30,30,4016,170682
83,81,78,30,30,5833,157014
76,70,74,45,30,5740,484649
82,82,82,60,55,2215,762832
81,84,82,70,65,4709,546733
81,80,76,60,35,6182,750443
75,70,73,45,35,3030,6392
83,81,82,35,70,4591,75755
76,70,74,45,30,6108,638657
83,81,78,30,30,7654,231526
81,84,82,70,65,2726,810334
83,83,82,45,60,1302,462396
83,81,82,35,70,7424,401924
83,81,78,30,30,4772,438543
83,83,82,45,60,6731,247493
81,80,76,60,35,91,388704
83,83,82,45,60,7455,675062
81,79,79,46,58,5702,139221
83,83,82,45,60,4794,101439
83,81,82,35,70,5145,353848
74,74,73,60,45,7291,720913
81,79,79,46,58,854,807051
81,84,82,70,65,2239,770761
73,75,74,70,45,7606,575482
83,81,78,30,30,3718,762261
83,83,82,45,60,393,449443
82,82,82,60,55,2922,714855
73,73,74,60,70,6768,439663
79,77,76,60,65,1694,739509
71,71,68,70,50,4098,792444
78,73,74,70,60,5223,391249
77,77,74,70,55,7095,512058
81,80,76,60,35,4473,314435
81,79,79,46,58,3385,426375
81,84,82,70,65,485,163787
66,66,70,70,70,904,153828
78,73,74,70,60,1266,86211
74,74,73,60,45,3826,292131
73,74,74,60,65,1401,421848
73,72,70,70,55,628,641180
83,83,82,45,60,1148,161041
75,70,73,45,35,242,584273
77,74,73,55,45,6708,219748
81,80,76,60,35,630,380655
77,81,79,40,35,1128,310912
71,71,68,70,50,7267,309852
81,84,82,70,65,6994,637615
77,77,74,70,55,4565,36649
73,74,74,70,70,1567,119962
81,79,79,46,58,7575,188115
79,77,76,60,65,1951,1046
83,81,80,30,30,7571,460785
77,81,79,40,35,4300,221489
71,71,68,70,50,2553,13007
82,82,82,60,55,6867,344522
72,71,70,50,70,4049,733658
83,81,82,35,70,812,586419
73,75,74,70,45,3162,541654
76,70,74,45,30,3025,216202
77,74,73,55,45,5115,195550
67,69,65,65,65,7626,135957
67,69,70,70,45,5232,549558
81,80,76,60,35,5385,428496
75,70,73,45,35,3530,229488
83,83,82,45,60,2119,476378
83,81,82,35,70,3208,525103
76,75,74,30,30,2997,381573
73,74,74,70,70,5997,50402
81,84,82,70,65,4420,434307
72,74,73,70,70,217,342151
83,81,80,30,30,4088,667053
81,80,76,60,35,6093,302564
83,83,82,45,60,5943,686565
79,77,76,60,65,2456,524805
72,71,70,50,70,5837,785328
81,79,79,46,58,110,727053
74,74,73,60,45,2173,55801
71,71,68,70,50,2255,175657
73,72,70,70,55,4491,175512
83,81,78,30,30,4639,282289
73,75,74,70,45,2104,572715
77,74,73,55,45,7198,384040
81,84,82,70,65,4405,577885
83,81,82,35,70,2997,678740
83,81,80,30,30,4820,304075
81,80,76,60,35,4664,417221
75,73,72,70,70,5368,156807
73,73,72,70,65,2428,236917
78,73,74,70,60,1717,736107
77,77,74,70,55,3034,502308
74,74,76,48,38,4602,476363
61,60,61,50,48,643,709083
80,80,76,62,47,5175,780335
81,79,79,55,34,2242,17057
83,83,82,46,61,713,416251
74,73,74,51,47,7651,659047
75,74,74,68,29,2133,637772
82,79,78,43,41,6659,387670
81,80,82,43,60,1107,631381
80,81,81,53,50,77,147370
80,80,79,58,48,5380,804570
72,72,73,70,20,5703,180136
79,74,74,58,30,1548,226894
80,80,76,62,47,3929,325452
66,68,69,60,43,6761,232586
79,78,79,42,35,1419,487609
76,76,75,50,31,2630,783753
82,79,78,43,41,2311,671785
74,72,71,47,38,4206,698889
75,72,74,47,47,2100,479349
80,80,79,58,48,148,339904
74,72,71,47,38,1097,467988
75,72,74,47,47,6837,176613
80,80,79,58,48,5679,612944
76,76,75,50,31,961,518819
81,80,82,43,60,1319,21746
81,82,80,49,47,1974,175304
79,78,79,42,35,106,722018
83,83,82,46,61,429,81134
70,70,68,60,34,4421,74712
82,79,78,43,41,5367,786928
81,80,82,43,60,1787,134529
72,72,73,70,20,1292,629159
81,79,79,55,34,4164,523599
78,76,74,40,30,1298,20401
76,73,74,60,59,594,467659
80,80,76,62,47,7005,674077
80,81,81,53,50,4910,687841
75,72,74,47,47,1280,87888
75,72,74,47,47,6094,588157
79,74,74,58,30,761,405438
81,80,82,43,60,4957,544795
82,79,78,43,41,7173,532397
81,80,82,43,60,6422,498882
77,75,74,48,45,2100,482050
83,83,82,46,61,2627,648017
72,71,73,29,44,1802,217952
74,73,72,59,42,4907,8704
74,74,76,48,38,6409,806691
75,72,74,47,47,7800,808022
81,82,80,49,47,2694,373440
80,80,79,58,48,3164,258917
76,73,74,60,59,1383,96757
75,72,74,47,47,7550,192648
72,71,73,29,44,5788,665451
76,76,75,50,31,7295,718893
74,74,76,48,38,3543,25692
73,74,73,57,50,5921,12354
80,80,76,62,47,4540,167042
81,79,79,55,34,1141,334158
80,80,79,58,48,6810,580170
80,81,81,53,50,7060,343975
78,76,74,40,30,1921,650087
74,73,74,51,47,3079,168906
82,79,78,43,41,3144,765805
81,80,82,43,60,7700,529083
83,83,82,46,61,7724,591957
76,73,74,60,59,5521,184598
77,75,74,48,45,900,463514
72,71,70,47,39,5245,113623
80,80,79,58,48,2200,156290
79,78,79,42,35,3552,770186
80,80,79,58,48,55,302526
72,70,68,60,41,6259,416384
81,79,79,55,34,1927,537024
81,80,82,43,60,3042,808172
83,83,82,46,61,4505,435074
80,80,76,62,47,4366,354808
71,73,71,45,48,3491,253662
74,74,76,48,38,246,785460
76,73,74,60,59,5492,390943
80,81,81,53,50,3686,161762
78,76,74,40,30,7090,250055
80,80,76,62,47,2812,318387
81,79,79,55,34,1363,620540
76,76,75,50,31,4477,261338
83,83,82,46,61,4604,719687
77,75,74,48,45,5729,150341
73,74,73,57,50,1020,95443
81,82,80,49,47,4766,788091
80,81,81,53,50,4071,779607
80,80,79,58,48,713,506313
72,72,73,70,20,4657,719887
81,79,79,55,34,1722,598768
72,71,70,47,39,3316,810404
71,73,71,45,48,252,355498
75,71,72,37,34,3993,705974
78,78,74,61,61,1471,45754
77,78,76,42,41,3313,440224
82,83,81,47,43,924,482371
82,84,80,47,44,5444,330129
76,77,78,42,48,915,685314
68,70,67,43,32,2724,181636
83,82,80,55,45,7304,311124
77,74,72,55,45,5262,108150
73,73,73,47,33,1453,335921
80,80,79,47,47,5515,750758
81,74,77,55,45,5970,736620
72,72,68,59,42,2395,147489
86,79,77,55,60,6784,443636
76,74,70,44,35,4721,301141
76,74,70,44,35,1532,108668
74,73,75,48,58,5198,692271
77,78,76,42,41,5471,759812
83,81,83,42,61,7676,283428
74,78,73,44,50,4842,577644
73,73,75,23,24,815,318068
81,81,75,49,42,692,779266
82,83,81,47,43,2482,292349
82,84,80,47,44,1489,86359
70,74,72,35,35,3020,163232
74,78,73,44,50,4779,1029
84,86,83,50,37,7274,725163
71,74,74,45,47,49,802391
83,81,83,42,61,4643,637005
83,82,80,55,45,5892,156709
86,79,77,55,60,4567,239766
73,73,73,44,47,7216,481546
82,83,81,47,43,753,443069
81,81,75,49,42,2604,333665
78,78,74,61,61,4096,27439
80,80,79,47,47,7112,81001
83,81,83,42,61,7502,660481
77,74,72,55,45,2754,595576
75,74,72,40,40,5173,354388
75,71,72,37,34,7188,348735
74,74,72,38,37,7411,151654
83,81,83,42,61,5548,586378
82,84,80,47,44,2238,104599
81,81,75,49,42,5848,413394
77,74,72,55,45,2875,676619
78,78,74,61,61,2970,764221
84,86,83,50,37,1732,183458
81,74,77,55,45,6607,33954
81,81,82,46,36,4438,567696
77,78,76,42,41,6949,293352
80,80,79,47,47,1963,558506
82,84,80,47,44,860,541637
83,82,80,55,45,5988,169743
84,86,83,50,37,1944,754854
82,83,81,47,43,5442,325921
77,78,76,42,41,7355,551360
82,84,80,47,44,1014,221928
80,80,79,47,47,6617,540310
84,86,83,50,37,6153,719077
83,82,80,55,45,7663,306025
81,81,82,46,36,1751,204609
82,84,80,47,44,5360,575923
84,86,83,50,37,612,235725
82,83,81,47,43,3679,252752
84,86,83,50,37,5385,10402
82,84,80,47,44,1486,453810
84,86,83,50,37,2457,54062
74,78,73,44,50,3428,736768
81,81,75,49,42,4888,480806
78,78,74,61,61,4862,281561
76,74,70,44,35,7499,424455
82,83,81,47,43,3963,451126
81,81,82,46,36,2545,514396
82,84,80,47,44,2617,701022
76,73,74,58,46,1693,212673
65,69,70,50,40,6511,665216
73,73,75,23,24,1803,233874
77,78,76,42,41,387,65122
73,73,73,50,40,7243,526204
72,72,68,59,42,633,394199
83,81,83,42,61,2344,175389
83,81,83,42,61,1318,457639
83,82,80,55,45,1958,33360
81,74,77,55,45,152,273621
81,81,82,46,36,2672,97547
81,81,75,49,42,5911,167578
77,78,76,42,41,930,330418
71,74,74,45,47,3885,184814
82,84,80,47,44,6395,210146
76,77,78,42,48,6831,195133
77,74,72,55,45,690,164510
81,81,75,49,42,3847,196971
73,73,73,47,33,4820,449895
86,79,77,55,60,4286,464807
81,74,77,55,45,5693,545878
83,81,83,42,61,525,768099
86,79,77,55,60,4924,702106
73,73,73,44,47,7222,387254
76,74,70,44,35,4559,516514
82,84,80,47,44,6230,441504
74,74,72,38,37,136,215352
80,80,79,47,47,7154,598186
71,74,74,45,47,201,150677
74,78,73,44,50,6191,756216
76,77,78,42,48,2620,41368
86,79,77,55,60,7022,609257
77,74,72,55,45,2402,468539
82,84,80,47,44,6467,3220
74,78,73,44,50,2180,365838
83,82,80,55,45,1679,310931
80,80,79,47,47,5224,289537
81,81,75,49,42,2282,719402
84,86,83,50,37,3420,632976
82,83,81,47,43,1773,234575
80,75,73,51,51,750,451232
83,81,83,42,61,2389,407292
73,73,73,47,33,1009,307170
75,74,72,40,40,4999,302870
83,82,80,55,45,2616,552293
70,69,68,39,34,1356,457920
82,84,80,47,44,6507,493368
81,74,77,55,45,1695,531836
76,77,78,42,48,1977,135596
77,78,76,42,41,237,326438
82,83,81,47,43,4248,444816
74,78,73,44,50,3187,740067
83,81,83,42,61,3351,673433
73,73,73,47,33,3960,749493
80,75,73,51,51,445,263978
75,77,73,59,42,4159,10010
74,74,72,38,37,1222,89858
76,74,70,44,35,3386,248088
78,78,74,61,61,2276,338235
82,83,81,47,43,3726,792130
82,84,80,47,44,76,595129
71,74,74,45,47,4126,452415
75,74,72,40,40,4016,418310
83,82,80,55,45,6901,294064
80,80,79,47,47,2662,27923
74,69,69,42,35,2362,334076
84,86,83,50,37,2987,671445
86,79,77,55,60,4272,687824
80,82,81,55,45,7542,594530
86,80,79,55,60,6237,118828
82,73,76,55,45,5458,243159
72,74,75,42,43,6237,684701
72,67,71,42,35,7410,90657
77,76,73,44,35,6640,296313
86,86,83,50,37,3252,433008
83,74,74,59,42,5128,146173
81,76,79,46,31,3180,237429
82,82,83,37,61,7143,390340
86,80,79,55,60,3195,46496
81,76,79,46,31,154,697142
68,74,74,44,47,2282,278449
79,73,70,45,33,2257,360139
86,86,83,50,37,189,287713
75,74,72,40,40,891,525471
77,75,73,58,46,3407,615030
81,82,75,60,50,2074,37765
76,77,75,44,50,2996,150271
82,73,76,55,45,2678,606774
83,81,82,37,61,7575,599355
79,74,74,58,46,7663,317775
83,81,82,37,61,2038,93314
85,84,82,56,47,2621,604389
84,80,80,49,47,3787,178132
80,78,80,42,48,5989,97623
78,76,74,44,50,7361,175103
83,80,83,37,61,92,597909
85,84,82,56,47,5028,655821
82,80,80,46,36,7304,572871
86,79,78,55,60,1138,294068
80,74,73,59,42,899,151778
74,69,70,44,33,1200,163581
81,83,81,59,46,173,85118
77,75,72,44,35,3296,458111
78,70,69,45,55,4369,337744
80,80,80,47,47,689,674398
83,80,83,37,61,7462,633436
77,75,72,44,35,3308,127978
79,74,75,55,45,7475,501454
86,79,78,55,60,6678,668195
86,86,83,50,37,6975,620278
82,75,79,46,31,1887,624616
81,83,81,59,46,7299,324137
86,86,83,50,37,1894,6391
83,80,83,37,61,4938,588363
81,83,81,59,46,6834,701696
83,80,83,37,61,6516,86668
86,86,83,50,37,5745,603076
84,86,83,50,37,4567,300713
80,84,81,59,46,2458,510271
74,69,70,48,61,5663,74565
73,75,74,37,34,2,299827
82,78,80,46,36,6864,794531
84,86,83,50,37,3435,646724
84,79,81,49,47,2091,328830
72,69,71,59,42,3371,291147
85,84,82,56,47,7603,195334
73,74,75,42,43,3286,471777
80,84,81,59,46,891,414021
76,69,69,45,55,5194,514826
79,77,72,51,51,3223,258931
78,78,76,35,35,6327,53592
79,74,67,45,43,1110,390963
82,82,80,47,47,62,713216
81,75,73,59,42,1754,101868
83,81,82,37,61,3665,471060
74,69,70,44,33,7767,301423
78,76,72,44,35,7512,1594
80,75,77,55,45,2321,704183
84,86,83,50,37,4210,89720
85,84,82,56,47,815,694174
81,75,73,59,42,5081,800283
80,84,81,59,46,2743,272565
82,82,80,47,47,1692,694414
79,73,70,45,33,7479,419012
84,77,78,46,31,1964,438702
73,69,69,42,35,7199,630394
79,79,79,42,48,7132,500128
83,81,82,37,61,4033,586754
73,75,74,37,34,7115,495681
72,73,66,55,35,1960,34299
83,81,82,37,61,5383,110161
80,84,81,59,46,1325,239960
75,77,75,45,47,1994,109358
85,80,78,55,60,563,499152
78,76,74,44,50,6831,123654
84,86,83,50,37,4431,797280
84,77,78,46,31,2529,386205
76,73,74,58,46,4824,448894
76,69,69,45,55,6426,659608
85,80,78,55,60,171,489269
80,75,77,55,45,1442,718798
80,84,81,59,46,742,503821
84,77,78,46,31,832,365614
82,78,80,46,36,4373,87805
85,84,82,56,47,681,458901
85,79,75,62,67,5492,649455
79,71,72,47,33,4714,82439
81,75,73,59,42,7061,218936
79,73,70,45,33,4329,315485
83,81,82,37,61,462,500254
73,74,75,42,43,4027,52981
78,76,72,44,35,511,730964
84,79,81,49,47,1617,558766
82,78,80,46,36,5973,303604
80,75,77,55,45,2705,453816
76,69,69,45,55,7405,312083
85,84,82,56,47,4171,263259
75,77,75,45,47,6115,785270
85,79,75,62,67,6679,411228
85,80,78,55,60,5931,712885
79,79,79,42,48,3082,291878
85,80,78,55,60,6781,364337
72,74,75,44,47,4175,18391
84,79,81,49,47,3891,609011
74,72,76,32,24,1557,140957
85,84,82,56,47,3046,506713
75,77,75,45,47,2630,348166
82,82,80,47,47,1651,486650
74,77,67,35,35,3254,642481
78,76,74,44,50,2290,691759
73,75,74,37,34,5045,571288
83,81,82,37,61,4418,767684
85,84,82,56,47,6750,522777
85,79,75,62,67,5947,364939
79,71,72,47,33,6934,214694
79,74,67,45,43,5228,770564
74,72,76,32,24,4838,733133
78,78,76,35,35,1501,249913
84,86,83,50,37,6086,805900
82,82,80,47,47,6681,62493
76,73,74,58,46,6738,470222
79,74,67,45,43,1972,430303
76,73,74,58,46,1247,91499
75,77,68,35,35,4544,183299
72,73,66,55,35,7053,756679
84,74,77,46,31,4935,765964
82,79,79,42,48,6921,261969
73,71,72,44,47,6064,433320
82,80,80,47,43,135,725686
85,80,81,46,36,278,633854
79,83,81,57,44,269,810452
74,72,75,37,24,1232,652532
72,71,67,47,47,5676,236346
81,74,69,38,36,4017,332872
80,81,80,47,47,317,411999
85,81,79,55,60,5781,695621
82,81,84,37,61,5270,79407
86,85,83,50,37,7711,430395
73,74,74,47,50,1512,761863
83,85,81,57,44,6496,375464
86,79,75,55,57,7214,210520
73,74,74,44,47,2245,406338
75,74,75,44,47,924,708811
76,79,75,47,50,3506,44831
69,69,69,45,55,1787,15250
83,82,80,46,36,4978,419749
81,73,72,59,42,3239,684519
75,76,76,48,58,5519,188357
83,79,79,47,43,3547,155698
71,71,69,45,55,2969,654290
86,86,83,50,37,2847,62370
83,76,76,46,31,4201,569736
82,82,80,59,46,3416,760742
79,73,75,58,46,4022,765597
78,77,75,47,47,5136,195303
82,79,80,47,47,225,652417
84,80,80,46,36,3934,333277
82,85,81,57,44,722,605681
80,80,79,42,48,668,114442
76,79,76,47,50,1799,618437
73,74,73,44,47,7030,181520
74,77,76,45,47,3609,460727
83,79,79,47,43,3003,160351
84,77,74,55,57,133,477956
74,72,75,37,24,5113,147584
82,79,80,47,47,67,46543
86,81,79,55,60,6001,142213
82,79,80,47,47,2303,775790
76,75,73,44,35,5051,12254
75,75,76,48,58,1653,747432
86,86,83,50,37,6494,253107
80,78,75,55,45,5301,440393
82,82,80,59,46,5424,67127
74,77,76,45,47,2748,577051
82,85,81,57,44,1990,222630
82,81,84,37,61,1883,785793
78,77,75,47,47,5991,477261
84,77,74,55,57,4700,526195
86,86,83,50,37,5174,629067
80,78,75,55,45,2181,466853
83,79,79,47,43,2261,739211
82,80,80,46,36,7730,228967
80,80,79,42,48,1753,601424
82,79,80,47,47,1636,153731
86,86,83,50,37,6101,523395
82,81,84,37,61,2850,670319
84,76,75,50,48,7215,46424
78,77,75,51,51,7601,374631
80,82,80,59,46,1413,664220
82,80,80,46,36,943,794882
80,80,79,42,48,2038,623222
82,85,81,57,50,496,391900
82,81,84,37,61,3513,398989
77,78,75,55,45,1808,160628
84,76,75,50,48,5040,588707
84,80,80,55,60,7123,111167
80,80,79,42,48,5481,437342
82,81,84,37,61,28,97066
82,85,81,57,50,5472,734595
84,80,80,55,60,477,757774
82,85,81,57,50,7435,191951
84,80,80,55,60,6669,312873
82,81,84,37,61,2630,115971
82,85,81,57,50,7449,90834
73,73,73,44,47,2269,235193
73,73,73,44,47,4394,500326
73,74,73,44,47,861,416761
73,74,73,44,47,225,412119
76,79,76,47,50,3296,488845
77,78,77,47,50,1272,29968
76,79,76,47,50,6768,626363
77,78,77,47,50,422,246901
83,78,79,47,43,3360,554340
83,78,79,47,43,3842,37257
83,79,79,47,43,1151,168186
83,79,79,47,43,6918,99731
84,82,82,57,50,1627,74539
84,82,82,57,50,5618,755334
84,83,82,57,44,2295,655024
84,83,82,57,44,5813,660168
75,80,80,42,48,182,586342
75,80,80,42,48,1955,213890
76,80,80,42,48,3466,544886
76,80,80,42,48,797,148672
86,84,83,50,37,5794,150176
86,84,83,50,37,4553,26984
86,84,83,50,37,1667,426807
86,84,83,50,37,7114,242060
81,79,82,59,46,6873,578772
81,79,82,59,46,5703,160294
81,79,82,44,34,4956,778573
81,79,82,44,34,6910,656236
70,70,70,48,61,1800,438725
70,70,70,48,61,5743,371767
70,71,69,48,61,6400,366784
70,71,69,48,61,1610,641400
78,74,74,58,46,5664,628437
76,75,70,44,35,94,362471
79,73,74,58,46,1866,505602
76,75,70,44,35,7352,275818
84,82,82,57,50,3502,8576
84,82,82,57,50,789,332126
84,83,82,57,44,291,535403
84,83,82,57,44,4392,371330
74,72,75,37,24,6871,430909
74,72,75,37,24,986,678588
74,72,75,37,24,7645,691319
74,72,75,37,24,3015,12747
71,69,69,50,40,3472,327220
71,69,69,50,40,4276,647113
70,71,66,47,47,5992,639795
70,71,66,47,47,3155,782568
81,73,72,59,42,5916,796930
78,75,75,59,42,6108,456018
81,73,72,59,42,7220,442195
78,75,75,59,42,6404,149319
78,75,76,56,44,5154,422087
82,75,76,46,31,5520,619939
78,75,76,56,44,1986,705422
82,75,76,46,31,3572,688814
83,78,79,47,43,653,193787
83,79,79,47,43,344,315387
83,78,79,47,43,3737,213601
83,79,79,47,43,2090,146073
84,76,74,50,48,4031,87137
83,77,76,50,48,296,365744
84,76,74,50,48,1779,732099
83,77,76,50,48,3390,792022
78,74,74,58,46,7593,153535
78,74,74,58,46,5601,642327
79,73,74,58,46,3572,311944
79,73,74,58,46,3407,704572
81,79,82,59,46,3911,518878
81,79,82,44,34,2565,370309
81,79,82,59,46,6267,274649
81,79,82,44,34,6906,84385
77,74,75,51,51,4372,614240
77,77,74,51,51,2646,746120
77,73,76,48,58,6569,351107
77,73,76,48,58,3736,392672
75,77,76,45,47,1104,216842
78,76,75,47,47,6809,546977
77,73,69,45,33,6562,185308
77,78,77,47,50,4583,430593
83,82,82,37,61,3199,52813
76,72,75,37,24,150,198059
85,80,80,46,36,5500,607649
83,83,79,57,44,805,657076
73,71,72,47,47,2968,230941
65,72,70,47,33,5041,377727
83,79,79,47,47,7707,401211
73,71,72,47,47,7582,309452
83,83,79,57,44,2571,286278
76,72,75,37,24,5486,795881
74,74,73,38,36,3315,81359
85,76,76,50,48,5205,490763
82,80,81,37,61,5969,379052
70,70,68,47,47,1644,97594
72,69,69,45,33,1695,771015
73,71,71,47,47,4211,787412
75,76,73,40,40,5046,95581
81,79,75,55,45,4964,525687
77,74,74,47,47,3609,326642
82,77,78,47,43,3292,527844
80,79,79,42,48,183,493353
82,80,81,37,61,7785,29409
73,64,70,44,33,1185,450961
78,74,74,44,35,4886,13186
85,80,80,46,36,5624,289634
77,74,74,47,47,5709,732842
75,76,73,40,40,2684,551726
72,69,69,45,33,6193,726991
87,80,80,55,60,3897,285021
75,73,76,44,47,1056,247611
82,77,78,47,43,1287,391880
81,79,75,55,45,1171,413644
83,83,79,57,44,2101,628561
78,77,73,51,51,2792,214440
77,72,72,51,51,2100,653621
76,65,74,48,58,6848,267752
77,72,72,51,51,4675,669979
73,72,67,48,51,7321,680283
77,72,74,59,42,2310,302821
77,72,72,51,51,3916,350725
76,75,73,44,35,4666,767873
74,69,67,55,48,1046,415493
75,73,75,44,47,3078,684570
79,84,80,57,44,7175,34977
71,72,70,50,40,5150,29930
82,81,80,46,36,188,404293
78,76,82,44,34,5341,121808
80,80,78,50,48,1504,752816
82,80,82,37,61,5665,111560
82,79,80,46,36,5924,154410
75,72,76,56,30,6192,185898
80,71,74,38,37,6576,400631
68,67,68,50,40,6996,356894
82,78,79,47,43,5715,365542
64,69,70,48,51,2419,344952
80,84,82,47,37,1749,677877
73,69,68,44,33,96,231545
75,76,75,45,47,2811,222402
78,76,74,58,46,2704,807474
81,80,78,50,48,7576,351556
82,81,82,37,61,577,561964
82,80,79,46,36,660,373083
82,78,79,47,43,6263,725173
80,75,72,59,42,6749,425837
78,78,74,47,50,3765,773834
82,80,82,57,44,6449,273043
77,74,73,44,35,3815,322437
72,69,69,58,46,5462,298100
79,81,79,42,48,3505,307908
86,80,81,55,60,810,629127
72,72,67,47,47,3179,740183
75,74,71,40,40,3851,70666
72,71,71,47,47,3428,594140
82,81,82,37,61,3357,312505
81,79,75,55,45,7496,243600
78,77,75,47,47,3948,426879
82,78,79,47,43,7300,508572
77,74,73,44,35,5075,763295
72,73,67,45,35,4626,780689
86,80,81,55,60,3071,792205
83,80,77,47,47,5772,643305
80,74,74,38,37,7375,514773
82,81,82,37,61,653,461068
77,68,69,45,35,1501,48512
77,74,73,44,35,1903,129795
72,69,69,58,46,3323,90886
75,74,77,56,44,7269,431739
82,81,82,37,61,5428,394733
81,79,75,55,45,2733,631139
77,74,73,44,35,1229,506274
77,68,69,45,35,1989,21024
86,80,81,55,60,3851,800994
82,80,83,37,61,1910,49385
76,76,73,44,35,873,469812
86,80,81,55,60,5212,311715
78,69,72,45,35,331,41012
86,80,81,55,60,2439,398701
69,72,70,47,33,6769,305651
82,82,78,57,44,1515,707337
78,73,74,56,30,170,721809
71,72,70,47,47,3429,498980
80,80,80,46,36,3407,730556
76,76,73,44,35,1590,162457
78,77,75,47,47,3885,17921
76,77,78,45,47,5369,503630
79,79,77,44,34,2471,442072
78,82,77,50,48,1406,12699
70,71,67,47,47,4567,141311
78,73,74,56,30,2321,697973
82,82,78,57,44,4503,575171
81,78,78,47,43,4720,131835
86,80,81,55,60,6415,307480
80,75,72,59,42,62,45540
86,80,81,55,60,664,586503
75,74,77,56,44,706,115847
82,80,83,37,61,1263,727495
81,78,75,55,45,99,771481
82,82,78,57,44,5893,216684
78,73,74,56,30,4815,20702
83,80,75,47,47,6388,323504
71,72,70,47,47,4607,621796
78,72,74,38,37,419,604087
72,70,72,44,33,6999,297127
78,77,75,47,50,2205,498688
79,77,74,58,46,6852,801553
80,80,80,46,36,7632,368180
69,68,68,30,33,1704,350030
78,73,74,56,30,1088,75110
78,72,74,38,37,1809,793307
82,80,83,37,61,6513,354674
71,70,67,45,35,4564,477237
79,79,77,44,34,3450,686290
78,82,77,50,48,5250,546158
86,80,81,55,60,7661,692266
76,76,73,44,35,4663,220612
81,78,75,55,45,492,453999
72,70,72,44,33,5565,40680
81,78,75,55,45,4808,789428
75,74,77,56,44,3805,317824
69,72,70,47,33,3480,328208
86,80,81,55,60,5557,63364
80,81,77,42,48,2865,439516
82,82,78,57,44,983,291210
71,71,70,45,35,1377,694913
80,84,82,47,37,2449,489339
78,82,77,50,48,4270,20640
83,80,75,47,47,3261,255966
80,75,72,59,42,1278,291091
69,72,70,47,33,4926,374312
76,77,78,45,47,4748,189036
82,80,83,37,61,7202,327715
86,80,81,55,60,315,691196
75,72,74,44,47,3437,672892
80,80,80,46,36,5332,154734
79,79,77,44,34,3814,650731
72,71,71,45,33,683,456471
78,72,74,38,37,7345,87656
78,77,75,47,50,4349,31687
75,74,77,56,44,6372,174661
72,70,72,44,33,5783,68867
80,75,72,59,42,536,785279
78,77,70,51,55,5789,537380
81,78,76,55,45,2067,252151
87,82,80,55,60,5749,660454
76,74,72,50,40,1346,419221
74,72,72,45,33,3172,20755
83,85,84,47,37,470,315408
76,72,70,45,35,2284,734220
75,77,76,50,45,567,416069
74,74,73,53,48,2586,424253
83,81,83,37,61,7018,126189
79,76,74,58,46,5638,431978
77,77,77,45,51,3398,429774
81,82,81,46,36,2792,370544
85,81,79,47,47,1793,641490
74,73,75,48,57,3701,501158
80,84,81,57,44,7434,540031
88,73,72,56,37,981,503283
83,85,84,47,37,7221,173923
74,74,73,36,46,1512,314675
87,82,80,55,60,2553,693940
75,77,76,50,45,6920,396167
81,78,76,55,45,218,427361
81,79,81,47,43,3615,3297
81,82,81,46,36,1571,143464
80,84,81,57,44,4800,232010
79,76,74,58,46,2896,349901
74,72,72,47,33,6240,668724
83,81,83,37,61,6297,677516
85,81,79,47,47,1486,426265
76,75,75,44,47,143,510742
74,73,75,48,57,3665,129055
78,73,74,59,42,3474,760306
79,74,78,56,44,4847,353081
78,79,75,44,35,4199,652478
78,77,71,51,55,3845,51885
82,79,80,47,43,615,394582
82,79,80,47,43,2654,509850
81,78,77,50,48,4162,362135
77,74,76,58,46,3352,319617
80,82,77,56,58,1417,440398
79,79,80,44,34,3831,231006
85,79,79,47,47,4447,60587
82,82,81,46,36,1195,385400
80,73,73,59,42,845,625342
80,82,77,56,58,3947,574132
78,77,77,47,47,2792,665855
81,78,77,50,48,7191,372715
82,79,80,47,43,5455,699095
78,77,74,55,45,6927,339714
76,72,76,56,35,1786,248726
81,78,77,50,48,2003,347319
83,81,83,37,61,6009,191626
82,82,81,46,36,3133,537898
78,84,80,57,44,6027,404394
80,82,77,56,58,3871,355563
81,73,78,56,44,395,181775
77,78,76,50,45,4135,42279
80,73,73,59,42,1985,370693
88,81,78,55,60,3755,355595
79,79,80,44,34,4757,51318
76,72,76,56,35,3660,777205
74,77,75,55,66,6081,369174
78,77,74,55,45,1814,172469
74,72,69,45,35,3749,266889
81,73,78,56,44,6396,660749
80,76,75,65,35,5613,292816
82,82,81,46,36,6486,303404
82,79,80,47,43,494,771192
74,75,73,51,38,1491,631807
83,81,83,37,61,3487,642124
82,75,72,56,37,1579,446589
80,82,77,56,58,3874,20971
76,74,75,40,40,4056,160638
77,74,76,58,46,7487,690286
81,85,84,47,37,909,374030
88,81,78,55,60,195,152237
72,76,76,63,54,7040,630367
76,76,79,45,51,1889,166926
82,79,80,47,43,4761,561568
78,84,80,57,44,2911,557269
74,75,73,51,38,7787,238767
79,79,80,44,34,1407,187496
78,77,74,55,45,4276,363537
81,85,84,47,37,3719,546274
88,81,78,55,60,1223,507399
80,82,77,56,58,3185,229442
80,76,75,65,35,4317,189676
85,79,79,47,47,590,42986
82,82,81,46,36,3254,103808
78,77,77,47,47,2968,97118
77,78,76,50,45,363,82990
78,84,80,57,44,7487,677900
88,81,78,55,60,4644,567846
78,77,74,55,45,97,342685
85,79,79,47,47,4759,299283
79,79,80,44,34,7624,168997
80,82,77,56,58,3317,52919
76,76,79,45,51,6911,96838
78,77,74,55,45,2593,798360
74,74,73,53,48,284,73060
88,81,78,55,60,6473,165961
82,82,81,46,36,5589,440905
80,82,77,56,58,1037,538913
81,85,84,47,37,3421,732942
85,80,78,47,47,6675,673921
80,82,77,56,58,3358,4313
79,83,82,57,44,2735,653215
85,80,78,47,47,3919,525130
79,83,82,57,44,5108,426958
82,82,80,46,36,5129,48530
78,83,82,57,44,6587,337054
77,78,76,50,45,5480,64203
88,80,77,55,60,5858,136532
81,85,83,47,37,3594,561646
69,66,67,45,35,987,288919
75,77,75,55,45,3918,23230
84,80,83,37,61,6383,636391
82,82,80,46,36,5592,713844
81,78,77,50,48,3595,240723
80,77,75,65,35,7297,192139
73,74,73,44,47,1921,411237
78,83,82,57,44,7656,174471
84,80,83,37,61,2924,652021
80,77,75,65,35,300,477621
74,72,69,45,35,1632,603669
67,71,72,45,55,3721,239802
81,78,77,50,48,2369,361405
85,80,79,47,47,692,645429
84,75,77,56,44,4586,33807
88,80,77,55,60,3499,579148
73,77,76,63,54,3970,291745
84,80,83,37,61,636,398805
80,77,75,65,35,5530,195488
81,85,83,47,37,4264,111929
75,77,75,55,45,97,735039
88,80,77,55,60,6208,32850
84,75,77,56,44,4999,93239
82,82,80,46,36,3101,364121
76,77,78,45,51,2974,73444
78,83,82,57,44,3586,543741
76,79,76,58,46,6781,459293
82,75,74,56,37,5142,420727
82,82,80,46,36,695,457529
76,73,74,59,42,3495,62503
88,80,77,55,60,7131,749731
74,72,69,45,35,7455,450142
80,77,75,65,35,3262,185552
84,75,77,56,44,4269,477691
78,83,82,57,44,1021,39559
81,79,80,47,43,458,656863
84,80,83,37,61,6792,503848
80,82,77,56,58,7200,621717
84,80,83,37,61,5299,85687
80,77,75,65,35,4860,320363
73,71,71,45,33,193,422811
84,75,77,56,44,206,239028
72,72,70,44,33,2395,730216
73,74,73,44,47,4284,726733
81,79,80,47,43,5530,356461
82,82,80,46,36,5813,163395
82,75,74,56,37,3248,32473
73,77,76,63,54,1129,396369
82,75,74,56,37,7243,135129
88,80,77,55,60,6473,583695
73,71,71,45,33,1542,795364
84,75,77,56,44,6439,206692
74,77,75,55,66,5666,78661
74,72,69,45,35,1484,40431
81,85,83,47,37,3467,573355
82,82,80,46,36,6957,719108
78,83,82,57,44,6592,232469
84,80,83,37,61,4976,601289
78,76,77,47,47,2081,69909
78,77,71,51,55,4179,635160
84,80,83,37,61,6688,487013
73,72,70,37,37,5552,788023
82,85,84,58,52,4520,806914
73,75,72,50,40,1055,31562
88,82,80,64,60,4118,489798
80,79,76,55,45,3977,689975
75,75,73,45,33,4352,568197
87,82,85,37,61,2473,6695
74,76,73,44,33,4344,355514
77,76,76,40,40,4811,594536
79,77,76,33,30,3463,463002
78,79,78,50,45,6531,501083
84,82,84,56,58,5696,230578
80,81,80,50,48,2221,219727
85,82,82,47,47,5789,693021
73,74,73,47,33,7567,518897
76,79,76,55,66,1277,343760
73,75,72,50,40,7596,730509
76,79,76,63,54,7083,266136
88,82,80,64,60,136,398000
87,82,85,37,61,7634,290233
80,80,77,65,59,3011,442278
80,79,76,55,45,649,214470
83,85,86,45,41,2457,440531
80,81,84,44,34,2550,785686
85,76,80,56,44,6191,629063
85,82,82,47,47,4843,273815
84,82,84,56,58,1758,758896
79,78,74,58,46,6456,188000
82,83,81,55,52,6437,348196
75,75,76,63,54,1705,326843
85,76,80,56,44,6224,460790
81,81,80,50,48,1495,744172
85,83,84,56,58,5902,74940
76,76,74,33,30,4266,411929
82,86,84,58,52,1684,145782
82,81,85,44,34,4642,212290
84,85,85,45,41,4911,219729
74,76,71,45,35,4,492530
74,75,72,45,33,6932,482925
87,82,85,37,61,489,719232
79,80,77,65,59,1851,1195
82,83,81,55,52,7418,282143
73,76,74,44,47,152,803546
82,77,77,56,37,7539,615879
85,81,81,47,43,3578,527793
78,77,77,63,54,2295,389915
79,78,74,58,46,3635,282038
87,82,85,37,61,4486,322045
79,79,76,55,45,703,275261
82,83,81,55,52,5742,509798
77,76,76,59,42,6669,399992
79,80,77,65,59,1617,259482
79,80,77,65,59,1217,39862
85,82,82,47,47,2544,387611
82,86,84,58,52,327,511885
85,82,82,47,47,5663,696497
71,71,71,69,68,2611,535322
82,86,84,58,52,5931,466496
79,78,74,58,46,3697,730108
79,80,77,65,59,6352,506357
82,86,84,58,52,5256,546754
85,82,82,47,47,6319,237736
82,86,84,58,52,3851,262177
79,78,74,58,46,3625,112513
82,86,84,58,52,1848,585537
85,82,81,47,47,4982,701448
87,82,85,37,61,6980,237886
77,76,76,59,42,6818,725537
79,80,77,65,59,4139,683656
82,83,81,55,52,2226,785197
72,70,68,45,35,2223,534700
87,83,80,64,60,6733,276880
79,79,76,55,45,1255,386105
82,86,84,58,52,2001,710305
82,77,77,56,37,2340,275946
84,85,85,45,41,1674,474458
78,77,77,63,54,4791,649654
85,83,84,56,58,3987,170618
85,82,81,47,47,5114,745525
81,81,80,50,48,7069,788848
82,86,84,58,52,1406,435983
73,75,74,44,47,1265,270085
87,83,80,64,60,7334,63446
79,80,77,65,59,3166,512901
87,82,85,37,61,7732,631370
74,76,71,45,35,6242,523447
85,76,80,56,44,6279,64261
87,81,82,66,76,4243,311486
85,82,85,73,76,1381,259123
79,80,77,55,68,760,637489
80,78,77,41,48,7796,314647
84,82,81,55,43,2184,206499
82,85,83,60,66,2649,396537
85,76,81,67,44,3829,252128
78,76,79,62,58,129,466392
84,85,81,47,47,5104,569838
74,78,76,59,46,844,32541
76,78,77,46,60,2145,595885
74,72,73,69,46,566,436934
74,75,73,66,74,3160,572805
78,76,79,62,58,7182,151384
82,73,77,53,44,6511,55608
85,82,85,73,76,3312,514305
87,81,82,66,76,3323,164476
82,81,79,42,46,6301,33094
75,74,73,54,59,1899,333528
80,78,77,41,48,7778,59518
86,82,80,58,66,7243,501949
85,76,81,67,44,1547,419039
75,73,75,71,75,1577,583483
76,78,76,59,46,799,283965
78,76,79,62,58,4107,363599
79,81,80,42,46,7580,535985
83,84,85,66,75,3003,222648
82,85,84,60,66,6219,675118
84,84,82,47,47,1299,208791
85,74,79,67,44,5632,342522
86,82,80,58,66,4729,686422
81,80,83,33,29,2955,63539
75,78,75,46,60,3301,219769
73,72,69,70,66,4683,536261
84,82,81,66,76,546,422616
76,78,76,59,46,2758,402284
73,73,73,42,44,6002,796117
81,80,83,33,29,212,463568
82,75,77,52,46,2257,237244
85,74,79,67,44,4123,427247
80,79,78,41,48,1690,50281
85,82,85,73,76,6548,725429
82,85,84,60,66,802,146781
75,78,75,46,60,6338,436375
86,82,80,58,66,1617,616183
79,81,80,42,46,5560,642824
84,86,86,62,75,5719,21718
73,72,69,70,66,4452,260906
75,78,76,46,60,2774,344204
82,72,76,53,44,4161,686467
80,76,77,70,66,2742,537977
83,86,81,47,47,4111,440903
84,86,87,62,75,7605,455489
75,77,78,59,46,3374,534424
83,82,85,33,29,3306,443680
79,79,77,60,68,4781,74450
83,82,81,55,43,3052,104149
74,73,72,69,46,4779,428501
85,82,79,58,66,5609,27235
86,83,85,73,76,7058,156260
78,77,78,62,58,6487,215589
84,75,81,67,44,1952,202976
69,72,66,24,29,3659,236651
78,80,77,55,68,7235,595539
73,74,74,71,75,5584,639364
85,82,79,58,66,1889,165716
84,75,81,67,44,5281,429665
80,79,78,41,48,5828,388311
84,83,85,66,75,7469,430684
75,78,76,46,60,195,73355
83,82,85,33,29,4699,80444
81,86,83,60,66,6309,310735
79,74,79,28,25,1209,461483
75,75,73,49,44,780,608432
73,72,71,70,66,3451,786786
77,76,76,55,66,1498,560226
83,86,81,47,47,4189,521819
84,86,87,62,75,640,24296
76,76,74,70,48,7080,337472
78,74,77,28,25,4067,57438
