id,dif_overall,dif_attack,dif_midfield,dif_deffense,dif_bu_speed,dif_bu_passing,dif_cc_crossing,dif_cc_passing,dif_cc_shooting,dif_aggression,dif_preassure,dif_avg_age,ft_id
49751,9,11,7,9,0,-40,-10,0,0,-35,0,-0.729999999999997,1
33815,2,1,5,4,-20,-20,-15,-15,-15,-20,-5,3.03,2
18220,2,4,-1,-1,5,-20,-25,5,-5,-15,0,2.04,3
67565,2,1,1,0,-5,-10,-5,0,35,-15,5,-1.0,4
77534,1,2,2,-1,0,-32,23,11,0,-16,-28,1.53,5
60748,8,10,5,10,0,-35,5,20,0,-10,10,-1.21,6
2698,7,10,8,6,-3,-40,15,-15,-30,-30,-40,1.17,7
2743,15,13,17,16,-5,-25,-15,-5,-5,-10,-5,0.23,8
15296,6,9,9,6,-20,-15,25,40,26,10,-35,1.0,9
66347,1,1,2,1,0,0,0,10,0,0,0,0.66,10
66737,16,14,17,15,0,-40,30,25,0,-30,-35,0.17000000000000198,11
2529,3,0,1,2,-20,0,-5,-5,0,0,5,1.13,12
12399,2,2,-4,1,20,-15,5,-7,0,-15,-15,0.0300000000000011,13
37011,3,5,-1,6,-5,-30,-20,0,0,-25,-35,0.5399999999999989,14
3136,5,6,5,9,-5,0,10,0,-5,-5,0,-1.63,15
55379,2,0,0,0,0,-15,-20,0,0,5,0,2.26,16
75814,5,6,7,3,0,-20,-35,5,-10,-15,-10,2.4,17
80283,3,3,5,6,-5,5,-10,-5,-5,0,-15,-3.3,18
30264,0,4,3,0,20,-5,5,25,0,0,-15,-2.26,19
73023,13,11,14,10,0,0,-10,0,0,0,-20,1.53,20
23815,6,8,10,8,5,25,15,-10,5,10,0,0.73,21
82192,1,0,-1,1,0,-5,5,5,-5,0,-10,0.6699999999999979,22
34407,0,-3,4,0,5,30,30,5,0,25,35,-0.670000000000002,23
9786,4,1,3,4,-20,20,20,15,30,20,0,2.33,24
53847,3,8,6,2,-15,-10,15,5,1,0,-30,0.19999999999999898,25
1622,7,11,11,4,0,-5,5,0,0,0,-15,0.0399999999999991,26
21441,10,12,7,13,0,-8,-23,9,0,-24,3,-2.58,27
18380,0,2,-1,-3,0,10,10,10,5,0,15,-0.73,28
24254,1,2,2,-4,-15,5,0,0,0,20,25,-1.23,29
21488,4,5,6,4,0,15,25,40,30,20,-15,0.0700000000000003,30
15837,0,-1,-1,-6,20,20,10,20,20,20,0,0.5,31
49127,6,4,8,5,0,-40,25,0,0,-20,-35,1.1,32
30522,1,1,5,1,-20,20,30,-35,-40,-15,-5,-0.870000000000001,33
34710,1,-2,-1,-2,-15,0,0,15,0,0,-15,-1.33,34
79834,6,10,7,6,2,-15,5,-10,-25,-30,-35,0.9700000000000021,35
53820,15,16,14,17,-5,-30,-20,5,-5,-15,-5,-0.39999999999999897,36
51242,17,19,18,18,0,-30,10,25,-40,-10,-15,-0.7599999999999979,37
37598,8,10,10,9,0,0,-5,-15,0,0,-20,-0.29999999999999705,38
57618,1,-1,0,-2,0,20,15,40,30,20,-20,2.1,39
26510,8,12,8,10,-20,-35,10,20,-4,-10,-20,-0.98,40
53723,3,2,1,7,-20,-20,-10,-15,-20,-20,-20,0.0399999999999991,41
15363,7,9,7,7,17,-35,-5,-12,-30,-30,-15,1.47,42
13514,13,14,15,15,-5,-35,-20,10,0,-25,0,-1.8,43
11908,5,3,3,7,-5,-25,-5,0,-5,-10,-5,-0.7600000000000021,44
52900,5,6,12,8,0,-10,-20,10,-40,15,25,0.44000000000000106,45
30297,9,9,13,12,0,20,25,25,30,20,-5,1.53,46
76338,6,9,6,9,-25,0,5,-35,-40,-30,-35,1.06,47
64527,7,10,8,11,0,-8,-23,-11,0,-24,8,-2.7,48
16924,8,8,11,7,2,-10,20,-10,-30,-15,-5,-0.32999999999999796,49
62847,5,9,8,2,0,-15,20,20,16,10,-15,-0.600000000000001,50
32433,6,6,-1,7,0,-20,10,-5,0,-25,-40,-1.23,51
47325,9,9,9,9,15,-35,-20,3,-5,-15,15,-0.529999999999998,52
20722,13,16,12,13,0,-30,-5,5,0,-30,-35,0.7599999999999979,53
8471,6,9,8,8,5,-5,-5,5,-35,0,-10,-0.0299999999999976,54
52750,4,2,4,3,0,-20,-20,-25,-30,-20,20,-0.270000000000003,55
11974,1,1,1,0,20,20,-5,20,20,10,20,-1.0,56
78430,21,23,24,22,-3,-40,-10,-15,-30,-40,-40,1.2,57
18701,7,7,6,4,25,-30,-10,40,40,0,0,-0.30000000000000104,58
37622,1,3,-4,0,5,5,15,-5,5,-15,-35,-0.469999999999999,59
9090,11,12,11,15,0,-30,-10,5,-40,-10,-15,-0.7899999999999989,60
36477,13,11,17,15,0,0,5,0,0,0,15,1.26,61
45222,4,8,7,2,-20,-35,25,0,-4,0,-35,0.39999999999999897,62
45136,13,15,13,15,-5,-30,-30,-5,0,-25,-35,1.53,63
64775,2,6,0,3,0,0,-10,0,0,-5,35,-1.0,64
13382,8,9,1,9,0,-10,5,-5,0,-15,-35,0.16,65
37772,6,10,7,4,5,-15,5,5,5,-30,-35,0.129999999999999,66
37412,1,0,5,3,0,8,33,-4,0,24,7,2.13,67
24352,3,6,2,3,-5,0,-25,0,-5,5,25,-1.93,68
81462,4,2,1,6,20,-5,-10,0,4,-25,35,-0.29999999999999705,69
29413,1,2,2,-1,0,-32,23,11,0,-16,-28,1.53,70
67352,10,8,13,9,0,-10,5,5,-5,0,25,-2.33,71
17449,2,5,10,2,-20,-15,0,10,-4,15,5,0.6699999999999979,72
60168,3,2,4,3,-5,-32,8,11,-5,-1,2,0.37000000000000105,73
43573,4,5,9,5,0,12,-33,-1,0,1,28,-0.93,74
66058,5,2,3,6,15,-5,-25,0,-1,-15,25,-1.23,75
40759,10,11,10,12,0,-20,15,40,30,-15,0,0.700000000000003,76
74194,3,3,7,3,-20,-5,0,2,5,-10,-10,1.73,77
68185,7,9,7,5,20,12,-13,9,20,-4,8,-2.2,78
80214,11,12,12,16,0,0,10,5,0,0,10,-0.44999999999999896,79
37811,4,6,6,4,-5,15,0,15,0,0,0,-3.37,80
32439,8,11,7,5,0,-40,-10,0,0,-40,-40,-0.5,81
1876,8,10,9,8,0,-15,-10,5,0,-15,-5,-1.03,82
54852,8,7,9,10,0,-30,-20,20,-40,-10,-15,-1.16,83
58916,4,4,5,7,0,5,-20,10,5,-10,10,-0.969999999999999,84
60550,7,9,7,8,0,-30,0,0,5,-10,5,-1.46,85
26967,5,1,4,1,0,0,-5,15,0,0,0,1.83,86
78856,2,5,0,2,-10,-10,0,20,0,0,-5,-0.93,87
47291,3,6,7,0,0,0,0,5,0,20,25,-1.76,88
39724,4,8,8,6,-5,-35,0,5,-4,-10,-20,0.39999999999999897,89
20157,6,8,4,5,5,-8,-18,-6,10,-24,13,0.470000000000002,90
34483,10,11,14,14,0,5,5,-15,5,0,5,-0.699999999999999,91
75368,1,-4,-1,3,0,0,0,15,0,0,20,-0.24000000000000196,92
9952,5,9,1,8,-10,-10,10,20,0,0,5,-1.71,93
54375,1,3,3,5,-20,-5,5,-3,0,-10,-5,-1.8,94
43207,5,6,5,9,-5,0,10,0,-5,-5,0,-1.63,95
70615,4,4,4,3,-15,5,5,5,5,0,-5,-0.969999999999999,96
25038,2,0,2,4,-5,0,-15,0,-5,15,30,-1.16,97
65119,9,12,6,9,-5,-30,0,20,0,-25,-35,0.57,98
66664,2,1,-1,-1,25,-10,-40,40,25,25,15,-0.259999999999998,99
63193,8,14,11,6,-20,-20,15,20,6,-10,-10,-1.3,100
81883,7,2,8,7,0,-40,0,20,0,-30,-35,-0.22999999999999698,101
24784,3,2,3,1,0,5,-5,10,5,0,-10,0.530000000000001,102
48693,7,7,10,9,20,5,5,-12,0,10,20,1.23,103
4219,2,4,2,0,5,-5,15,5,10,0,10,1.14,104
42299,3,0,1,2,-20,0,-5,-5,0,0,5,1.13,105
18719,4,4,2,5,0,-3,-33,-11,0,-24,3,-0.6699999999999979,106
37158,5,7,3,3,0,-35,-5,0,0,-10,-5,-0.6599999999999971,107
26869,12,17,15,10,-3,-40,-5,-15,-30,-40,-40,1.74,108
3803,7,5,9,5,20,-20,20,20,20,-10,-15,0.10000000000000099,109
9016,0,-4,1,-5,5,30,20,5,0,25,15,0.0,110
19165,8,11,12,8,0,-25,-20,5,-40,10,25,-1.06,111
55948,2,3,3,3,0,-15,-20,-30,-25,-20,10,-1.57,112
18984,8,10,9,12,15,-40,-10,5,0,-35,15,0.10000000000000099,113
27364,3,2,8,4,-5,0,-10,0,-5,0,-10,0.35999999999999893,114
9328,12,13,6,10,0,-20,30,15,0,-25,-40,-1.2,115
9877,3,2,1,1,0,-20,-40,20,-15,-15,-25,-0.959999999999997,116
64082,0,-2,1,-2,0,-20,-20,5,5,-5,5,0.859999999999999,117
52112,0,-2,-3,4,0,-15,-5,0,-10,0,-10,0.32,118
81322,3,3,7,2,-10,-25,0,0,-4,-10,-25,0.729999999999997,119
59026,13,15,13,15,-5,-30,-30,-5,0,-25,-35,1.53,120
77317,10,10,10,10,-5,-40,-25,20,-5,-25,-5,-1.43,121
35558,1,0,0,4,0,0,0,0,0,5,40,-0.22999999999999698,122
48808,3,5,8,4,-25,-10,5,-35,-35,-40,-25,2.66,123
40517,3,1,2,0,0,20,15,-5,20,20,20,0.73,124
4232,0,-1,2,0,0,30,20,-15,40,10,10,0.7599999999999979,125
58492,0,-3,1,1,0,0,0,20,0,0,0,-0.5,126
44616,8,12,11,6,-3,-35,-10,-10,-30,-20,0,-0.0599999999999987,127
78889,2,4,3,2,-20,-30,0,0,-4,-10,-20,0.93,128
83052,3,6,2,3,-5,0,-25,0,-5,5,25,-1.93,129
79860,4,6,2,2,5,-35,10,5,10,-10,20,1.84,130
22849,2,2,0,3,0,-20,-15,-35,-30,-20,0,-1.56,131
60433,5,3,6,5,10,2,-33,-11,0,-24,-2,-0.870000000000001,132
34823,0,1,2,3,-5,-5,-5,2,0,-10,-10,-0.30000000000000104,133
57263,5,4,2,3,0,10,-5,5,0,10,-15,1.93,134
17049,1,2,2,-4,-15,5,0,0,0,20,25,-1.23,135
10796,1,6,0,-1,0,0,-10,0,0,-10,-5,-0.770000000000003,136
52151,4,6,6,4,-5,15,0,15,0,0,0,-3.37,137
38871,0,4,0,-1,20,-20,-35,25,-15,-15,-25,-1.36,138
66418,8,9,12,8,20,20,20,5,20,20,15,-0.0700000000000003,139
65341,1,1,-1,0,0,-10,10,0,40,-25,15,-0.0700000000000003,140
11101,1,2,2,1,-3,-32,23,-4,-30,-16,-28,2.37,141
57282,7,10,13,6,-20,-35,5,5,1,-10,-20,2.43,142
42475,3,6,5,5,0,5,5,-10,5,0,10,0.35999999999999893,143
58113,4,7,7,2,0,0,5,-20,0,0,-5,1.17,144
4159,1,5,1,4,5,-10,0,5,0,0,5,-0.32999999999999796,145
44515,8,10,8,9,0,5,5,5,0,10,-10,-0.10000000000000099,146
72872,4,2,5,3,16,-1,-5,12,18,9,1,-1.24,147
74094,1,-3,2,0,38,-20,11,-9,19,-20,18,-2.36,148
46563,9,8,10,8,7,-20,-27,2,28,2,6,0.43,149
14677,11,12,8,10,-28,-18,4,35,-11,-15,-31,0.27,150
81636,8,11,12,9,26,-10,-15,4,18,17,17,-0.800000000000001,151
56743,4,4,2,7,-4,-5,2,-12,16,12,-2,-1.24,152
15721,0,2,0,1,11,14,1,-1,28,11,-21,0.800000000000001,153
46001,8,11,6,7,13,-18,-4,39,30,-2,-7,0.640000000000001,154
69025,8,7,7,10,8,-28,-10,6,7,-16,18,-2.4,155
48528,4,3,6,7,2,8,2,12,-17,5,5,0.0700000000000003,156
49581,9,10,10,11,35,-15,-18,31,17,-2,14,-2.6,157
4621,1,0,1,3,-34,-18,29,-30,-15,23,-19,1.13,158
32884,2,5,2,3,1,-21,-2,24,3,11,-8,0.16,159
64086,9,8,10,8,7,-20,-27,2,28,2,6,0.43,160
6907,0,-3,-3,0,-23,-15,-8,9,-8,-10,-22,-0.57,161
20335,10,12,7,10,12,-35,15,13,-3,-18,-1,-0.969999999999999,162
4349,5,4,7,2,15,-23,17,15,8,11,-6,1.53,163
64386,11,11,13,14,14,-9,13,46,28,-5,4,-3.06,164
4804,5,8,4,2,-5,20,2,2,1,-13,-5,1.14,165
23682,5,4,6,10,-4,2,40,13,-1,-1,10,-3.43,166
75694,4,1,6,5,22,1,-1,-8,-2,0,18,-1.76,167
39501,1,0,-1,-1,5,4,1,-7,3,-12,-4,-1.26,168
49966,13,11,14,13,9,-30,30,-11,6,-23,17,-1.09,169
10752,9,8,11,6,34,-12,1,16,16,19,11,-0.19999999999999898,170
43644,1,2,2,-1,-1,-22,22,3,-10,2,-7,2.77,171
31925,2,1,0,6,18,-5,0,-16,-8,-19,13,-1.4,172
45504,7,7,9,6,-11,4,-7,21,7,-2,0,1.34,173
12104,6,4,4,5,-12,-26,-2,2,-12,-26,6,-0.640000000000001,174
38673,10,12,10,11,33,-27,-8,19,17,1,13,0.870000000000001,175
10778,9,6,12,7,8,-16,33,-22,4,-10,4,0.5800000000000021,176
12303,9,10,8,8,1,-25,0,10,14,-4,2,0.5,177
24858,11,12,10,11,-2,-26,-25,-1,4,-4,25,-1.24,178
33651,3,1,6,9,-21,-2,42,6,-1,22,-17,-2.43,179
74856,6,7,7,8,0,-23,10,24,-4,8,-4,-0.30000000000000104,180
36951,2,6,3,3,-3,2,11,7,-38,-8,-28,1.93,181
41454,5,9,2,5,-1,-13,9,4,-7,0,23,-0.93,182
2707,3,1,6,2,-16,-6,-9,5,9,4,17,0.0999999999999979,183
15098,8,8,10,11,-2,-12,9,7,-17,6,11,0.39999999999999897,184
22382,5,4,6,10,-4,2,40,13,-1,-1,10,-3.43,185
79584,2,4,-1,3,-5,-7,23,6,1,2,-1,0.27,186
15356,1,4,2,0,12,-2,-14,28,17,11,-17,0.8300000000000021,187
36689,11,10,14,18,10,-11,17,30,17,-5,23,-3.9,188
44810,5,3,5,4,6,-9,-13,5,12,-15,11,-0.460000000000001,189
56957,1,1,0,3,-20,-12,-8,-3,3,-15,12,0.460000000000001,190
34512,2,3,3,3,2,-25,-8,14,1,1,7,-0.470000000000002,191
42850,3,2,4,3,27,-16,-29,-15,6,-9,27,0.23,192
11117,2,-3,-3,-1,-26,-23,-20,-21,-28,-39,15,-0.27,193
41695,0,1,-1,-1,-21,16,-16,-20,13,2,-8,1.06,194
40272,6,5,3,7,-23,-4,-15,23,-4,-22,-27,-2.07,195
37956,2,4,-1,3,-5,-7,23,6,1,2,-1,0.27,196
56163,11,11,11,13,-15,-1,-5,9,23,10,-2,0.10000000000000099,197
27767,9,8,11,6,34,-12,1,16,16,19,11,-0.19999999999999898,198
22514,4,4,3,6,24,-3,-8,-8,12,0,18,0.57,199
65369,3,3,1,4,-17,-14,27,-23,-15,0,8,0.129999999999999,200
63626,2,-2,-2,1,6,-25,-3,-2,-13,-30,2,-0.529999999999998,201
69587,5,4,7,2,15,-23,17,15,8,11,-6,1.53,202
28823,2,3,1,5,11,3,2,22,18,3,-10,-1.7,203
7104,0,-2,0,-1,-11,-14,-1,1,-28,-11,21,-0.800000000000001,204
15082,10,13,9,7,-18,-30,-10,14,9,2,11,-1.07,205
25919,11,12,8,10,-28,-18,4,35,-11,-15,-31,0.27,206
19541,8,8,9,9,17,-15,12,-3,0,11,9,-0.800000000000001,207
27470,10,11,11,10,-1,-11,-20,12,-16,6,15,-0.5,208
20486,3,4,4,3,0,-17,-1,29,-24,-7,-8,0.7599999999999979,209
40836,4,4,2,7,-4,-5,2,-12,16,12,-2,-1.24,210
1293,0,1,-1,-4,4,2,-4,16,11,0,-19,0.84,211
34358,0,-1,1,4,-4,-2,4,-16,-11,0,19,-0.84,212
52911,8,11,12,9,26,-10,-15,4,18,17,17,-0.800000000000001,213
37429,5,9,2,5,-1,-13,9,4,-7,0,23,-0.93,214
9717,3,5,3,1,30,-2,-22,25,15,-22,25,-0.800000000000001,215
23209,4,2,3,4,-16,3,13,7,0,-3,-5,1.74,216
51462,4,4,4,4,19,11,-16,1,8,8,17,-1.73,217
34985,6,6,4,6,-1,-12,-1,1,16,-15,-15,0.16,218
25843,5,6,6,3,18,-11,6,4,-2,10,10,1.04,219
81118,1,5,-1,-1,-25,-10,17,12,-19,0,5,-1.5,220
79876,11,15,11,10,-5,-3,12,26,-3,-5,-9,0.84,221
39673,6,6,8,8,14,-13,-23,17,18,-4,13,-0.469999999999999,222
11425,10,9,10,10,32,-35,-18,2,5,-13,19,-1.33,223
42331,5,4,7,2,-17,-17,-19,10,16,2,-12,-0.140000000000001,224
51820,3,0,7,7,1,9,17,7,-2,-3,11,-3.7,225
63657,5,5,4,5,0,-3,-23,-2,3,1,3,-2.74,226
80189,1,3,-1,1,-14,10,-7,-8,12,3,9,0.19999999999999898,227
55393,7,9,8,10,10,-5,5,36,-1,8,2,0.5399999999999989,228
43752,4,6,4,1,28,6,-15,40,-10,-30,10,0.43,229
5111,5,6,7,2,-15,-18,-10,29,11,11,0,1.1,230
26932,8,9,8,9,-6,-18,25,5,-5,8,-5,0.5,231
70870,0,-1,1,1,2,-6,21,1,-8,2,-14,0.600000000000001,232
53686,2,2,1,2,38,-34,-11,-12,-6,-3,14,-0.57,233
19985,0,1,-1,-1,-2,6,-21,-1,8,-2,14,-0.600000000000001,234
43995,4,6,3,4,13,-23,16,12,-19,-3,14,-1.13,235
60760,7,5,9,6,-13,5,-16,2,12,-11,-12,0.10000000000000099,236
21049,5,6,7,5,-1,-8,3,14,-19,5,12,2.24,237
21277,1,0,0,3,38,7,8,-13,-11,-4,1,-1.86,238
76099,3,3,2,2,-33,-17,0,-25,-14,23,-15,0.23,239
11677,4,2,5,5,-1,-2,12,0,-7,-3,4,-0.460000000000001,240
8077,2,0,1,2,28,2,-31,-8,17,-13,-2,-0.629999999999999,241
57131,4,2,2,2,-34,-7,-17,1,-22,-25,-17,-0.37000000000000105,242
46989,3,7,1,5,-19,-5,-16,-9,-4,7,1,-0.0800000000000018,243
69045,1,3,1,1,10,12,35,6,-7,2,19,-0.68,244
55350,3,4,5,3,-5,8,12,32,-1,-2,-6,0.719999999999999,245
15902,1,1,2,6,34,15,22,-16,-15,-2,1,0.19999999999999898,246
19460,1,1,3,-2,11,4,-4,-1,11,1,8,-2.24,247
69602,4,3,4,3,22,14,-3,9,-6,19,24,-2.28,248
46547,1,-1,2,0,-2,-1,4,-14,10,13,-16,0.35999999999999893,249
63747,8,13,8,8,10,-20,15,0,15,20,10,1.44,250
41934,1,1,1,-2,-3,-19,-8,-18,25,-3,-1,0.0,251
14259,3,8,4,3,10,3,7,18,-1,-3,-7,1.2,252
40864,6,6,6,7,-1,-8,10,-5,6,9,10,1.28,253
81308,6,7,5,8,24,-1,-5,17,-5,13,10,0.6800000000000029,254
29674,0,-1,-1,-5,30,5,12,30,-12,9,2,-0.0399999999999991,255
50146,6,15,5,3,-9,-8,-9,4,36,10,13,1.76,256
7928,2,7,3,4,12,-9,0,30,-11,-1,-20,-0.52,257
49649,2,7,3,4,12,-9,0,30,-11,-1,-20,-0.52,258
64918,7,8,6,8,-14,-13,15,15,-2,11,21,-3.08,259
83035,0,-4,4,-1,-15,3,13,5,-2,-13,-4,0.439999999999998,260
32353,7,10,8,10,-4,-13,-7,19,5,-2,14,-0.879999999999999,261
61134,6,6,8,6,-16,-25,-4,1,-14,14,17,0.19999999999999898,262
61085,1,1,1,7,-44,-11,-7,-23,9,-36,-18,-0.280000000000001,263
23567,11,12,13,8,-25,-20,-18,15,33,19,-6,-0.32,264
41702,9,9,10,8,-7,-10,15,-17,-10,0,10,-0.48,265
18897,8,11,10,6,18,-7,3,11,31,2,-3,-0.119999999999997,266
9268,1,-3,1,-1,-5,10,-5,25,-20,-15,-5,-1.04,267
47562,6,5,10,6,-14,-21,-14,-4,6,14,2,-1.0,268
38889,16,12,16,15,-29,-17,-13,-37,11,2,-24,1.84,269
6779,3,-3,5,5,-10,-9,-10,-11,-23,3,12,-2.04,270
43613,8,13,7,11,26,-18,-6,-8,19,7,26,0.16,271
26005,4,6,4,4,-15,-23,2,-5,2,13,4,-0.32,272
10189,9,14,6,10,-18,-11,-14,-24,18,0,25,0.19999999999999898,273
61472,4,3,4,5,26,-9,-27,16,19,5,13,-0.68,274
8548,4,6,6,3,15,-4,10,-5,5,5,-5,2.16,275
45673,11,16,12,5,-31,-22,0,17,4,-1,2,0.52,276
64561,4,5,5,1,-11,-15,22,-29,0,14,28,0.12000000000000098,277
62359,5,6,2,6,9,-2,3,-20,9,3,-3,1.6,278
31299,7,7,8,9,8,-17,-14,-11,14,-16,15,-0.47999999999999704,279
48674,3,8,3,6,0,-16,0,15,0,10,-10,-0.24000000000000196,280
48855,5,7,4,5,-7,-8,-17,2,7,-3,8,0.19999999999999898,281
61403,1,1,2,3,-14,-3,-18,-10,-6,-5,-1,-1.2,282
32944,1,1,1,-3,24,0,-18,-14,-10,15,13,-0.68,283
81357,1,-3,2,6,29,-2,8,16,-14,-13,1,-0.19999999999999898,284
10227,2,2,4,1,10,9,-4,20,15,0,-3,-2.84,285
24501,6,8,8,2,-36,-16,-6,29,17,5,-5,-0.640000000000001,286
15709,4,5,1,5,0,-15,0,-15,15,0,10,0.47999999999999704,287
66351,1,3,4,2,14,-1,24,-1,11,21,21,-0.0799999999999983,288
41621,4,1,4,3,-8,5,-28,-24,6,-5,-8,-0.84,289
73002,5,12,3,11,25,4,0,30,-15,10,-10,0.44000000000000106,290
47957,0,-1,-2,1,-15,-13,-15,-2,1,-1,-7,0.12000000000000098,291
49145,3,3,4,4,10,19,21,37,6,4,4,1.72,292
62878,6,7,7,6,-16,-19,1,-10,-1,3,0,0.280000000000001,293
32341,2,1,3,5,30,6,3,-19,-3,-2,2,-1.92,294
51417,5,5,4,6,-14,-9,-9,26,-11,-6,-16,0.23999999999999802,295
9962,10,9,12,11,-8,-5,-13,1,6,10,-3,-0.68,296
5387,6,7,6,8,14,17,28,18,-17,-12,1,-1.28,297
52383,4,4,5,1,34,19,3,23,-4,19,17,1.04,298
67008,8,9,11,7,-6,-10,-3,10,14,3,-3,-2.56,299
38807,0,-1,-1,4,20,-3,7,-39,-18,-2,5,0.920000000000002,300
3705,9,6,8,9,-22,-4,-37,2,-5,-11,-24,-0.600000000000001,301
64027,6,8,8,8,0,-10,15,25,0,15,5,0.16,302
30814,6,6,4,9,-1,4,13,16,-16,-13,-6,-1.16,303
11999,9,9,11,5,33,1,-12,1,11,24,20,-2.24,304
48546,4,3,5,1,-11,4,-15,-8,4,4,1,-0.12000000000000098,305
62100,0,-1,1,1,18,14,2,-14,1,-8,-2,-0.84,306
63630,5,4,6,4,-12,9,-15,13,8,3,-10,-0.7200000000000021,307
63781,1,-1,2,0,14,5,-17,-17,13,-8,-1,-2.96,308
6088,4,1,4,3,-8,5,-28,-24,6,-5,-8,-0.84,309
12151,3,-1,7,1,3,-20,12,10,-10,7,16,0.280000000000001,310
81403,3,5,4,-3,-19,-19,-12,11,20,7,-6,1.96,311
67128,2,7,4,0,18,-3,29,2,29,16,14,2.6,312
51785,3,4,1,3,12,-8,0,0,4,-11,0,0.19999999999999898,313
18905,0,-1,1,1,18,14,2,-14,1,-8,-2,-0.84,314
30505,4,0,7,5,-27,-19,2,-16,2,-9,-9,-0.600000000000001,315
52068,2,-4,5,3,27,1,12,7,-5,-8,-16,-1.88,316
35210,1,6,-1,2,18,-1,8,3,5,23,11,0.6399999999999971,317
70384,0,-3,-1,3,4,-2,-8,3,9,20,7,0.35999999999999893,318
25573,1,0,0,2,-44,-20,8,-21,-9,-24,-9,-0.35999999999999893,319
64932,1,-3,3,3,-6,16,-10,11,-5,-9,-10,0.23999999999999802,320
3636,2,3,4,5,1,-14,-23,18,25,11,6,-0.68,321
57271,1,-2,3,-1,19,-6,12,22,-12,17,7,0.360000000000003,322
33848,6,8,4,10,12,5,5,24,-14,-17,19,-1.72,323
63001,12,13,10,16,22,0,-22,6,-3,-3,6,0.48,324
55098,12,14,14,13,-9,-19,2,13,17,25,-3,0.719999999999999,325
77936,2,4,0,5,25,20,0,15,-15,0,0,0.6800000000000029,326
56362,12,13,11,15,-8,-22,-1,2,-1,16,3,1.2,327
6428,5,7,3,2,-11,1,-4,19,27,5,-8,0.68,328
8675,8,12,9,6,0,2,18,20,-14,-8,1,1.88,329
976,2,-1,2,6,-29,-3,-22,-33,-11,-14,5,-2.4,330
58368,10,7,13,8,22,-13,11,10,14,10,10,-0.959999999999997,331
23398,1,-2,-1,4,-11,9,-17,17,-15,-19,-13,-2.76,332
29376,1,1,0,2,-12,-7,0,-15,11,11,10,0.279999999999998,333
31463,10,13,11,8,-23,-19,-22,29,23,6,10,-0.68,334
51688,0,1,1,5,0,9,-15,-2,18,-12,-9,0.0799999999999983,335
60951,8,17,8,11,-18,-12,-14,6,3,10,5,-0.52,336
56546,6,9,1,10,25,5,0,0,0,0,10,1.16,337
76755,1,-3,2,6,29,-2,8,16,-14,-13,1,-0.19999999999999898,338
17223,3,5,5,0,-43,-16,-14,-24,18,0,15,-0.9600000000000011,339
40433,5,4,5,6,11,-4,-12,-14,16,14,-1,0.32,340
76254,3,4,1,3,12,-8,0,0,4,-11,0,0.19999999999999898,341
78300,7,7,10,8,14,-5,-2,8,13,7,4,-2.8,342
15014,5,4,3,5,11,2,-24,-18,-15,-7,-18,0.35999999999999893,343
79117,3,3,2,3,-11,-27,-11,-42,0,5,6,-0.439999999999998,344
52320,2,-2,1,1,-29,-12,-7,-31,-29,-2,14,-2.48,345
66086,4,0,9,4,-11,-23,-6,0,-16,2,15,-0.9199999999999979,346
63023,5,3,4,5,8,8,2,16,-9,-8,8,-2.6,347
28201,6,10,5,7,-30,-3,-14,-24,14,11,25,0.0,348
50326,1,3,1,-3,10,-9,-18,-2,15,7,-13,1.56,349
69853,7,7,7,7,10,8,9,15,-5,-12,2,-3.4,350
45785,5,6,8,6,-12,-20,-18,10,-4,1,18,-1.36,351
57406,7,10,9,7,-20,-15,14,27,1,11,-2,0.39999999999999897,352
42246,11,15,11,9,-11,-25,7,-22,-14,-3,7,1.44,353
57842,9,7,12,6,-22,-22,-10,19,11,7,7,-0.23999999999999802,354
76900,4,3,5,1,-11,4,-15,-8,4,4,1,-0.12000000000000098,355
6396,7,8,9,9,13,10,25,18,9,9,6,0.559999999999999,356
68629,4,5,4,1,29,-11,36,21,4,14,17,2.08,357
5780,6,6,7,11,11,2,-6,7,-11,-13,16,-0.47999999999999704,358
3499,2,5,3,6,18,6,-15,30,18,4,1,0.0,359
11996,2,2,1,-3,19,6,-10,-7,-2,17,16,0.559999999999999,360
77928,0,2,1,-2,-3,-1,13,16,-2,9,9,0.719999999999999,361
60509,1,-2,-1,0,-27,2,28,-56,-15,-9,-27,2.96,362
6361,2,1,3,5,30,6,3,-19,-3,-2,2,-1.92,363
79315,3,7,0,5,25,16,8,32,8,17,8,1.28,364
48508,6,2,8,9,-3,-3,2,8,-9,0,13,-2.2,365
35529,4,7,4,4,25,3,13,5,13,7,6,1.76,366
64674,6,7,6,8,14,17,28,18,-17,-12,1,-1.28,367
74524,1,1,5,0,-25,-17,-2,10,-10,0,3,-1.32,368
5007,1,-3,2,6,29,-2,8,16,-14,-13,1,-0.19999999999999898,369
35410,3,3,2,6,31,22,-14,17,4,2,-22,1.4,370
63946,9,14,8,6,12,-15,20,22,1,14,14,-0.640000000000001,371
17859,6,7,7,6,-7,-26,-14,-14,15,29,9,2.36,372
28038,3,0,5,3,-1,-17,-13,-15,-13,-4,2,-0.5999999999999979,373
46323,7,10,7,3,8,-15,-3,28,2,7,-2,-1.8,374
16864,7,6,8,6,-7,-13,24,-39,16,13,0,2.44,375
15266,0,-1,2,-2,2,12,23,-6,-3,5,-18,0.439999999999998,376
27172,1,1,3,-2,11,4,-4,-1,11,1,8,-2.24,377
17872,1,-2,1,-1,15,8,-15,-10,-20,22,23,-2.12,378
60122,1,1,0,0,-5,6,8,7,8,2,3,1.24,379
70338,1,2,1,5,16,1,20,-2,-16,6,3,1.04,380
63578,9,8,7,12,-1,-19,2,-37,-2,-8,12,1.16,381
40391,1,4,0,1,12,-3,-23,26,25,3,1,-1.08,382
67443,8,3,12,6,-38,-15,-13,-24,6,-5,-8,-0.7200000000000021,383
4978,5,11,2,4,-17,7,-3,8,0,-4,18,-1.52,384
79168,1,-2,0,-2,-17,2,23,8,-4,18,-16,1.08,385
54675,11,12,11,9,3,6,11,9,36,11,27,-0.52,386
36203,12,11,9,10,17,5,18,21,16,10,11,0.870000000000001,387
56879,1,4,0,1,-35,2,5,15,7,-2,-4,2.09,388
65556,1,1,-5,5,-1,3,-12,10,12,-8,-5,0.0399999999999991,389
27777,4,2,6,4,12,-9,0,30,-11,-1,-20,-0.7899999999999989,390
12213,17,17,16,17,-19,-18,-16,-6,3,20,4,1.09,391
43868,2,8,0,2,4,-13,-11,-7,18,19,2,0.560000000000002,392
24867,5,2,3,9,42,3,0,17,19,1,-2,-1.48,393
6866,4,4,4,7,17,3,-13,-13,19,2,26,-1.08,394
66017,16,15,16,13,-1,9,4,12,19,10,26,-0.52,395
60424,3,4,0,6,13,13,-18,-15,13,2,-4,1.18,396
56317,5,1,8,6,11,-4,-12,-14,16,14,-1,-2.35,397
6137,2,7,0,4,-17,2,-18,-32,-2,-10,-2,3.0,398
9189,4,0,7,2,-11,4,-15,-8,4,4,1,1.26,399
20795,0,0,0,-1,8,-8,13,2,1,3,6,2.22,400
63801,1,3,1,1,12,-4,8,2,5,23,11,-1.05,401
66154,10,9,15,4,-9,-22,7,7,-16,18,15,0.48,402
77953,7,5,5,9,-12,-20,-18,10,-4,-6,10,-0.26000000000000195,403
48517,7,8,4,6,21,2,25,18,33,11,12,0.870000000000001,404
2413,16,12,17,16,29,18,10,28,5,-8,27,-0.470000000000002,405
55057,3,4,4,5,3,3,8,33,-25,13,-9,-0.829999999999998,406
54568,6,8,5,9,0,6,-8,-8,0,-7,26,-0.129999999999999,407
80239,12,12,10,16,14,-10,-9,-11,11,1,12,-1.56,408
34054,7,10,6,8,7,2,7,11,1,9,7,-1.13,409
75052,7,10,5,11,-11,-22,-13,-10,-2,7,13,-1.39,410
34488,5,6,7,3,-27,-17,-18,-16,-4,-15,8,-0.7400000000000021,411
26177,1,-1,0,3,10,1,-15,6,3,-12,14,-0.129999999999999,412
15811,11,15,10,13,23,-18,-9,-12,26,21,12,-1.65,413
11839,2,0,5,1,-27,-19,20,-1,-15,0,5,-2.0,414
38897,4,7,5,3,-18,4,-14,-9,3,0,15,-0.21000000000000102,415
27874,1,7,-1,-1,12,-21,2,-5,19,22,8,2.74,416
61240,5,3,7,6,-4,3,-7,3,-17,-1,-1,-0.21000000000000102,417
29804,8,8,8,7,15,-3,14,13,-3,17,3,0.57,418
78626,2,-2,2,2,29,-10,18,32,6,-1,2,-2.7,419
81000,0,3,-4,3,0,1,0,-30,15,-10,20,0.829999999999998,420
69681,2,2,2,4,4,-12,-3,-37,13,12,12,0.30000000000000104,421
9106,1,1,0,3,14,12,-10,8,2,-9,25,0.27,422
62454,10,6,13,8,29,12,18,36,5,-1,1,-0.26000000000000195,423
33424,6,1,4,6,0,-16,0,15,0,10,-10,0.43,424
6835,10,11,5,12,-18,-11,-14,-24,18,0,25,1.05,425
75962,11,12,12,11,-8,-5,-13,1,6,10,-3,0.130000000000003,426
20025,8,8,6,9,46,22,7,18,35,2,-2,1.34,427
80058,7,4,8,7,-8,-5,12,-2,13,1,0,0.0899999999999999,428
57801,6,4,11,4,-38,-15,5,-9,-11,4,6,-0.34,429
50155,6,6,5,9,9,-6,-16,-11,14,-21,15,-0.559999999999999,430
22205,1,-2,3,-2,-17,1,28,9,-1,22,-15,0.649999999999999,431
1476,3,1,5,4,-13,-7,10,7,-13,-9,30,-1.73,432
15781,2,5,3,2,-8,-9,-33,-25,3,-9,-9,0.7400000000000021,433
43758,4,1,5,0,-25,-8,-5,-16,2,13,-24,1.61,434
30697,4,-4,8,3,-30,-6,38,16,-14,13,15,-0.699999999999999,435
4193,0,3,0,2,27,-2,-28,56,15,9,27,-2.83,436
52133,0,-1,3,-2,-7,-1,-23,-9,-3,5,10,-1.83,437
62345,1,3,-1,1,18,0,15,-7,19,4,-12,0.17000000000000198,438
47590,14,11,12,17,-13,-10,-13,-24,6,-5,2,0.66,439
32175,8,10,5,10,12,2,2,11,-4,-1,7,-1.13,440
62154,2,6,-2,2,11,-8,14,17,-10,29,9,1.39,441
82128,10,6,11,12,31,-12,9,21,13,11,14,-4.22,442
17322,6,4,6,8,-22,-1,-11,15,13,-8,3,0.129999999999999,443
49649,1,-5,4,3,13,10,34,25,-15,4,-14,0.48,444
47642,1,2,0,-1,-16,-6,0,-43,20,-3,-6,1.0,445
71046,2,3,4,-2,13,-5,15,-9,13,-7,5,-0.470000000000002,446
67102,8,8,10,7,-15,-11,10,20,-27,-15,-5,0.21000000000000102,447
35597,0,7,0,-8,-28,-3,1,-5,3,1,-4,-1.0,448
80909,0,-3,3,5,-8,-1,-10,-22,9,-15,-20,2.83,449
81877,2,2,4,1,-21,-27,-13,-35,7,12,9,2.56,450
27295,6,8,4,7,21,1,-3,20,22,-8,14,0.699999999999999,451
80363,5,2,5,5,-4,3,-7,3,-17,-1,-1,-0.0399999999999991,452
50517,5,4,7,2,33,9,25,33,22,0,2,0.0799999999999983,453
69887,7,8,2,11,0,-15,0,-15,15,0,10,1.04,454
43136,16,18,15,14,-19,-18,-16,-6,3,20,4,1.92,455
40906,10,12,9,8,27,-13,4,16,12,19,13,-0.0399999999999991,456
42018,1,7,1,1,4,-13,-11,-7,18,19,2,0.34000000000000297,457
30236,15,11,17,15,-9,-5,7,14,20,29,-2,1.35,458
6691,10,12,14,11,-11,-23,7,-17,-14,-3,7,0.91,459
79706,8,8,9,5,0,22,0,4,-1,0,-1,2.61,460
10371,7,8,8,9,25,4,-18,15,2,1,-24,1.09,461
66851,2,4,1,2,-1,3,-12,10,12,-8,-5,-0.26000000000000195,462
81204,7,5,5,8,-10,-9,-18,16,-22,-8,8,-2.13,463
22423,12,15,12,14,23,-11,-36,35,24,-2,27,-2.69,464
18,0,-1,1,2,-8,8,-13,-2,-1,-3,-6,-2.4,465
63151,5,1,9,1,17,20,18,36,1,10,1,0.0,466
36282,2,1,-1,2,13,15,-10,24,6,-10,14,-2.04,467
35475,8,7,10,6,15,-3,14,13,-3,17,3,1.09,468
73942,3,-4,6,3,-29,-12,-7,-31,-29,-2,14,-0.219999999999999,469
69806,8,6,7,8,-1,-13,4,8,20,10,27,-2.57,470
5274,6,5,7,5,-11,-23,-6,0,-16,2,15,0.0899999999999999,471
24456,10,6,10,11,-25,-2,-13,-24,2,6,2,0.66,472
83514,1,4,2,1,25,20,-18,0,2,-9,-14,0.18,473
37760,1,3,-4,7,12,-4,8,2,5,23,11,-0.9199999999999979,474
37837,1,2,0,-1,21,18,25,3,33,1,22,0.169999999999998,475
44237,10,9,11,9,-18,-12,-14,6,3,10,5,-0.0899999999999999,476
37354,2,2,-1,5,-12,-7,0,-15,11,11,10,1.0,477
16934,9,8,10,6,-20,-1,19,28,4,15,-1,1.43,478
5995,8,12,4,12,25,5,-18,-15,17,-9,-4,1.22,479
71513,11,14,9,12,9,-23,-26,27,22,7,2,-3.0,480
61208,10,11,10,10,19,-5,-9,14,11,16,7,-2.44,481
19542,11,16,11,8,5,-19,-5,17,-4,12,27,-1.0,482
49765,1,7,2,1,3,9,-15,4,18,-12,-9,-1.56,483
71462,1,8,0,-1,12,-21,2,-5,19,22,8,2.74,484
6614,3,5,4,0,4,19,7,1,16,1,0,2.65,485
55383,11,8,12,12,-4,-9,-8,-21,9,-11,0,-0.0399999999999991,486
20458,7,4,7,9,-24,-2,-7,1,23,12,-5,0.259999999999998,487
9894,5,6,3,6,12,-8,0,0,4,-11,0,0.0399999999999991,488
52212,7,5,5,14,15,0,5,18,-1,4,4,1.52,489
40634,11,16,7,11,-8,-22,-1,2,-1,16,3,0.0,490
48699,4,1,2,7,17,-17,18,17,17,10,12,-1.57,491
17786,6,5,5,4,17,21,18,6,16,0,21,0.129999999999999,492
34961,9,4,9,9,15,8,2,21,-7,-3,5,-2.78,493
56116,4,3,8,4,-26,-3,-22,-27,-11,-14,5,-1.78,494
66337,3,7,3,1,17,1,13,7,0,18,17,-0.829999999999998,495
49934,3,1,3,0,-43,-16,4,-9,1,9,29,-1.18,496
25925,2,-1,4,2,-20,1,-13,6,-32,-13,3,-2.43,497
12512,11,13,7,12,-18,-11,-14,-24,18,0,25,0.0399999999999991,498
18794,1,-7,3,3,-5,-9,-1,-30,-12,-3,14,0.48,499
25159,5,6,3,9,-10,5,7,-14,-3,5,12,-0.43,500
65945,3,1,3,7,-7,-2,5,-1,-3,-10,-11,1.22,501
40522,1,5,0,1,19,-9,-29,-12,8,-3,1,-2.13,502
82186,5,0,8,5,-25,-10,-5,-41,-13,-3,-14,-0.7399999999999979,503
30234,5,1,7,7,0,1,13,0,-20,-12,5,-0.0400000000000027,504
62229,1,0,3,-4,1,13,-5,26,-20,-15,-5,0.48,505
57504,7,8,8,5,-20,-23,4,-2,-23,-6,10,-1.09,506
18230,0,-1,-2,7,-4,-5,-13,-28,14,2,-1,-2.79,507
29515,6,5,5,10,0,6,-8,-8,0,-7,26,-0.949999999999999,508
77497,3,1,5,1,12,-7,-16,3,10,7,0,-1.22,509
71480,2,5,4,-2,7,-1,12,5,-26,7,22,-2.74,510
77782,0,5,-3,1,30,14,-3,28,6,-3,-7,-2.13,511
77432,0,5,0,-5,-8,2,2,-7,2,5,3,-2.74,512
29833,3,1,3,7,-7,-2,5,-1,-3,-10,-11,1.22,513
62498,7,3,9,6,-21,-12,5,-8,-10,-13,-26,1.3,514
35500,16,16,17,15,-2,3,-29,-10,-1,5,-18,1.61,515
33824,5,1,7,7,0,1,13,0,-20,-12,5,-0.0400000000000027,516
9129,10,10,15,10,18,-4,7,31,18,14,16,0.21000000000000102,517
27485,1,0,3,-5,-33,-12,0,-35,-9,-2,10,-0.52,518
73107,4,1,4,4,-13,-3,8,-10,-5,10,-15,1.17,519
7914,7,7,11,2,-25,1,0,-12,-10,-13,-26,3.04,520
66005,2,0,4,-2,11,-9,-28,43,20,16,1,2.17,521
71085,4,11,-2,4,38,2,-5,12,18,9,-3,2.08,522
63991,4,4,2,6,-36,-13,-36,-3,-20,-9,-3,-1.56,523
73860,2,2,-2,2,-23,-9,4,-15,-9,-3,14,2.18,524
6419,7,7,6,5,-11,6,16,18,2,3,-4,1.52,525
53170,3,0,1,5,-9,2,-10,-6,13,-9,-21,0.30999999999999894,526
40273,7,2,8,7,1,-2,-2,-17,9,13,9,-1.61,527
47367,7,3,6,13,-14,-1,10,-27,7,-11,-37,1.56,528
32469,2,5,0,-2,-2,-5,15,0,-1,17,14,0.44000000000000106,529
41270,3,6,3,-1,10,-11,-19,-4,-17,-12,-4,-1.26,530
223,4,5,6,4,15,-13,-16,-22,-2,-1,-11,1.08,531
60371,10,12,12,8,-19,-13,-37,1,13,8,13,0.18,532
55565,11,16,11,16,23,11,-24,6,-3,-8,6,0.0,533
64051,3,4,2,2,-8,-9,-33,-25,3,-9,-9,-0.0899999999999999,534
43970,2,-6,-1,0,2,23,10,15,-16,-12,8,-1.82,535
3319,8,2,11,9,13,6,12,12,25,19,8,0.219999999999999,536
47115,8,14,6,8,7,-16,12,-10,-11,0,22,-1.43,537
19150,6,6,3,5,-9,-8,3,6,-1,14,14,0.530000000000001,538
45399,5,6,5,9,11,-3,-17,-9,-3,-3,0,-1.13,539
71360,5,1,5,4,6,10,-1,8,2,7,10,-2.13,540
58983,1,-7,-1,4,0,-22,-12,29,27,6,21,-0.829999999999998,541
81171,10,12,9,10,-22,-23,0,-19,-9,-1,3,1.05,542
74557,1,6,-1,-3,-16,-18,-12,-5,19,15,-5,0.869999999999997,543
74591,2,-3,3,6,7,-8,36,19,2,3,25,-3.91,544
16727,8,6,10,9,4,5,17,21,-14,2,-12,-1.3,545
65976,6,3,12,4,-5,-21,1,1,32,-8,25,0.30999999999999894,546
78082,22,17,31,20,4,10,5,12,7,5,3,1.43,547
66193,10,15,9,8,17,-1,-13,0,5,-4,-9,1.74,548
4562,9,7,8,9,0,4,20,26,3,19,6,-1.05,549
60423,3,7,-1,8,3,4,8,3,-10,3,11,-0.47999999999999704,550
22266,5,7,4,5,-25,-14,22,2,-12,0,14,2.35,551
53532,6,8,7,5,3,-25,-8,-21,-4,10,23,0.0400000000000027,552
2169,8,6,7,10,15,-16,20,16,4,1,3,-3.96,553
73613,8,7,10,5,23,-4,-20,-4,13,9,-14,-1.13,554
83464,6,-1,7,7,-19,4,-2,23,-35,-17,6,-1.44,555
65473,4,2,5,7,10,-3,-1,-18,17,12,15,-0.780000000000001,556
916,1,1,-2,0,10,-3,19,15,3,7,13,0.530000000000001,557
36031,5,-3,8,6,-2,1,1,13,-22,0,-8,-1.78,558
32364,8,11,5,12,4,6,17,-9,1,-8,8,-1.61,559
79684,6,14,2,2,-3,-10,16,2,-1,2,9,-0.44000000000000106,560
74948,11,5,17,12,19,26,28,22,3,-8,-10,1.78,561
73603,5,3,6,5,2,-23,-6,-38,8,-11,1,0.91,562
82005,10,16,8,8,-19,-14,-31,-25,18,19,14,2.0,563
55032,7,7,5,9,10,-14,2,-10,-2,7,7,-0.529999999999998,564
36232,7,1,6,6,23,-17,-28,43,24,5,1,1.48,565
10431,1,-4,2,1,-13,-10,10,-16,10,-10,12,0.259999999999998,566
3855,6,2,9,9,-20,6,-25,-14,17,-5,-20,1.65,567
78636,4,6,6,0,-2,-21,-10,-1,13,18,21,0.130000000000003,568
53510,2,-1,3,1,-9,-7,3,10,2,12,3,1.52,569
34471,5,2,3,9,-2,2,1,-17,-7,-10,12,-2.09,570
18506,4,0,6,1,8,9,-4,18,15,10,-3,-1.78,571
28143,8,3,8,9,9,-6,-16,-11,14,-21,15,0.5699999999999971,572
56569,6,8,6,6,-21,-12,24,-8,4,-1,-14,1.65,573
14718,10,9,8,7,18,-25,-16,33,9,16,23,-0.48,574
74689,9,10,11,10,-25,-2,-13,-24,2,6,2,-0.30999999999999894,575
38477,1,1,1,-1,-16,-14,-23,-9,12,4,-6,0.780000000000001,576
52143,2,0,3,3,-21,1,35,6,-16,1,12,-3.13,577
51620,4,8,3,4,0,-16,1,1,9,1,-11,0.7400000000000021,578
77692,4,2,3,4,-15,-9,-37,-14,-16,-5,1,-2.0,579
6646,6,7,5,7,14,-27,2,-36,13,12,12,0.82,580
31623,16,15,16,18,-2,-19,-41,19,26,11,3,1.87,581
33239,7,6,9,8,22,4,-26,5,4,-11,3,1.57,582
76105,3,8,1,4,-5,3,2,-10,-15,6,13,-1.61,583
54424,2,4,5,0,14,-7,13,8,1,14,27,-0.699999999999999,584
68151,5,-4,7,4,-30,-6,38,16,-14,13,15,-0.7399999999999979,585
65188,9,10,7,13,-2,-14,2,-16,2,-9,1,-1.0,586
61496,10,10,9,10,-36,-21,-13,-22,-12,-6,-13,-0.169999999999998,587
3469,10,7,11,8,26,-21,-4,-14,28,22,15,-1.48,588
9364,7,6,6,13,0,6,-8,-8,0,-7,26,0.219999999999999,589
73534,0,-7,3,-1,-25,-20,18,0,-2,9,14,-0.649999999999999,590
80252,4,5,3,1,4,-9,-6,-13,-1,-8,2,-0.870000000000001,591
8831,5,10,3,4,-16,-13,-15,-7,25,10,13,3.0,592
35411,7,5,6,6,-11,-22,-13,-10,-2,7,13,-1.78,593
76715,6,5,3,9,12,13,-8,7,-11,-18,16,0.349999999999998,594
11777,3,0,5,1,19,1,-6,3,11,11,14,-0.52,595
74340,1,4,0,1,2,3,-1,-15,35,13,12,3.08,596
9246,1,0,4,-3,5,-11,4,-5,9,20,-11,-1.96,597
52947,3,0,4,5,-25,-6,-16,-14,29,5,12,2.65,598
21439,4,-2,5,9,5,3,-10,2,15,-13,13,1.83,599
79182,2,-2,5,1,35,-2,10,11,-5,2,-10,-2.78,600
46407,0,-2,1,2,6,-8,6,-13,17,9,12,1.74,601
70941,0,-3,-1,1,6,-8,6,-13,17,9,12,0.7400000000000021,602
19611,0,-2,2,2,6,-8,6,-13,17,9,12,1.13,603
56644,0,-3,0,1,6,-8,6,-13,17,9,12,0.130000000000003,604
38359,5,5,5,2,-14,5,-2,10,3,3,3,-0.30000000000000104,605
83456,5,6,4,3,-14,5,-2,10,3,3,3,0.43,606
74623,4,5,4,1,-14,5,-2,10,3,3,3,-1.3,607
34460,4,6,3,2,-14,5,-2,10,3,3,3,-0.57,608
44831,9,12,6,9,-16,-3,15,-12,-10,0,10,-0.39000000000000107,609
24062,8,12,5,9,-16,-3,15,-12,-10,0,10,0.9199999999999979,610
23547,9,12,7,9,-16,-3,15,-12,-10,0,10,-1.44,611
35881,8,12,6,9,-16,-3,15,-12,-10,0,10,-0.130000000000003,612
20283,2,0,2,2,35,-2,10,18,-5,2,-10,-4.52,613
35712,1,-1,2,2,35,-2,10,11,-5,2,-10,-3.78,614
13633,3,0,3,2,31,1,12,14,-5,2,-16,-3.52,615
2555,2,-1,3,2,31,1,12,7,-5,2,-16,-2.78,616
18678,12,4,10,15,-9,-23,-41,34,3,3,14,-0.609999999999999,617
28407,12,1,10,14,-9,-10,-28,1,3,-13,0,-1.61,618
61916,12,5,10,15,-9,-23,-41,34,3,3,14,0.870000000000001,619
32287,12,2,10,14,-9,-10,-28,1,3,-13,0,-0.129999999999999,620
80151,3,4,4,3,-11,4,-15,-8,4,4,1,1.83,621
64059,4,4,4,3,-11,4,-15,-8,4,4,1,1.39,622
32455,3,3,4,3,-11,4,-15,-8,4,4,1,0.8300000000000021,623
28254,4,3,4,3,-11,4,-15,-8,4,4,1,0.39000000000000107,624
8766,3,-3,3,8,-12,4,18,11,14,9,-2,1.39,625
18452,2,-2,2,6,-12,4,18,11,14,9,-2,0.26000000000000195,626
51866,3,-3,3,8,-8,3,11,-17,3,-6,-14,2.3,627
9408,2,-2,2,6,-8,3,11,-17,3,-6,-14,1.17,628
47855,0,-2,1,-2,26,7,13,13,13,4,28,-1.22,629
39753,0,-4,1,0,26,7,13,13,13,4,28,-2.22,630
32259,0,-2,2,-3,37,24,25,46,13,4,28,-2.22,631
7723,0,-4,2,-1,37,24,25,46,13,4,28,-3.22,632
20057,0,1,-1,4,-9,12,8,3,-16,14,11,-0.43,633
67876,1,-2,1,-4,9,-12,-8,-3,16,-14,-11,-0.26000000000000195,634
31152,0,2,-2,4,-9,12,8,3,-14,14,11,-1.43,635
48269,1,-3,2,-4,9,-12,-8,-3,14,-14,-11,0.7399999999999979,636
58088,10,9,8,14,27,-8,-9,12,8,7,10,-2.96,637
40223,10,9,8,13,27,-8,-9,12,8,7,10,-3.96,638
66957,11,9,9,14,23,-5,-7,8,8,7,4,-1.96,639
77641,11,9,9,13,23,-5,-7,8,8,7,4,-2.96,640
6953,2,1,1,3,1,4,-13,11,-3,-10,-23,1.78,641
55217,1,1,0,3,1,4,-9,11,-3,-10,-23,0.0399999999999991,642
15788,2,1,1,3,1,4,-13,11,-3,-10,-23,2.35,643
8194,1,1,0,3,1,4,-9,11,-3,-10,-23,0.609999999999999,644
70323,1,2,2,4,3,2,-23,3,10,3,-7,2.14,645
75795,1,2,2,4,4,3,-23,3,10,3,-7,1.22,646
39380,0,-1,2,-3,-5,-2,19,-3,-10,-3,7,-0.48,647
11785,0,-1,2,-3,-6,-3,19,-3,-10,-3,7,0.44000000000000106,648
49009,2,8,2,0,12,-21,2,-5,19,22,8,0.91,649
74247,3,5,4,3,12,-21,2,-5,19,22,8,3.56,650
82701,2,8,-1,1,12,-21,2,-5,19,22,8,-0.0899999999999999,651
2130,3,5,1,4,12,-21,2,-5,19,22,8,2.56,652
41398,5,8,5,6,-19,15,-4,6,-8,8,-17,3.26,653
32984,5,12,5,6,20,15,-6,5,22,-2,-30,1.48,654
41926,5,8,4,7,-30,-2,-16,-27,-8,8,-17,4.26,655
74979,5,12,4,7,9,-2,-18,-28,22,-2,-30,2.48,656
4709,4,9,1,2,6,4,16,8,8,2,-4,0.609999999999999,657
41522,4,9,2,2,6,4,16,8,8,2,-4,-0.44000000000000106,658
70067,4,8,1,3,6,4,16,8,8,2,-4,-0.0800000000000018,659
38761,4,8,2,3,6,4,16,8,8,2,-4,-1.13,660
46889,5,11,3,1,10,-5,-4,2,-13,6,1,-2.57,661
22994,6,10,4,3,10,-5,-4,2,-13,6,1,-1.44,662
26930,5,11,2,1,10,-5,-4,2,-13,6,1,-1.96,663
67385,6,10,3,3,10,-5,-4,2,-13,6,1,-0.8300000000000021,664
15843,12,10,17,11,20,24,26,39,-11,13,12,1.74,665
9792,10,10,14,11,20,24,26,39,-11,13,12,0.0899999999999999,666
82525,12,11,16,11,20,24,26,39,-9,13,12,0.7400000000000021,667
62845,10,11,13,11,20,24,26,39,-9,13,12,-0.91,668
78673,11,10,7,12,-25,-10,18,-2,-8,12,13,0.91,669
33677,11,10,7,12,-21,-11,11,-30,-19,-3,1,1.82,670
2071,10,10,6,12,-25,-10,18,-2,-8,12,13,2.22,671
73690,10,10,6,12,-21,-11,11,-30,-19,-3,1,3.13,672
34133,1,1,2,0,26,5,5,7,3,3,-7,0.57,673
6432,1,1,5,-1,26,5,5,7,3,3,-7,1.39,674
60754,0,0,-1,1,-26,-5,-5,-7,-3,-3,7,-0.959999999999997,675
1912,0,0,-4,2,-26,-5,-5,-7,-3,-3,7,-1.78,676
79518,3,1,10,7,-3,-1,-16,-18,-7,9,1,-2.04,677
17497,2,1,2,1,-4,13,27,31,-19,-12,5,-1.31,678
14496,1,4,3,0,-22,12,-6,-12,3,-3,-18,4.22,679
25204,4,4,5,4,4,5,-7,-5,0,3,3,-1.22,680
7940,1,-1,2,3,30,9,6,23,-14,-18,1,-3.22,681
80420,5,8,3,7,-4,-2,7,4,-1,7,-9,1.09,682
24145,1,2,1,1,-7,5,0,19,4,-1,-11,-0.35000000000000103,683
787,9,9,9,6,13,6,12,12,25,19,8,-1.26,684
13943,3,3,1,4,-1,-1,5,-7,3,0,0,0.43,685
78733,3,-3,3,3,16,5,-11,6,28,15,-15,-1.92,686
28635,6,8,5,5,-10,-19,1,-8,-1,3,0,0.7400000000000021,687
39573,4,5,2,4,-5,-6,16,-7,2,17,14,1.35,688
81237,10,8,8,6,18,-5,-2,8,13,17,4,-3.31,689
55834,4,5,2,6,-5,1,15,1,-10,-13,-16,-0.8300000000000021,690
66946,2,-1,0,4,10,-11,-19,-4,-17,-12,-4,-1.66,691
60743,6,8,5,6,-8,-17,-6,-13,1,-8,2,-0.48,692
57525,6,8,4,6,11,-7,-7,9,2,-10,11,-1.43,693
3660,1,2,0,1,-4,-5,11,0,-1,17,14,-0.129999999999999,694
82614,1,-2,2,2,-17,-12,-18,-32,-2,0,-2,1.22,695
34911,3,2,3,3,-6,-3,24,-10,-7,-3,7,0.430000000000003,696
83646,2,-1,4,3,5,0,-5,0,-5,-10,0,0.39000000000000107,697
19300,4,5,8,2,9,-9,0,-16,30,20,10,-0.26000000000000195,698
56407,3,6,-2,2,8,-8,29,26,0,10,13,0.6900000000000011,699
54920,9,11,10,10,3,3,0,-10,1,11,-3,-2.17,700
44846,7,16,5,7,-21,1,-9,-17,5,-11,0,-0.57,701
77599,9,11,4,9,25,-5,5,19,5,0,27,-1.0,702
76716,5,7,0,7,-4,3,-7,3,-17,-1,-1,-2.04,703
50989,0,2,1,-1,26,-13,16,14,17,-12,-9,1.31,704
46895,6,8,8,6,-1,4,13,16,-16,-13,-6,-1.18,705
27825,6,7,4,6,-7,-8,2,17,-3,0,0,0.43,706
20348,0,-1,5,0,4,-13,0,-26,15,5,5,2.18,707
72459,1,-2,2,2,-17,-12,-18,-32,-2,0,-2,1.22,708
30726,2,4,0,1,-23,8,-16,4,20,8,13,-0.559999999999999,709
78268,1,2,2,5,14,-2,-18,-2,-6,-3,0,-0.91,710
59871,8,6,5,8,14,11,12,16,-4,-3,3,-2.96,711
60346,7,10,12,7,-1,-4,-17,-16,15,19,-1,-1.26,712
76146,1,1,-1,-3,26,0,11,7,7,7,7,-0.66,713
71889,1,2,5,-3,26,5,5,7,3,3,-7,0.609999999999999,714
22522,7,9,3,5,27,12,7,8,-4,6,-4,1.0,715
37587,3,8,-4,7,1,7,2,1,-7,3,3,-0.91,716
72769,1,0,0,-2,17,17,34,26,-15,-8,9,-0.7899999999999989,717
61932,1,0,3,2,16,-6,-27,-10,15,-7,3,0.920000000000002,718
57821,5,9,2,7,-7,-26,-14,-14,15,29,9,0.129999999999999,719
4842,4,1,7,-2,26,5,5,7,3,3,-7,1.91,720
31615,1,5,0,1,21,-16,0,-1,19,9,0,1.18,721
66084,0,10,-2,-2,-16,6,27,10,-15,7,-3,0.529999999999998,722
2169,0,-1,0,1,24,-8,8,-16,14,2,9,0.44000000000000106,723
45859,14,5,15,13,24,-6,-17,-7,33,2,-4,-0.600000000000001,724
1949,3,0,4,2,-17,-10,10,-10,-7,0,0,0.43,725
49758,0,3,0,-1,-14,-12,10,-8,-2,9,-25,1.87,726
64629,10,11,7,15,-5,-6,0,-24,9,12,-14,0.26000000000000195,727
81752,3,2,2,4,-6,-18,3,7,-13,3,-2,-0.780000000000001,728
17030,6,5,7,13,0,6,-8,-8,0,-7,26,-2.56,729
53398,6,8,6,4,-17,-14,1,11,3,2,-11,-0.780000000000001,730
1013,4,2,1,10,3,7,15,-2,20,9,-17,-1.61,731
62847,1,3,-5,1,5,-11,-3,-4,-12,-2,-3,-2.39,732
8798,0,0,-4,1,1,-3,-8,3,9,20,7,0.91,733
13516,1,4,2,-3,5,8,4,18,9,3,9,-1.82,734
9935,5,-1,9,4,11,-25,-27,-5,10,-5,21,1.79,735
71262,3,0,4,4,-4,1,-11,-17,18,-3,-11,0.22000000000000197,736
61347,1,1,1,-1,-21,-31,-25,-33,-18,-1,-2,1.26,737
81651,3,0,3,6,7,-6,8,-6,8,3,9,0.17000000000000198,738
19967,3,3,3,5,12,-4,15,14,3,16,8,1.39,739
74331,6,5,7,6,4,-21,9,1,4,8,10,0.0499999999999972,740
64287,11,10,12,13,9,-6,-16,-11,16,-21,15,-2.17,741
54288,0,3,-1,0,9,-9,15,13,7,4,-12,0.43,742
5162,6,7,4,8,9,11,17,16,1,7,3,-3.09,743
22753,2,9,2,1,-21,-14,12,-35,-24,12,9,1.74,744
75425,8,11,9,7,-3,1,-14,-14,19,15,2,-0.7399999999999979,745
77622,10,6,7,10,22,-18,5,-6,28,15,6,0.0899999999999999,746
28850,5,5,1,6,12,-22,0,0,4,-1,0,0.6900000000000011,747
70683,3,2,4,2,20,24,26,39,-11,13,12,0.48,748
40450,8,4,11,7,-21,1,-9,-17,5,-11,0,0.52,749
14283,11,18,9,12,-1,-13,4,1,20,10,27,0.7899999999999989,750
11379,2,3,6,1,-4,-5,2,15,-11,17,14,2.18,751
33261,1,0,3,0,5,0,-5,0,-5,-10,0,1.48,752
3035,3,3,1,4,-6,-3,24,-10,-7,-3,7,-0.829999999999998,753
55682,11,5,13,13,12,-16,-8,-8,4,-8,26,-1.39,754
39721,7,8,10,7,21,16,25,18,33,11,12,-1.57,755
75347,3,6,1,2,8,-8,29,26,0,10,13,1.43,756
24945,7,9,7,10,3,3,0,-10,6,11,-3,-1.48,757
81913,5,5,5,4,9,-12,-8,-3,16,-14,-11,0.30000000000000104,758
83588,3,2,8,0,17,34,18,36,1,0,1,0.0899999999999999,759
35246,6,11,6,4,-4,-16,2,-17,31,-1,16,0.870000000000001,760
75579,1,5,3,-4,3,-23,-8,-12,6,3,13,1.17,761
60350,1,5,2,-1,-5,-26,-23,-24,-24,-18,7,1.13,762
32491,4,1,2,7,12,-1,-8,7,-11,-18,16,-0.0800000000000018,763
18890,0,4,-1,1,21,31,25,33,18,1,2,-0.26000000000000195,764
1606,8,7,9,6,29,12,18,36,5,-1,1,0.780000000000001,765
68553,0,0,-4,2,3,-10,8,3,-12,13,11,0.39000000000000107,766
8576,5,7,3,8,3,3,2,18,-11,11,11,-0.0800000000000018,767
61327,11,9,12,14,33,15,17,25,22,-7,28,-1.65,768
22501,7,4,11,6,0,-15,0,-15,15,10,10,-1.31,769
58998,0,2,0,-4,26,-13,16,14,17,-12,-9,0.950000000000003,770
31701,3,7,3,2,17,34,18,36,1,0,1,-0.30000000000000104,771
1012,4,5,2,7,-18,-10,-14,-16,3,0,15,2.21,772
12801,11,14,9,14,29,-4,10,24,6,-8,28,-1.34,773
12730,5,-2,7,1,12,-22,0,0,4,-1,0,0.829999999999998,774
54582,11,18,9,12,-1,-13,4,1,20,10,27,0.609999999999999,775
81374,0,10,-2,3,17,12,18,32,2,0,2,0.0899999999999999,776
70279,6,10,4,8,-30,-3,-14,-31,14,11,25,-0.30999999999999894,777
50882,3,2,2,4,16,5,-11,6,28,15,-15,-2.35,778
29209,9,4,10,4,13,6,1,12,25,19,7,-1.56,779
10502,5,9,5,6,-1,2,17,13,9,26,-3,0.5699999999999971,780
51470,2,1,1,3,-1,-1,14,-22,13,0,0,-0.7899999999999989,781
28753,1,-3,0,5,-7,5,0,19,4,-1,-11,-1.52,782
74713,5,4,5,2,29,-10,18,32,6,-1,2,0.780000000000001,783
26642,3,-2,2,3,-4,0,2,31,12,-12,5,0.349999999999998,784
1235,5,4,6,10,-3,-1,-16,-18,-2,9,1,-2.39,785
69766,11,12,9,11,-2,0,-3,-20,9,12,-14,-0.0399999999999991,786
46694,3,0,5,2,-6,-18,3,7,-13,3,-2,-0.7399999999999979,787
81892,1,1,2,0,-5,-2,10,12,-20,-3,7,0.530000000000001,788
48876,2,7,1,4,4,8,1,20,7,9,-17,-0.34000000000000297,789
10503,11,6,10,8,23,-5,-7,8,8,7,4,-2.61,790
77014,3,5,1,0,6,4,16,8,8,2,-4,1.09,791
60577,6,7,3,7,-21,-15,-22,-34,30,-3,14,0.39000000000000107,792
67690,0,9,1,-2,12,-8,27,-5,-12,22,8,0.91,793
58598,13,15,10,14,-18,-25,-14,-31,18,10,25,0.559999999999999,794
52909,9,4,10,10,3,25,2,22,-12,11,10,-0.52,795
39751,6,6,4,10,0,6,-8,-8,0,-7,26,-2.3,796
11837,7,10,7,5,0,-15,0,-15,15,10,10,-1.39,797
68215,10,8,7,7,18,-5,-2,8,13,17,4,-2.78,798
82631,5,9,4,7,-2,5,25,10,0,6,-10,-0.600000000000001,799
21576,6,8,8,1,-10,-19,1,-8,-1,3,0,2.22,800
1651,3,2,4,2,-5,-6,16,-7,2,17,14,0.91,801
40222,2,2,0,4,10,-11,-8,-4,-17,-12,-3,-1.05,802
42137,0,0,-1,1,-4,-19,-7,-1,-16,-1,0,-0.219999999999999,803
28820,2,5,4,3,4,5,-7,-5,0,3,3,-1.95,804
82538,3,3,7,2,12,-4,15,14,3,16,8,1.91,805
5769,7,5,8,6,-17,-14,1,11,3,2,-11,0.699999999999999,806
25637,0,0,-1,1,-1,3,8,-3,-9,-20,-7,-1.17,807
31688,4,8,2,7,3,7,15,-2,20,9,-17,-1.13,808
54458,1,4,-3,3,5,-11,-3,-4,-12,-2,-3,-1.22,809
6775,11,10,10,11,33,15,17,25,22,-7,28,-1.3,810
14121,2,0,6,0,17,34,18,36,1,0,1,-0.129999999999999,811
13827,8,10,7,7,-18,-5,8,-26,-19,-3,1,2.31,812
42032,5,5,9,5,-2,-13,-4,2,-13,6,1,-2.69,813
11286,11,14,9,10,-1,-13,4,1,20,10,27,0.43,814
53714,5,5,5,3,12,-22,0,0,4,-1,0,1.17,815
1481,2,6,4,-2,14,-6,16,-1,28,-1,1,-1.26,816
50539,4,1,6,5,-4,3,-7,3,-17,-1,-1,-0.219999999999999,817
6767,2,5,2,2,-12,7,0,-15,11,11,10,-2.56,818
81377,7,4,4,10,-14,-9,-16,-14,-13,11,9,-0.39000000000000107,819
6328,1,-1,1,3,18,6,-3,6,19,0,-14,-2.79,820
55150,0,4,0,-2,-30,-9,-6,-23,14,18,-1,1.95,821
7499,2,1,2,0,-13,-9,-23,-6,3,-2,14,-1.7,822
79411,3,2,2,-2,15,4,-4,-1,11,11,8,-0.869999999999997,823
81223,0,-1,0,-1,17,12,18,32,2,0,2,-0.39000000000000107,824
7199,3,-1,6,4,-13,-18,-26,-18,6,0,-6,-0.0500000000000007,825
40990,6,5,9,6,-15,-7,6,2,-1,-3,0,-0.259999999999998,826
6597,3,5,3,0,10,-14,-14,-34,-1,0,0,0.700000000000003,827
65485,0,5,3,-2,-16,-5,13,-5,-12,15,-5,1.17,828
56869,1,-1,1,3,18,6,-3,6,19,0,-14,-2.79,829
79963,3,5,3,4,11,-1,14,10,-6,8,13,-1.39,830
29427,11,11,9,13,12,-16,-8,-8,4,-8,26,-1.13,831
11570,4,5,2,6,-18,-10,-14,-16,3,0,15,2.21,832
40533,0,-5,-3,2,16,5,-13,5,12,-15,5,-1.17,833
16555,1,-1,2,2,-6,-20,-15,-7,1,-1,-7,0.7399999999999979,834
48923,7,8,7,7,1,2,-9,2,-13,-3,-13,0.30999999999999894,835
8807,4,1,7,4,0,22,0,4,-1,0,-1,0.0,836
19434,1,5,-1,2,3,-16,-9,-17,-14,-6,-10,-0.52,837
16099,2,0,4,1,-4,-5,-21,-12,-10,-9,20,-0.7399999999999979,838
45322,0,-1,-2,4,-26,13,-16,-14,-17,12,9,-1.3,839
15184,2,1,0,5,-21,-31,-25,-33,-18,-1,-2,-0.0899999999999999,840
23126,5,11,7,4,-7,-13,11,-14,-16,29,9,1.04,841
55451,3,4,4,-5,26,5,5,1,3,3,-2,1.83,842
27123,13,17,13,12,17,-13,18,-16,28,10,11,0.0899999999999999,843
79086,5,9,3,5,-30,-3,-14,-31,14,11,25,-0.259999999999998,844
81226,1,6,2,0,-7,-5,-1,-13,3,6,-7,1.92,845
50463,2,1,-2,3,-17,-12,-18,-32,-2,0,-2,-0.130000000000003,846
61965,3,6,5,3,-11,-16,-19,-4,15,3,3,-1.13,847
52867,1,4,3,0,18,31,12,33,18,1,2,0.30999999999999894,848
13932,2,-3,4,2,-9,5,-19,25,21,-9,3,-1.43,849
27740,4,4,4,3,3,-11,1,3,-22,3,8,-1.43,850
6328,6,4,7,5,26,-7,8,6,17,-19,17,0.439999999999998,851
35846,11,13,7,10,3,4,8,33,-13,3,-9,1.31,852
9788,3,1,3,3,17,7,9,19,-7,5,11,-3.65,853
14259,3,0,3,5,3,-1,0,-6,13,-4,-12,2.0,854
44740,12,17,11,11,1,-23,-11,-32,15,15,-1,0.140000000000001,855
29766,2,7,2,3,1,7,2,7,-7,3,2,-1.18,856
81845,3,-1,5,0,9,-16,-19,-8,12,10,1,-0.35000000000000103,857
19331,6,20,5,4,-1,-23,-6,-11,3,21,4,0.469999999999999,858
51242,11,10,12,10,-10,-14,-28,-2,2,0,-10,-1.39,859
8981,4,4,4,3,-6,-2,22,16,-17,-14,6,0.39000000000000107,860
47282,18,23,17,16,-1,-23,4,-32,31,10,26,2.05,861
2607,3,4,2,2,-21,2,15,-3,-8,-13,-9,-0.559999999999999,862
17371,6,8,4,7,0,-15,0,-15,15,10,10,-2.17,863
18651,2,0,0,5,9,19,15,1,12,-3,-5,0.920000000000002,864
60642,5,4,6,5,-17,-17,-9,-13,-5,-1,-11,-1.74,865
30867,3,3,4,0,11,-14,-12,6,21,13,10,-2.13,866
81638,11,13,7,10,3,4,8,33,-13,3,-9,1.31,867
4513,3,6,4,4,7,1,-1,21,8,12,0,-1.44,868
37421,9,9,9,11,29,-4,10,24,6,-8,28,-0.91,869
55115,0,4,-1,0,16,-14,15,-6,3,5,-1,1.57,870
47503,2,0,1,3,15,0,-4,-2,-6,-6,7,-2.0,871
78414,2,7,2,3,1,7,2,7,-7,3,2,-1.18,872
48525,2,8,1,2,2,-5,8,-20,-15,15,-5,0.48,873
64436,5,3,2,8,-14,-9,-16,-14,-13,11,9,-0.39999999999999897,874
57467,7,6,10,5,30,9,12,33,22,0,2,1.44,875
13199,5,6,8,3,14,-4,18,-3,11,4,8,-1.52,876
20127,4,5,1,4,14,6,22,-2,-7,-3,-2,-1.0,877
13660,9,11,7,11,14,14,2,6,16,-13,-9,-0.559999999999999,878
36846,4,5,4,2,0,-8,2,15,-11,10,8,-4.52,879
65698,3,4,1,6,20,2,26,35,-11,13,13,-0.35000000000000103,880
70435,3,4,6,-2,-29,-16,-26,-23,3,11,7,-0.52,881
3890,6,3,5,8,12,9,5,2,-13,-6,-6,-0.7399999999999979,882
72048,8,15,7,8,-8,-28,0,-38,-13,0,14,2.61,883
38766,9,13,13,4,8,-8,-16,-9,2,-2,-21,2.22,884
71429,2,10,0,1,-2,-8,-3,-33,-8,23,-4,1.13,885
24165,11,14,11,10,-23,-22,-20,-11,-7,21,25,-0.52,886
69334,3,6,4,4,18,3,5,9,5,3,0,1.69,887
22856,3,-1,3,5,-10,2,5,19,-17,-6,11,-1.87,888
28740,0,-3,0,1,-1,25,15,26,3,0,-4,-2.43,889
9361,2,4,2,1,9,3,1,-4,29,4,7,-0.6900000000000011,890
8453,3,5,0,7,15,18,-2,10,27,-4,-17,0.44000000000000106,891
19700,4,9,2,1,-16,-11,22,-6,-27,-13,-6,-2.26,892
48830,11,9,9,14,12,-16,-8,-8,4,-8,26,-0.57,893
18670,8,6,8,9,8,-9,-3,9,-3,-4,-4,-1.52,894
47808,12,5,16,11,11,-13,-7,-14,21,10,-3,-1.87,895
20360,8,10,10,6,-30,-23,-19,-32,-15,9,25,0.699999999999999,896
19998,2,4,-1,2,-17,1,-24,-17,0,-2,-2,1.09,897
5600,5,7,5,4,-11,-3,-22,-8,13,14,-1,0.0500000000000007,898
6649,1,6,-1,0,-11,1,18,-20,-3,6,-6,0.689999999999998,899
599,5,8,5,3,-32,4,-8,-34,18,-10,25,0.870000000000001,900
52943,10,13,8,13,-4,-4,7,-5,-11,9,1,1.87,901
22449,3,5,0,7,15,18,-2,10,27,-4,-17,0.44000000000000106,902
14123,7,5,7,7,1,5,-12,-24,16,23,18,-0.52,903
43065,4,5,4,4,17,-3,18,17,17,10,12,-0.780000000000001,904
44359,4,9,4,2,0,0,0,0,0,0,0,2.61,905
41060,6,7,2,11,4,22,-4,19,5,12,11,3.09,906
77554,12,17,11,11,31,-27,12,2,13,20,1,1.04,907
79723,9,10,9,8,-7,-14,-13,9,17,1,1,-0.82,908
19795,3,4,2,3,-11,3,6,-6,-6,0,-4,-3.34,909
371,2,1,2,3,8,-6,17,21,-12,6,5,-0.0899999999999999,910
76347,15,18,13,16,12,-16,-8,-8,4,-8,26,2.04,911
15565,6,14,7,3,-2,-20,2,-14,-6,6,-3,-1.22,912
76560,1,1,3,-3,-19,-18,-27,-6,4,12,24,-2.39,913
3213,0,-4,1,2,-4,0,-14,7,13,-19,-2,2.13,914
70394,4,3,3,9,21,21,20,36,5,14,13,2.0,915
69910,9,9,12,11,-6,-12,-15,-15,5,3,-10,0.560000000000002,916
75251,17,25,16,14,-1,-23,4,-32,31,10,26,1.91,917
14782,4,-1,8,7,9,-5,-25,-1,24,16,7,-0.26000000000000195,918
56238,5,4,3,6,7,2,-6,19,8,0,16,-1.91,919
5184,7,8,5,7,-6,12,21,3,11,-6,-5,-1.39,920
64947,7,-4,9,8,8,5,1,12,7,1,7,-1.22,921
45771,3,0,3,4,-9,-18,-1,-11,-14,6,3,-0.9600000000000011,922
62400,5,-1,6,7,3,9,-4,9,5,-15,-8,0.8300000000000021,923
68186,9,13,9,7,0,-15,0,-15,15,10,10,0.9600000000000011,924
58907,6,4,7,8,1,-12,-4,-20,-1,-3,-8,1.21,925
14389,10,14,10,11,0,6,-2,2,36,11,27,3.17,926
19845,6,4,8,2,-12,-9,-17,-4,-4,16,18,-3.69,927
59650,1,3,2,-1,11,-19,-14,0,13,7,-11,0.30000000000000104,928
44301,6,13,3,3,-6,-17,22,-31,-18,-16,-7,0.48,929
4013,4,6,6,2,-14,-16,-7,-10,9,1,-15,1.09,930
6474,4,4,3,4,5,9,15,9,17,-6,-1,1.95,931
32884,3,5,5,3,-7,0,-11,5,6,6,-2,-0.649999999999999,932
45519,13,10,16,11,6,-15,3,-2,1,7,4,-2.44,933
82627,7,14,6,5,-9,-7,-13,-20,32,4,22,0.91,934
73687,0,-2,1,-1,-14,14,6,-18,15,-10,10,-0.73,935
20129,10,12,11,10,3,-22,-3,-32,6,0,0,0.219999999999999,936
59816,5,3,5,5,7,9,10,2,-8,4,-6,-1.3,937
58677,6,0,9,4,-16,-9,-31,3,9,-3,16,-1.56,938
6181,2,-6,1,7,7,17,12,23,-13,-11,14,-0.52,939
44329,2,4,2,1,9,3,1,-4,29,4,7,-0.6900000000000011,940
35816,4,6,6,4,3,-11,1,3,-22,3,8,-1.39,941
25458,5,8,5,3,-32,4,-8,-34,18,-10,25,0.870000000000001,942
55888,7,6,8,6,3,-9,2,9,2,6,-4,-2.08,943
10646,10,7,14,8,-19,-17,-22,-26,4,9,11,-1.69,944
15535,4,2,6,4,-11,-16,-19,-4,15,3,3,-0.699999999999999,945
82842,5,3,5,4,0,-4,5,-6,-8,-9,10,0.6500000000000021,946
3051,7,6,8,4,-27,-8,-13,-17,6,3,10,-0.8300000000000021,947
67450,3,1,4,-2,11,-14,-12,6,21,13,10,-3.13,948
63533,7,11,6,5,-5,-13,6,-23,8,-6,-1,1.0,949
63436,2,-3,1,2,15,4,-4,-1,11,11,8,-1.96,950
55197,1,-3,2,2,-7,5,0,19,4,-1,-11,-0.52,951
55634,14,12,12,15,7,-18,-5,1,10,22,11,-1.65,952
55414,0,-1,2,-1,-25,-3,-16,-4,1,3,-2,-2.17,953
54647,4,4,5,0,-4,-16,2,-17,31,-1,16,0.0800000000000018,954
66647,3,1,3,6,8,2,8,2,11,-9,-21,1.66,955
9345,3,8,1,2,17,2,18,-1,13,0,1,-1.13,956
3379,5,3,5,5,18,16,12,18,33,11,12,1.17,957
44130,10,10,8,14,12,-16,-8,-8,4,-8,26,-0.870000000000001,958
76885,1,3,3,-4,-4,-18,-8,7,10,2,2,-1.17,959
63496,4,5,6,1,-10,-23,-11,-5,-23,-6,13,-1.31,960
77932,4,7,6,4,31,-17,12,35,2,20,2,2.0,961
16518,5,5,5,4,-10,-5,11,3,-10,-6,7,0.52,962
78107,11,8,11,11,0,-19,-4,-20,2,10,11,-0.43,963
49461,7,9,3,8,12,-1,-8,7,-11,-18,16,1.18,964
62065,12,19,12,10,31,-27,12,2,13,20,1,1.61,965
25568,5,5,6,2,0,0,0,0,0,0,0,2.18,966
53668,2,-2,2,5,-15,-18,13,5,-8,8,18,-0.219999999999999,967
45420,5,5,5,3,-4,-8,-12,22,2,-9,6,-1.74,968
73443,3,9,3,1,-7,-21,-7,-29,5,2,-4,2.17,969
2787,5,11,4,6,3,3,2,18,-11,11,11,1.7,970
36618,11,16,8,7,0,6,-2,2,36,11,27,3.56,971
59202,1,-1,3,3,1,4,-16,8,26,10,6,0.52,972
12628,18,23,15,18,29,-14,10,-9,17,-8,27,0.18,973
63243,4,6,5,6,14,-29,-6,3,0,20,0,0.559999999999999,974
30963,3,2,6,-1,-11,-16,-19,-4,15,3,3,-0.82,975
1402,3,2,6,4,17,-3,18,17,17,10,12,-0.609999999999999,976
59407,14,19,14,10,-18,-25,-14,-31,18,10,25,2.52,977
21622,7,12,3,7,4,22,-4,19,5,12,11,3.48,978
15132,13,13,12,12,-6,-18,-11,-13,19,14,-12,0.6100000000000029,979
12079,7,3,7,10,10,-1,4,-3,1,-2,4,-1.08,980
27314,9,5,9,9,16,-10,-8,-5,11,13,-3,-3.43,981
67575,13,10,18,10,9,-11,-7,18,2,5,16,3.22,982
81675,0,8,-2,-1,0,-24,-4,-2,7,1,-29,1.09,983
43971,3,1,4,3,3,-1,0,-6,13,-4,-12,2.09,984
35484,5,7,3,6,-5,-9,1,-29,4,27,-6,0.26000000000000195,985
63518,9,15,9,6,-1,-13,4,1,20,10,27,1.78,986
47326,8,13,7,4,17,2,18,-1,13,0,1,1.05,987
39633,9,11,11,8,14,-29,-6,3,0,20,0,2.74,988
7924,2,9,-2,2,-14,6,-16,1,-28,1,-1,2.31,989
42189,14,10,14,13,6,-15,3,-2,1,7,4,-2.91,990
20298,7,11,6,8,3,3,0,-10,6,11,-3,-1.3,991
22003,12,12,8,13,30,15,4,25,22,-7,28,2.35,992
18015,2,-1,4,0,-12,-1,-19,-19,7,6,10,0.7799999999999979,993
62638,1,-4,0,6,30,9,6,23,-14,-18,1,-1.21,994
79765,1,5,0,0,14,-14,-6,18,-15,10,-10,2.61,995
8359,5,4,5,4,-17,-12,-18,-32,-2,0,-2,0.7399999999999979,996
5764,5,10,3,8,-14,-9,-16,-14,-13,11,9,0.259999999999998,997
52023,6,11,7,5,-1,-29,6,-34,-5,-1,-1,-2.17,998
62078,2,3,2,2,-16,-9,4,-15,-9,-3,14,3.0,999
23312,6,5,5,8,14,11,12,16,-4,-3,3,-3.87,1000
74211,8,6,9,6,-1,-9,-12,16,15,-13,-6,0.35000000000000103,1001
62786,3,11,3,1,0,-15,-18,-4,21,11,2,-1.17,1002
74237,0,-2,3,1,16,3,-20,21,16,23,14,-1.83,1003
44305,3,12,2,2,4,-18,-20,-30,11,20,-9,0.699999999999999,1004
21066,6,13,3,2,-18,-10,-14,-16,3,0,15,2.39,1005
42148,8,12,6,6,0,-10,0,-33,11,0,-1,-0.39000000000000107,1006
3968,1,4,-2,2,-28,20,-10,-17,-13,-9,9,-0.30000000000000104,1007
13466,1,1,3,2,8,9,-5,-15,-3,11,19,-2.26,1008
9358,2,2,0,-1,18,31,12,33,18,1,2,3.22,1009
25193,4,0,6,3,-13,-18,-26,-18,6,0,-6,2.48,1010
26378,6,4,5,9,-18,-13,-21,-10,-1,-5,-19,0.35000000000000103,1011
11472,3,-1,4,-2,11,-14,-12,6,21,13,10,-3.56,1012
516,15,15,14,16,12,-16,-8,-8,4,-8,26,1.31,1013
1052,4,7,4,4,10,3,-4,22,22,2,12,0.259999999999998,1014
72822,2,2,4,-3,17,4,9,26,16,-8,13,0.0,1015
52862,7,9,3,8,12,-1,-8,7,-11,-18,16,1.18,1016
17762,2,0,4,0,14,24,-15,-12,15,-17,-20,3.0,1017
11563,3,-2,3,3,9,-14,-19,-8,12,11,9,-0.6900000000000011,1018
24330,6,4,3,5,-10,-5,5,5,5,-5,-15,0.57,1019
29576,4,8,2,3,-32,1,-6,-29,4,-1,1,-1.22,1020
36424,10,9,11,10,2,-13,18,-16,28,10,11,-2.57,1021
27344,1,0,0,2,-17,-12,-18,-32,-2,0,-2,1.17,1022
25501,4,2,6,5,26,-7,8,6,17,-19,17,-0.57,1023
32101,5,5,7,5,-18,-31,-12,-33,-18,-1,-2,-0.959999999999997,1024
82614,0,-4,1,0,-15,4,4,-13,10,-13,-8,1.73,1025
64088,1,3,0,0,-21,-10,-18,1,-20,-18,-25,1.43,1026
36238,7,7,9,9,-16,2,-8,11,5,15,12,-0.0500000000000007,1027
55046,8,7,9,7,-14,-22,-30,-24,-16,0,23,0.52,1028
33213,10,11,11,11,-9,-17,-11,-7,6,16,0,-1.4,1029
65690,11,12,9,12,-4,-19,-10,-28,9,2,0,-0.35000000000000103,1030
3187,3,4,2,1,6,4,7,18,-1,-3,-7,-1.52,1031
76769,5,1,6,6,0,6,-7,1,15,10,26,-2.09,1032
43886,0,0,-1,1,-21,-8,-12,-26,0,9,-10,0.699999999999999,1033
60961,6,5,9,7,5,0,1,14,13,28,21,-0.30999999999999894,1034
38734,15,17,14,14,-16,-23,4,-32,31,19,26,-1.66,1035
68159,9,12,7,12,29,-4,10,24,6,-8,28,-1.74,1036
21037,5,6,4,4,32,5,4,31,32,21,26,4.39,1037
71807,4,5,4,5,0,-15,0,-15,15,10,10,-0.699999999999999,1038
51323,1,-1,1,4,-11,2,-16,-11,5,-10,-11,1.61,1039
28076,2,0,0,4,7,17,8,-13,3,-6,-14,1.05,1040
61716,11,16,7,12,-14,-9,-16,-14,-13,11,9,2.0,1041
67246,8,8,6,6,8,-11,-12,-9,11,-12,5,0.39000000000000107,1042
9512,6,5,5,8,-4,-1,-22,-24,13,23,28,-0.0800000000000018,1043
33938,3,3,2,-2,8,6,8,28,-13,18,6,-0.959999999999997,1044
38797,8,8,8,9,19,-16,25,16,4,10,19,-3.35,1045
4655,3,0,4,5,19,13,11,22,4,19,21,3.87,1046
12485,5,9,0,4,-9,7,-16,11,-13,16,4,-0.129999999999999,1047
8062,5,4,4,4,-21,-12,-21,-4,-14,-1,-7,0.560000000000002,1048
56859,9,12,7,10,-6,-12,-23,-17,-6,12,11,0.7899999999999989,1049
36227,4,4,3,4,-16,-14,-7,-2,-6,-12,-17,0.7400000000000021,1050
15462,7,6,7,8,8,-14,-10,2,13,3,-14,-0.18,1051
75548,3,-3,5,5,16,-1,26,-9,5,-12,-10,-2.0,1052
28591,7,5,6,9,-9,-11,-9,-12,-8,-10,-4,-0.219999999999999,1053
69751,2,-1,5,0,18,31,12,33,18,1,2,4.44,1054
62113,5,2,6,4,-17,-12,-18,-32,-2,0,-2,3.39,1055
33806,1,0,-1,5,30,9,6,23,-14,-27,1,-1.13,1056
34937,3,3,4,3,19,-1,-13,3,31,32,29,2.39,1057
11472,7,5,7,5,3,-9,-7,6,15,-4,10,-1.0,1058
30631,2,1,1,3,-16,-9,4,-15,-9,-3,14,0.39000000000000107,1059
2856,6,8,6,5,0,-15,-18,-9,21,11,-3,0.6500000000000021,1060
11839,8,11,6,10,14,11,12,16,-4,-3,3,-2.7,1061
43600,2,2,1,1,16,0,4,21,16,23,14,-2.61,1062
58291,3,4,3,-2,2,8,9,14,1,-5,-8,0.35000000000000103,1063
33293,12,16,11,14,28,13,-23,10,19,-32,-7,0.9600000000000011,1064
56249,7,8,6,5,10,18,-18,-8,15,1,-12,2.31,1065
36925,1,-3,2,0,-2,-20,-10,-7,1,8,9,-0.17000000000000198,1066
23499,3,5,1,5,-14,-14,12,-25,-24,12,9,0.829999999999998,1067
63213,6,5,9,5,9,-12,-23,18,29,20,19,2.35,1068
70671,8,8,7,6,24,7,-26,5,14,11,2,4.57,1069
13309,5,6,4,8,4,-20,-6,-34,11,-11,1,-1.04,1070
1405,13,11,15,13,29,7,-17,1,28,-11,-16,-0.9600000000000011,1071
35042,7,9,6,8,12,-5,-3,-26,15,14,17,-0.26000000000000195,1072
25535,1,0,-2,0,-6,4,-3,-11,-15,15,11,1.31,1073
39720,6,3,6,7,-1,4,6,-15,-1,-7,-7,-4.22,1074
16858,2,3,2,0,8,15,3,8,4,25,16,0.780000000000001,1075
11831,7,8,9,6,30,3,-23,16,29,-4,-9,3.26,1076
44355,14,11,13,13,23,11,-20,-10,13,4,-5,0.349999999999998,1077
76311,4,6,2,5,-7,-4,10,-29,-16,-18,-12,-2.65,1078
50024,7,3,8,10,10,-12,-10,-20,26,0,6,-2.61,1079
3302,3,5,3,2,20,2,26,35,-11,13,13,-0.829999999999998,1080
60424,6,3,6,7,-1,4,6,-15,-1,-7,-7,-4.22,1081
33325,5,6,4,7,4,-20,-6,-34,11,-11,1,-0.520000000000003,1082
70674,10,13,6,14,12,-16,-8,-8,4,-8,26,-1.13,1083
41284,6,8,6,7,-5,-9,1,-19,4,25,-6,-0.6500000000000021,1084
30234,4,5,5,5,31,-14,10,30,16,20,26,0.780000000000001,1085
3263,2,1,2,1,7,-1,5,-6,13,5,4,-0.560000000000002,1086
57325,3,1,3,2,2,2,18,-1,13,0,1,-2.91,1087
50962,4,2,7,0,-4,-16,2,-17,31,8,16,-0.21000000000000102,1088
28883,6,3,8,5,18,16,12,18,33,11,12,3.57,1089
57686,10,9,11,10,16,-8,-8,-5,11,14,5,-0.6500000000000021,1090
1687,1,6,-2,1,0,-21,-11,-10,6,1,-29,2.26,1091
34424,2,2,4,0,-11,-16,-19,-4,15,1,7,0.30000000000000104,1092
67737,1,2,2,1,1,4,8,8,26,10,6,-0.26000000000000195,1093
50033,8,8,9,6,-14,-22,-30,-24,-16,0,23,0.39000000000000107,1094
39232,11,13,9,11,-4,-19,-10,-28,9,2,0,1.0,1095
60168,11,12,11,11,-9,-17,-11,-7,6,16,0,-1.09,1096
6984,12,10,12,13,0,-17,-4,-20,2,11,19,-0.26000000000000195,1097
35965,4,4,3,2,-10,-5,11,3,-10,-6,7,-2.22,1098
41995,11,11,12,9,0,6,-2,2,36,20,27,4.66,1099
82115,12,8,13,11,16,-24,10,-3,27,20,25,1.26,1100
58132,6,8,3,9,12,-1,-8,7,-11,-18,16,-0.259999999999998,1101
22015,4,2,6,3,0,0,0,0,0,0,0,2.78,1102
5231,4,11,1,8,3,3,2,18,-11,11,11,-0.18,1103
15897,12,16,9,14,-17,-9,-44,-10,-20,-4,10,2.13,1104
70134,17,10,15,19,-14,-20,-39,-6,-28,27,32,0.39000000000000107,1105
69315,6,4,5,7,-11,-15,-33,3,-25,5,10,1.08,1106
20450,4,5,4,4,18,16,-17,35,16,-13,-11,0.22000000000000197,1107
14709,8,10,7,8,13,15,-5,19,3,-11,-31,-1.52,1108
44747,14,14,12,10,-25,-19,5,-19,-39,21,20,-3.0,1109
27858,8,11,5,9,-20,-19,-9,5,-1,33,18,3.22,1110
54736,5,6,2,10,-12,-15,6,-38,8,-8,15,-1.56,1111
32334,14,14,15,12,-14,-20,12,-31,-12,-8,3,-3.3,1112
10796,6,2,6,5,-18,-13,-3,-3,-9,7,3,-0.649999999999999,1113
57547,5,-3,6,6,-5,3,-23,23,10,1,20,-0.43,1114
63533,2,6,-1,0,19,17,20,40,-4,30,0,-3.04,1115
44874,0,0,1,0,-17,-13,1,-13,-1,17,30,-1.61,1116
62990,6,7,4,9,-12,-14,16,-20,-16,32,33,-0.82,1117
55777,0,6,-2,1,19,18,14,32,0,-2,-23,-2.3,1118
61050,5,6,2,8,-4,-5,-12,5,-3,18,8,-2.43,1119
11927,10,12,6,12,-15,-13,-42,4,-34,16,18,-0.66,1120
48009,5,5,4,3,-2,-1,-7,-17,9,-13,-20,-0.870000000000001,1121
13139,2,1,3,1,-21,-18,10,-26,-5,20,33,3.57,1122
81023,7,9,6,9,15,17,-35,25,17,-29,-18,2.05,1123
23162,4,12,4,4,-2,-3,3,-5,2,-1,20,0.699999999999999,1124
23490,13,10,9,15,1,-4,-29,21,-9,21,0,0.43,1125
61587,3,3,-2,6,19,19,-15,5,18,1,32,-2.43,1126
34172,7,8,7,3,0,0,20,20,-5,20,0,-2.17,1127
56994,4,-1,4,8,-18,-13,-3,-13,17,17,18,-0.30000000000000104,1128
44787,6,4,6,7,-2,1,3,-7,16,-7,2,-2.57,1129
58035,6,5,6,10,-17,-17,6,-20,-14,6,7,-0.6500000000000021,1130
17655,3,0,3,3,-21,-18,-1,-35,-23,5,23,-0.0500000000000007,1131
3114,9,2,12,5,-37,-38,4,-39,-32,-6,3,-1.52,1132
18327,2,3,-1,2,2,-3,-13,15,27,15,-2,0.609999999999999,1133
62666,10,13,9,7,-18,-16,10,-18,-11,16,22,-0.219999999999999,1134
81374,7,4,4,7,20,15,25,5,24,-22,-37,0.0799999999999983,1135
44893,3,-1,3,0,-3,3,7,37,-22,-9,-7,-3.13,1136
13018,4,5,2,3,-16,-21,40,-30,-13,-10,-8,-0.219999999999999,1137
65080,6,7,6,6,-14,-9,-1,-27,-10,3,32,-0.129999999999999,1138
80740,7,8,7,3,0,0,20,20,-5,20,0,-2.17,1139
42897,3,3,3,4,20,16,7,17,26,-13,0,-0.0400000000000027,1140
59225,7,4,4,7,20,15,25,5,24,-22,-37,0.0799999999999983,1141
19181,0,4,-3,2,-4,-1,-4,-4,-36,-8,-22,-0.0800000000000018,1142
13995,3,7,-3,2,11,10,3,27,21,-3,-22,2.35,1143
5142,9,9,9,9,17,16,-23,17,16,-13,-1,-0.30000000000000104,1144
12318,2,3,0,4,-13,-19,-8,-15,-7,18,33,1.78,1145
69925,1,-2,1,2,-7,4,-13,-4,-9,13,19,-0.129999999999999,1146
19418,3,-1,3,0,-3,3,7,37,-22,-9,-7,-3.13,1147
75775,7,11,5,6,-1,-1,24,-16,4,-12,18,0.43,1148
78394,7,0,9,9,-4,1,-17,-3,28,-3,6,-1.09,1149
26305,10,7,10,11,-18,-21,-5,-36,-26,-1,31,-0.39000000000000107,1150
22236,4,5,2,3,-16,-21,40,-30,-13,-10,-8,-0.219999999999999,1151
76185,2,-2,2,0,-3,1,-13,9,-9,-9,-6,-0.530000000000001,1152
79675,5,12,3,6,21,18,-19,9,10,-1,-5,-1.43,1153
78886,2,7,2,3,4,2,-6,4,-6,4,-8,-2.17,1154
11177,5,3,7,3,-33,-36,8,-47,-38,6,-1,-2.05,1155
68392,1,3,0,4,4,-6,-8,7,-6,2,9,1.52,1156
57565,2,-4,3,-1,-18,-14,-16,-12,-11,31,21,-0.169999999999998,1157
22538,0,-4,0,3,37,27,44,28,42,-33,-47,-1.69,1158
18883,6,7,4,7,4,1,4,-14,26,-10,25,-1.39,1159
52836,2,2,2,1,-2,1,-7,13,-14,13,-3,-0.780000000000001,1160
26500,1,0,1,0,36,34,9,43,15,7,-12,-1.87,1161
16981,11,5,10,9,-1,1,-6,-4,31,0,22,0.34,1162
44463,9,8,7,9,1,1,-4,-24,21,10,32,-0.649999999999999,1163
23713,2,3,3,2,-16,-13,27,1,-15,7,-9,-2.21,1164
64121,6,11,1,7,-17,-22,2,-8,-1,-4,-31,1.57,1165
35738,1,-2,4,-1,-1,1,30,-26,1,-56,-45,0.870000000000001,1166
33360,2,1,4,1,-13,-14,-10,-24,-9,0,2,2.69,1167
74626,4,3,5,4,17,21,-27,21,5,17,26,-2.74,1168
48081,3,4,2,-1,0,-1,10,12,-1,16,20,2.48,1169
17395,5,2,3,5,-21,-19,-6,4,-6,14,0,0.259999999999998,1170
16164,6,6,7,6,32,30,-1,35,27,-21,-10,1.0,1171
9221,11,11,10,12,-33,-30,18,-36,-17,24,31,-1.61,1172
52091,0,-3,-2,-1,10,15,-3,33,0,-9,-8,-3.22,1173
39072,1,0,0,4,24,15,39,9,29,-22,-14,1.18,1174
9629,0,-5,3,-2,-23,-16,7,-19,-41,-13,-10,-1.83,1175
9992,4,-1,2,9,19,18,7,13,40,-30,-19,-0.920000000000002,1176
39799,3,3,3,2,-18,-16,-13,-13,-22,-3,1,0.39000000000000107,1177
20391,0,1,-3,1,4,-3,24,-24,12,0,23,-2.26,1178
55345,3,2,4,4,-2,2,-10,14,19,10,26,-1.3,1179
67257,8,5,10,5,-15,-19,16,-39,-11,-16,3,-2.35,1180
74447,3,-3,4,5,-4,-12,-4,-9,-16,-4,-1,-0.48,1181
35250,1,0,1,1,2,1,-28,34,1,16,-11,-1.87,1182
26828,3,5,1,4,2,1,23,-1,-2,-14,-19,-2.13,1183
