id,strong_team,strong_score,strong_overall,strong_avg_age,ft_id
3732,Brazil,2,84,26.1,1
7567,Denmark,1,75,27.0,2
3606,Croatia,1,78,26.37,3
641,Spain,2,85,25.17,4
7327,Argentina,1,83,26.33,5
691,Russia,1,80,26.17,6
22,Italy,0,83,27.17,7
3096,Mexico,2,77,26.2,8
1437,Netherlands,2,80,26.4,9
4014,Bulgaria,0,73,27.63,10
3161,Portugal,2,82,27.1,11
1342,Czech Republic,0,78,27.73,12
1457,Uruguay,3,78,25.73,13
7769,Paraguay,1,75,27.5,14
4154,Mexico,0,77,26.2,15
3006,Ecuador,0,72,27.83,16
3995,Croatia,1,78,26.37,17
7581,Belgium,2,76,24.33,18
1392,Turkey,2,78,25.47,19
4864,Australia,2,75,27.5,20
7297,England,3,83,26.93,21
5769,Bulgaria,1,73,27.63,22
1979,Ireland,2,75,26.83,23
6101,Czech Republic,4,78,27.73,24
766,Netherlands,2,80,26.4,25
988,Turkey,2,78,25.47,26
1672,Germany,3,82,24.8,27
5061,Poland,0,72,26.97,28
2974,Ukraine,3,76,26.0,29
4895,Turkey,1,78,25.47,30
6750,Australia,1,75,27.5,31
1982,Portugal,3,82,27.1,32
150,Greece,0,76,26.63,33
5019,Ukraine,1,76,26.0,34
5979,Italy,1,83,27.17,35
7738,Spain,1,85,25.17,36
1015,France,0,83,26.17,37
1422,Slovenia,3,70,25.67,38
842,Australia,1,75,27.5,39
3359,Netherlands,6,80,26.4,40
8,Denmark,0,75,27.0,41
2646,Italy,1,83,27.17,42
4785,Spain,6,85,25.17,43
3202,Mexico,1,77,26.2,44
4590,France,0,83,26.17,45
6362,England,1,83,26.93,46
5217,Greece,0,76,26.63,47
3592,Germany,4,82,24.8,48
1661,Italy,1,83,27.17,49
1746,Netherlands,2,80,26.4,50
7220,Uruguay,3,78,25.73,51
6505,Spain,0,85,25.17,52
6719,Argentina,4,83,26.33,53
7162,France,0,83,26.17,54
5672,USA,2,74,25.4,55
4053,Cameroon,1,76,26.0,56
4016,Italy,1,83,27.17,57
5833,Argentina,2,83,26.33,58
5740,Uruguay,1,78,25.73,59
2215,France,1,83,26.17,60
4709,England,1,83,26.93,61
6182,Netherlands,2,80,26.4,62
3030,Paraguay,0,75,27.5,63
4591,Brazil,0,84,26.1,64
6108,Uruguay,2,78,25.73,65
7654,Argentina,3,83,26.33,66
2726,England,1,83,26.93,67
1302,Spain,1,85,25.17,68
7424,Brazil,1,84,26.1,69
4772,Argentina,0,83,26.33,70
6731,Spain,1,85,25.17,71
91,Netherlands,3,80,26.4,72
7455,Spain,1,85,25.17,73
5702,Germany,3,82,24.8,74
4794,Spain,1,85,25.17,75
5145,Brazil,2,84,26.1,76
7291,Switzerland,1,76,25.7,77
854,Germany,2,82,24.8,78
2239,England,2,83,26.93,79
7606,Belgium,0,76,24.33,80
3718,Argentina,1,83,26.33,81
393,Spain,1,85,25.17,82
2922,France,1,83,26.17,83
6768,Cameroon,3,76,26.0,84
1694,Russia,1,80,26.17,85
4098,Australia,0,75,27.5,86
5223,Sweden,3,77,25.67,87
7095,Turkey,2,78,25.47,88
4473,Netherlands,1,80,26.4,89
3385,Germany,1,82,24.8,90
485,England,4,83,26.93,91
904,Northern Ireland,1,71,25.43,92
1266,Sweden,2,77,25.67,93
3826,Switzerland,0,76,25.7,94
1401,Mexico,1,77,26.2,95
628,Ukraine,1,76,26.0,96
1148,Spain,1,85,25.17,97
242,Paraguay,1,75,27.5,98
6708,Croatia,0,78,26.37,99
630,Netherlands,2,80,26.4,100
1128,Portugal,0,82,27.1,101
7267,Australia,2,75,27.5,102
6994,England,3,83,26.93,103
4565,Turkey,3,78,25.47,104
1567,Czech Republic,1,78,27.73,105
7575,Germany,3,82,24.8,106
1951,Russia,3,80,26.17,107
7571,Italy,0,83,27.17,108
4300,Portugal,3,82,27.1,109
2553,Australia,1,75,27.5,110
6867,France,2,83,26.17,111
4049,USA,2,74,25.4,112
812,Brazil,2,84,26.1,113
3162,Belgium,4,76,24.33,114
3025,Uruguay,4,78,25.73,115
5115,Croatia,2,78,26.37,116
7626,Ecuador,2,72,27.83,117
5232,Finland,1,72,27.7,118
5385,Netherlands,4,80,26.4,119
3530,Paraguay,2,75,27.5,120
2119,Spain,3,85,25.17,121
3208,Brazil,0,84,26.1,122
2997,Greece,2,76,26.63,123
5997,Czech Republic,0,78,27.73,124
4420,England,1,83,26.93,125
217,Ireland,1,75,26.83,126
4088,Italy,1,83,27.17,127
6093,Netherlands,1,80,26.4,128
5943,Spain,0,85,25.17,129
2456,Russia,0,80,26.17,130
5837,USA,1,74,25.4,131
110,Germany,0,82,24.8,132
2173,Switzerland,2,76,25.7,133
2255,Australia,1,75,27.5,134
4491,Ukraine,2,76,26.0,135
4639,Argentina,2,83,26.33,136
2104,Belgium,1,76,24.33,137
7198,Croatia,4,78,26.37,138
4405,England,2,83,26.93,139
2997,Brazil,0,84,26.1,140
4820,Italy,1,83,27.17,141
4664,Netherlands,3,80,26.4,142
5368,Norway,0,75,27.33,143
2428,Scotland,3,75,26.6,144
1717,Sweden,1,77,25.67,145
3034,Turkey,0,78,25.47,146
4602,Belgium,2,77,23.23,147
643,China,1,65,23.93,148
5175,Netherlands,4,81,26.13,149
2242,Italy,1,82,25.57,150
713,Spain,2,85,25.8,151
7651,Switzerland,0,76,25.03,152
2133,Norway,1,75,26.87,153
6659,Argentina,1,83,25.57,154
1107,Brazil,2,83,24.73,155
77,France,0,82,25.47,156
5380,Germany,1,82,24.27,157
5703,Greece,0,75,26.2,158
1548,Uruguay,3,78,26.03,159
3929,Netherlands,5,81,26.13,160
6761,Northern Ireland,0,71,24.73,161
1419,Portugal,2,81,26.23,162
2630,Turkey,2,78,26.0,163
2311,Argentina,2,83,25.57,164
4206,Ireland,5,76,25.87,165
2100,Mexico,1,77,25.2,166
148,Germany,2,82,24.27,167
1097,Ireland,1,76,25.87,168
6837,Mexico,3,77,25.2,169
5679,Germany,2,82,24.27,170
961,Turkey,1,78,26.0,171
1319,Brazil,0,83,24.73,172
1974,England,2,83,26.37,173
106,Portugal,1,81,26.23,174
429,Spain,4,85,25.8,175
4421,Australia,3,73,26.87,176
5367,Argentina,1,83,25.57,177
1787,Brazil,1,83,24.73,178
1292,Greece,1,75,26.2,179
4164,Italy,0,82,25.57,180
1298,Russia,0,79,26.63,181
594,Sweden,5,76,26.27,182
7005,Netherlands,1,81,26.13,183
4910,France,1,82,25.47,184
1280,Mexico,1,77,25.2,185
6094,Mexico,4,77,25.2,186
761,Uruguay,1,78,26.03,187
4957,Brazil,4,83,24.73,188
7173,Argentina,1,83,25.57,189
6422,Brazil,2,83,24.73,190
2100,Croatia,0,78,25.4,191
2627,Spain,1,85,25.8,192
1802,Czech Republic,0,77,26.6,193
4907,Scotland,2,75,27.13,194
6409,Belgium,0,77,23.23,195
7800,Mexico,1,77,25.2,196
2694,England,3,83,26.37,197
3164,Germany,6,82,24.27,198
1383,Sweden,1,76,26.27,199
7550,Mexico,1,77,25.2,200
5788,Czech Republic,2,77,26.6,201
7295,Turkey,0,78,26.0,202
3543,Belgium,1,77,23.23,203
5921,Denmark,2,75,26.07,204
4540,Netherlands,2,81,26.13,205
1141,Italy,1,82,25.57,206
6810,Germany,2,82,24.27,207
7060,France,0,82,25.47,208
1921,Russia,0,79,26.63,209
3079,Switzerland,3,76,25.03,210
3144,Argentina,0,83,25.57,211
7700,Brazil,2,83,24.73,212
7724,Spain,2,85,25.8,213
5521,Sweden,2,76,26.27,214
900,Croatia,0,78,25.4,215
5245,Poland,2,74,25.07,216
2200,Germany,3,82,24.27,217
3552,Portugal,1,81,26.23,218
55,Germany,3,82,24.27,219
6259,Hungary,0,72,25.7,220
1927,Italy,3,82,25.57,221
3042,Brazil,2,83,24.73,222
4505,Spain,3,85,25.8,223
4366,Netherlands,2,81,26.13,224
3491,USA,0,75,24.93,225
246,Belgium,2,77,23.23,226
5492,Sweden,0,76,26.27,227
3686,France,1,82,25.47,228
7090,Russia,1,79,26.63,229
2812,Netherlands,0,81,26.13,230
1363,Italy,2,82,25.57,231
4477,Turkey,0,78,26.0,232
4604,Spain,0,85,25.8,233
5729,Croatia,0,78,25.4,234
1020,Denmark,2,75,26.07,235
4766,England,1,83,26.37,236
4071,France,0,82,25.47,237
713,Germany,3,82,24.27,238
4657,Greece,1,75,26.2,239
1722,Italy,0,82,25.57,240
3316,Poland,2,74,25.07,241
252,USA,3,75,24.93,242
3993,Austria,3,74,24.88,243
1471,Croatia,1,78,26.64,244
3313,Russia,2,79,27.2,245
924,England,2,83,26.04,246
5444,Germany,1,84,23.92,247
915,Belgium,1,79,23.88,248
2724,Hungary,1,72,26.52,249
7304,Italy,0,83,26.88,250
5262,Colombia,2,77,26.08,251
1453,Norway,3,74,26.52,252
5515,Portugal,0,82,26.76,253
5970,Uruguay,1,79,26.76,254
2395,Slovenia,1,74,26.44,255
6784,Argentina,3,82,25.8,256
4721,Chile,3,76,25.8,257
1532,Chile,3,76,25.8,258
5198,Cameroon,1,76,24.52,259
5471,Russia,1,79,27.2,260
7676,Brazil,3,83,25.6,261
4842,Turkey,2,77,25.16,262
815,Greece,1,75,26.16,263
692,Netherlands,1,82,25.84,264
2482,England,1,83,26.04,265
1489,Germany,3,84,23.92,266
3020,USA,5,75,25.44,267
4779,Turkey,2,77,25.16,268
7274,Spain,4,87,26.04,269
49,Switzerland,0,76,24.04,270
4643,Brazil,4,83,25.6,271
5892,Italy,0,83,26.88,272
4567,Argentina,4,82,25.8,273
7216,Denmark,2,76,26.48,274
753,England,1,83,26.04,275
2604,Netherlands,6,82,25.84,276
4096,Croatia,1,78,26.64,277
7112,Portugal,1,82,26.76,278
7502,Brazil,0,83,25.6,279
2754,Colombia,1,77,26.08,280
5173,Ireland,0,77,26.72,281
7188,Austria,0,74,24.88,282
7411,Poland,1,76,25.48,283
5548,Brazil,3,83,25.6,284
2238,Germany,1,84,23.92,285
5848,Netherlands,0,82,25.84,286
2875,Colombia,0,77,26.08,287
2970,Croatia,3,78,26.64,288
1732,Spain,1,87,26.04,289
6607,Uruguay,4,79,26.76,290
4438,France,1,83,26.16,291
6949,Russia,1,79,27.2,292
1963,Portugal,3,82,26.76,293
860,Germany,2,84,23.92,294
5988,Italy,1,83,26.88,295
1944,Spain,4,87,26.04,296
5442,England,3,83,26.04,297
7355,Russia,0,79,27.2,298
1014,Germany,2,84,23.92,299
6617,Portugal,2,82,26.76,300
6153,Spain,1,87,26.04,301
7663,Italy,2,83,26.88,302
1751,France,0,83,26.16,303
5360,Germany,4,84,23.92,304
612,Spain,2,87,26.04,305
3679,England,0,83,26.04,306
5385,Spain,0,87,26.04,307
1486,Germany,1,84,23.92,308
2457,Spain,4,87,26.04,309
3428,Turkey,0,77,25.16,310
4888,Netherlands,2,82,25.84,311
4862,Croatia,2,78,26.64,312
7499,Chile,0,76,25.8,313
3963,England,2,83,26.04,314
2545,France,0,83,26.16,315
2617,Germany,1,84,23.92,316
1693,Mexico,0,76,26.08,317
6511,Northern Ireland,3,71,25.32,318
1803,Greece,3,75,26.16,319
387,Russia,1,79,27.2,320
7243,Scotland,3,74,26.48,321
633,Slovenia,4,74,26.44,322
2344,Brazil,3,83,25.6,323
1318,Brazil,1,83,25.6,324
1958,Italy,2,83,26.88,325
152,Uruguay,0,79,26.76,326
2672,France,1,83,26.16,327
5911,Netherlands,2,82,25.84,328
930,Russia,2,79,27.2,329
3885,Switzerland,2,76,24.04,330
6395,Germany,2,84,23.92,331
6831,Belgium,1,79,23.88,332
690,Colombia,3,77,26.08,333
3847,Netherlands,4,82,25.84,334
4820,Norway,2,74,26.52,335
4286,Argentina,1,82,25.8,336
5693,Uruguay,1,79,26.76,337
525,Brazil,2,83,25.6,338
4924,Argentina,3,82,25.8,339
7222,Denmark,1,76,26.48,340
4559,Chile,1,76,25.8,341
6230,Germany,6,84,23.92,342
136,Poland,1,76,25.48,343
7154,Portugal,0,82,26.76,344
201,Switzerland,1,76,24.04,345
6191,Turkey,0,77,25.16,346
2620,Belgium,2,79,23.88,347
7022,Argentina,2,82,25.8,348
2402,Colombia,3,77,26.08,349
6467,Germany,4,84,23.92,350
2180,Turkey,1,77,25.16,351
1679,Italy,3,83,26.88,352
5224,Portugal,1,82,26.76,353
2282,Netherlands,4,82,25.84,354
3420,Spain,1,87,26.04,355
1773,England,1,83,26.04,356
750,Ivory Coast,3,78,26.96,357
2389,Brazil,1,83,25.6,358
1009,Norway,2,74,26.52,359
4999,Ireland,0,77,26.72,360
2616,Italy,1,83,26.88,361
1356,Australia,2,72,27.16,362
6507,Germany,0,84,23.92,363
1695,Uruguay,3,79,26.76,364
1977,Belgium,1,79,23.88,365
237,Russia,2,79,27.2,366
4248,England,2,83,26.04,367
3187,Turkey,1,77,25.16,368
3351,Brazil,1,83,25.6,369
3960,Norway,1,74,26.52,370
445,Ivory Coast,4,78,26.96,371
4159,Sweden,3,77,27.32,372
1222,Poland,4,76,25.48,373
3386,Chile,2,76,25.8,374
2276,Croatia,4,78,26.64,375
3726,England,2,83,26.04,376
76,Germany,2,84,23.92,377
4126,Switzerland,0,76,24.04,378
4016,Ireland,2,77,26.72,379
6901,Italy,1,83,26.88,380
2662,Portugal,2,82,26.76,381
2362,Romania,3,73,26.08,382
2987,Spain,3,87,26.04,383
4272,Argentina,3,82,25.8,384
7542,Italy,2,83,26.78,385
6237,Argentina,3,82,25.91,386
5458,Colombia,5,78,27.3,387
6237,Czech Republic,0,75,26.61,388
7410,Romania,2,71,25.13,389
6640,Chile,0,76,26.04,390
3252,Spain,1,86,27.0,391
5128,Sweden,0,76,27.39,392
3180,Uruguay,1,79,27.22,393
7143,Brazil,1,82,25.7,394
3195,Argentina,1,82,25.91,395
154,Uruguay,0,79,27.22,396
2282,Denmark,1,74,24.52,397
2257,Paraguay,1,74,28.7,398
189,Spain,1,86,27.0,399
891,Ireland,2,74,26.83,400
3407,Mexico,0,75,25.52,401
2074,Netherlands,4,81,25.61,402
2996,Turkey,1,77,24.83,403
2678,Colombia,0,78,27.3,404
7575,Brazil,4,82,25.7,405
7663,Mexico,0,75,26.0,406
2038,Brazil,2,82,25.7,407
2621,Germany,4,84,24.22,408
3787,England,1,81,25.7,409
5989,Belgium,4,80,24.65,410
7361,Turkey,0,77,25.13,411
92,Brazil,2,82,25.57,412
5028,Germany,3,84,24.39,413
7304,France,0,81,25.3,414
1138,Argentina,0,82,26.83,415
899,Sweden,1,75,27.17,416
1200,Venezuela,1,71,25.96,417
173,Italy,0,83,26.22,418
3296,Chile,2,76,25.91,419
4369,Peru,1,72,26.61,420
689,Portugal,1,80,26.87,421
7462,Brazil,3,82,25.57,422
3308,Chile,3,76,25.91,423
7475,Colombia,2,78,27.04,424
6678,Argentina,1,82,26.83,425
6975,Spain,2,85,26.96,426
1887,Uruguay,1,79,27.3,427
7299,Italy,2,83,26.22,428
1894,Spain,2,85,26.96,429
4938,Brazil,2,82,25.57,430
6834,Italy,2,83,26.22,431
6516,Brazil,2,82,25.57,432
5745,Spain,0,85,26.96,433
4567,Spain,0,86,26.7,434
2458,Italy,2,83,26.52,435
5663,Korea Republic,0,71,25.13,436
2,Austria,0,74,24.43,437
6864,France,0,81,24.78,438
3435,Spain,2,86,26.7,439
2091,England,3,81,25.61,440
3371,Slovenia,0,72,26.17,441
7603,Germany,3,84,24.39,442
3286,Czech Republic,1,75,25.43,443
891,Italy,1,83,26.52,444
5194,Peru,0,72,26.13,445
3223,Ivory Coast,1,77,25.83,446
6327,Russia,0,78,26.43,447
1110,Poland,3,74,24.09,448
62,Portugal,1,80,27.13,449
1754,Sweden,4,75,27.17,450
3665,Brazil,0,82,25.09,451
7767,Venezuela,2,71,25.96,452
7512,Chile,3,76,26.04,453
2321,Colombia,1,78,27.04,454
4210,Spain,2,86,26.7,455
815,Germany,3,84,24.39,456
5081,Sweden,2,75,27.17,457
2743,Italy,1,83,26.52,458
1692,Portugal,4,80,27.13,459
7479,Paraguay,4,74,28.61,460
1964,Uruguay,2,79,27.22,461
7199,Romania,3,71,25.04,462
7132,Belgium,2,80,24.61,463
4033,Brazil,6,82,25.09,464
7115,Austria,1,74,24.43,465
1960,Ecuador,1,71,26.0,466
5383,Brazil,3,82,25.09,467
1325,Italy,2,83,26.52,468
1994,Switzerland,2,76,24.39,469
563,Argentina,5,82,26.04,470
6831,Turkey,2,77,25.13,471
4431,Spain,2,86,26.7,472
2529,Uruguay,2,79,27.22,473
4824,Mexico,0,75,26.3,474
6426,Peru,2,72,26.13,475
171,Argentina,3,82,26.04,476
1442,Colombia,3,78,27.04,477
742,Italy,2,83,26.52,478
832,Uruguay,0,79,27.22,479
4373,France,6,81,24.78,480
681,Germany,3,84,24.39,481
5492,Netherlands,8,80,24.3,482
4714,Norway,0,73,24.61,483
7061,Sweden,2,75,27.17,484
4329,Paraguay,1,74,28.61,485
462,Brazil,2,82,25.09,486
4027,Czech Republic,1,75,25.43,487
511,Chile,2,76,26.04,488
1617,England,2,81,25.61,489
5973,France,3,81,24.78,490
2705,Colombia,2,78,27.04,491
7405,Peru,1,72,26.13,492
4171,Germany,5,84,24.39,493
6115,Switzerland,1,76,24.39,494
6679,Netherlands,2,80,24.3,495
5931,Argentina,2,82,26.04,496
3082,Belgium,0,80,24.61,497
6781,Argentina,0,82,26.04,498
4175,Denmark,2,74,25.09,499
3891,England,0,81,25.61,500
1557,Greece,3,74,26.26,501
3046,Germany,1,84,24.39,502
2630,Switzerland,1,76,24.39,503
1651,Portugal,1,80,27.13,504
3254,USA,0,74,27.22,505
2290,Turkey,1,77,25.13,506
5045,Austria,1,74,24.43,507
4418,Brazil,2,82,25.09,508
6750,Germany,1,84,24.39,509
5947,Netherlands,0,80,24.3,510
6934,Norway,0,73,24.61,511
5228,Poland,0,74,24.09,512
4838,Greece,1,74,26.26,513
1501,Russia,2,78,26.43,514
6086,Spain,0,86,26.7,515
6681,Portugal,3,80,27.13,516
6738,Mexico,4,75,26.3,517
1972,Poland,3,74,24.09,518
1247,Mexico,4,75,26.3,519
4544,USA,2,74,27.78,520
7053,Ecuador,4,71,26.78,521
4935,Uruguay,1,78,28.17,522
6921,Belgium,2,81,25.35,523
6064,Czech Republic,2,74,26.22,524
135,England,1,81,26.39,525
278,France,2,82,25.57,526
269,Germany,1,83,25.13,527
1232,Greece,0,74,26.78,528
5676,Hungary,1,71,26.48,529
4017,Poland,0,75,25.48,530
317,Portugal,5,80,26.78,531
5781,Argentina,0,82,27.48,532
5270,Brazil,5,83,26.3,533
7711,Spain,1,85,27.04,534
1512,Turkey,2,77,25.35,535
6496,Germany,0,84,25.61,536
7214,Netherlands,1,79,25.35,537
2245,Czech Republic,2,75,26.57,538
924,Denmark,2,74,24.87,539
3506,Turkey,2,78,25.57,540
1787,South Africa,1,71,24.3,541
4978,France,4,82,25.09,542
3239,Sweden,0,75,25.74,543
5519,Cameroon,1,76,25.7,544
3547,England,3,80,25.13,545
2969,South Africa,0,71,24.83,546
2847,Spain,2,85,26.78,547
4201,Uruguay,1,78,28.26,548
3416,Italy,0,82,26.65,549
4022,Mexico,3,75,26.26,550
5136,Russia,1,77,26.39,551
225,Portugal,0,80,27.17,552
3934,France,1,82,25.65,553
722,Germany,2,84,25.39,554
668,Belgium,2,81,24.3,555
1799,Turkey,1,78,25.57,556
7030,Czech Republic,1,75,26.57,557
3609,Switzerland,2,77,24.65,558
3003,England,2,80,25.13,559
133,Netherlands,2,79,25.13,560
5113,Greece,2,74,27.13,561
67,Portugal,1,80,27.17,562
6001,Argentina,2,82,27.39,563
2303,Portugal,5,80,27.17,564
5051,Chile,3,76,27.09,565
1653,Cameroon,0,76,26.52,566
6494,Spain,1,85,26.78,567
5301,Colombia,3,78,27.26,568
5424,Italy,2,82,26.65,569
2748,Switzerland,2,77,24.65,570
1990,Germany,4,84,25.39,571
1883,Brazil,0,83,26.83,572
5991,Russia,1,77,26.39,573
4700,Netherlands,3,79,25.13,574
5174,Spain,0,85,26.78,575
2181,Colombia,2,78,27.26,576
2261,England,1,80,25.13,577
7730,France,5,81,25.39,578
1753,Belgium,1,81,24.57,579
1636,Portugal,2,80,27.17,580
6101,Spain,3,85,26.78,581
2850,Brazil,4,83,26.83,582
7215,Netherlands,2,79,25.0,583
7601,Ivory Coast,1,76,26.43,584
1413,Italy,0,82,26.39,585
943,France,0,81,25.39,586
2038,Belgium,1,81,24.57,587
496,Germany,1,84,24.87,588
3513,Brazil,1,83,26.83,589
1808,Colombia,2,77,26.48,590
5040,Netherlands,2,79,25.0,591
7123,Argentina,1,82,27.65,592
5481,Belgium,2,81,24.57,593
28,Brazil,2,83,26.83,594
5472,Germany,1,84,24.87,595
477,Argentina,1,82,27.65,596
7435,Germany,7,84,24.87,597
6669,Argentina,0,82,27.65,598
2630,Brazil,0,83,26.83,599
7449,Germany,1,84,24.87,600
2269,Czech Republic,0,74,27.57,601
4394,Czech Republic,0,74,27.57,602
861,Czech Republic,0,74,26.96,603
225,Czech Republic,0,74,26.96,604
3296,Turkey,2,78,25.57,605
1272,Turkey,2,78,26.3,606
6768,Turkey,2,78,25.57,607
422,Turkey,2,78,26.3,608
3360,England,1,80,25.09,609
3842,England,1,80,25.09,610
1151,England,1,80,24.04,611
6918,England,1,80,24.04,612
1627,Germany,2,83,23.87,613
5618,Germany,2,83,23.87,614
2295,Germany,2,84,24.87,615
5813,Germany,2,84,24.87,616
182,Belgium,2,81,24.3,617
1955,Belgium,2,81,24.3,618
3466,Belgium,2,81,25.78,619
797,Belgium,2,81,25.78,620
5794,Spain,0,84,26.96,621
4553,Spain,0,85,26.52,622
1667,Spain,0,84,26.96,623
7114,Spain,0,85,26.52,624
6873,Italy,2,82,26.39,625
5703,Italy,2,82,26.39,626
4956,Italy,2,82,27.3,627
6910,Italy,2,82,27.3,628
1800,Korea Republic,3,71,25.74,629
5743,Korea Republic,3,71,25.74,630
6400,Korea Republic,3,71,24.74,631
1610,Korea Republic,3,71,24.74,632
5664,Mexico,0,75,26.87,633
94,Chile,0,76,26.61,634
1866,Mexico,0,75,25.87,635
7352,Chile,0,76,26.61,636
3502,Germany,2,83,23.87,637
789,Germany,2,83,23.87,638
291,Germany,2,84,24.87,639
4392,Germany,2,84,24.87,640
6871,Greece,0,74,26.91,641
986,Greece,0,74,26.91,642
7645,Greece,0,74,27.48,643
3015,Greece,0,74,27.48,644
3472,Northern Ireland,2,70,27.57,645
4276,Northern Ireland,2,70,26.65,646
5992,Hungary,1,70,27.09,647
3155,Hungary,1,70,27.09,648
5916,Sweden,1,75,25.74,649
6108,Sweden,1,76,28.39,650
7220,Sweden,1,75,25.74,651
6404,Sweden,1,76,28.39,652
5154,Uruguay,1,76,29.0,653
5520,Uruguay,1,76,27.22,654
1986,Uruguay,1,76,29.0,655
3572,Uruguay,1,76,27.22,656
653,England,2,80,25.09,657
344,England,2,80,24.04,658
3737,England,2,80,25.09,659
2090,England,2,80,24.04,660
4031,Netherlands,1,79,25.0,661
296,Netherlands,1,80,26.13,662
1779,Netherlands,1,79,25.0,663
3390,Netherlands,1,80,26.13,664
7593,Mexico,1,75,26.87,665
5601,Mexico,1,75,26.87,666
3572,Mexico,1,75,25.87,667
3407,Mexico,1,75,25.87,668
3911,Italy,2,82,26.39,669
2565,Italy,2,82,27.3,670
6267,Italy,2,82,26.39,671
6906,Italy,2,82,27.3,672
4372,Ivory Coast,1,76,26.22,673
2646,Ivory Coast,1,76,27.04,674
6569,Cameroon,4,76,25.26,675
3736,Cameroon,4,76,25.26,676
1104,Switzerland,0,76,24.87,677
6809,Russia,1,77,26.39,678
6562,Paraguay,0,73,30.61,679
4583,Turkey,1,78,26.48,680
3199,Brazil,2,82,25.17,681
150,Greece,1,74,26.74,682
5500,France,2,81,26.04,683
805,Germany,0,84,24.91,684
2968,Romania,1,73,27.0,685
5041,Norway,2,72,24.65,686
7707,Portugal,1,80,26.39,687
7582,Romania,2,73,27.0,688
2571,Germany,1,84,24.91,689
5486,Greece,0,74,26.74,690
3315,Poland,2,75,26.17,691
5205,Netherlands,2,79,25.3,692
5969,Brazil,4,82,24.61,693
1644,Hungary,1,70,25.87,694
1695,Paraguay,2,70,25.65,695
4211,Romania,2,73,27.26,696
5046,Ireland,0,74,28.09,697
4964,Colombia,2,78,25.65,698
3609,Russia,0,76,26.3,699
3292,England,3,80,24.74,700
183,Belgium,0,80,25.0,701
7785,Brazil,2,82,24.61,702
1185,Venezuela,2,70,25.39,703
4886,Chile,1,75,26.57,704
5624,France,1,81,26.3,705
5709,Russia,2,76,26.3,706
2684,Ireland,4,74,28.09,707
6193,Paraguay,1,70,25.65,708
3897,Argentina,0,82,27.09,709
1056,Denmark,0,74,26.35,710
1287,England,3,80,24.74,711
1171,Colombia,1,78,25.65,712
2101,Germany,1,84,24.91,713
2792,Ivory Coast,0,77,27.09,714
2100,Ivory Coast,0,75,25.3,715
6848,Cameroon,1,71,23.39,716
4675,Ivory Coast,0,75,25.3,717
7321,Korea Republic,1,71,26.57,718
2310,Sweden,0,74,26.09,719
3916,Ivory Coast,1,75,25.3,720
4666,Chile,3,75,26.83,721
1046,Australia,2,70,25.83,722
3078,Denmark,3,74,26.35,723
7175,Germany,2,84,24.83,724
5150,Scotland,1,72,27.43,725
188,France,1,81,26.17,726
5341,Italy,2,79,26.91,727
1504,Netherlands,1,80,25.13,728
5665,Brazil,1,82,24.7,729
5924,France,2,81,25.65,730
6192,Greece,0,74,25.26,731
6576,Poland,1,75,25.61,732
6996,Northern Ireland,2,69,26.43,733
5715,England,1,80,25.09,734
2419,Korea Republic,1,70,24.83,735
1749,Spain,0,83,25.35,736
96,Venezuela,1,71,26.35,737
2811,Switzerland,1,76,24.87,738
2704,Mexico,0,76,26.09,739
7576,Netherlands,3,80,25.22,740
577,Brazil,2,82,24.7,741
660,France,3,81,25.65,742
6263,England,0,80,24.87,743
6749,Sweden,0,74,26.52,744
3765,Turkey,4,76,25.91,745
6449,Germany,1,84,25.26,746
3815,Chile,2,76,27.17,747
5462,Mexico,0,71,26.87,748
3505,Belgium,0,81,25.22,749
810,Argentina,2,82,27.09,750
3179,Hungary,1,70,26.83,751
3851,Ireland,1,74,27.96,752
3428,Romania,0,72,25.91,753
3357,Brazil,2,82,24.7,754
7496,Colombia,0,78,24.78,755
3948,Russia,0,77,26.65,756
7300,England,3,80,24.87,757
5075,Chile,3,76,27.17,758
4626,Ecuador,2,71,26.48,759
3071,Argentina,1,82,27.09,760
5772,Portugal,1,80,27.91,761
7375,Poland,0,76,25.91,762
653,Brazil,0,82,24.7,763
1501,Peru,1,71,26.09,764
1903,Chile,5,76,27.17,765
3323,Mexico,1,71,26.87,766
7269,Uruguay,1,76,26.22,767
5428,Brazil,2,82,24.7,768
2733,Colombia,0,78,24.78,769
1229,Chile,1,76,27.17,770
1989,Peru,3,71,26.09,771
3851,Argentina,0,82,26.91,772
1910,Brazil,1,82,24.96,773
873,Chile,2,76,27.22,774
5212,Argentina,6,82,26.91,775
331,Peru,2,71,26.39,776
2439,Argentina,0,82,26.91,777
6769,Norway,1,71,24.17,778
1515,Germany,3,84,24.96,779
170,Greece,0,74,25.83,780
3429,Romania,0,72,26.17,781
3407,France,1,81,25.83,782
1590,Chile,3,76,27.26,783
3885,Russia,1,77,26.65,784
5369,Switzerland,3,77,24.0,785
2471,Italy,1,79,26.48,786
1406,Netherlands,0,79,24.35,787
4567,Hungary,1,70,26.96,788
2321,Greece,0,74,25.83,789
4503,Germany,3,84,24.96,790
4720,England,2,80,25.09,791
6415,Argentina,2,82,26.91,792
62,Sweden,1,74,26.3,793
664,Argentina,0,82,26.91,794
706,Uruguay,0,76,25.96,795
1263,Brazil,0,82,24.96,796
99,Colombia,2,78,24.7,797
5893,Germany,0,84,24.96,798
4815,Greece,1,74,25.83,799
6388,Portugal,1,80,27.35,800
4607,Romania,1,72,26.17,801
419,Poland,2,75,26.52,802
6999,Venezuela,0,71,26.26,803
2205,Turkey,2,76,25.09,804
6852,Mexico,3,76,26.52,805
7632,France,2,81,25.83,806
1704,Finland,1,69,25.26,807
1088,Greece,4,74,25.83,808
1809,Poland,2,75,26.52,809
6513,Brazil,3,82,24.96,810
4564,Ecuador,2,69,26.35,811
3450,Italy,2,79,26.48,812
5250,Netherlands,2,79,24.35,813
7661,Argentina,0,82,26.91,814
4663,Chile,4,76,27.26,815
492,Colombia,0,78,24.7,816
5565,Venezuela,2,71,26.26,817
4808,Colombia,1,78,24.7,818
3805,Uruguay,1,76,25.96,819
3480,Norway,0,71,24.17,820
5557,Argentina,1,82,26.91,821
2865,Belgium,3,81,24.78,822
983,Germany,0,84,24.96,823
1377,Peru,1,71,26.09,824
2449,Spain,2,83,25.04,825
4270,Netherlands,3,79,24.35,826
3261,Portugal,0,80,27.35,827
1278,Sweden,2,74,26.3,828
4926,Norway,1,71,24.17,829
4748,Switzerland,2,77,24.0,830
7202,Brazil,3,82,24.96,831
315,Argentina,1,82,26.91,832
3437,Denmark,2,74,25.13,833
5332,France,0,81,25.83,834
3814,Italy,2,79,26.48,835
683,Paraguay,2,71,26.48,836
7345,Poland,3,75,26.52,837
4349,Turkey,0,76,25.09,838
6372,Uruguay,3,76,25.96,839
5783,Venezuela,1,71,26.26,840
536,Sweden,3,74,26.3,841
5789,Ivory Coast,3,76,26.0,842
2067,Colombia,3,78,25.61,843
5749,Argentina,2,83,27.57,844
1346,Scotland,1,74,28.22,845
3172,Paraguay,2,74,27.65,846
470,Spain,1,84,26.22,847
2284,Peru,2,72,26.7,848
567,Turkey,2,77,25.35,849
2586,Wales,1,74,25.96,850
7018,Brazil,2,83,26.74,851
5638,Mexico,3,77,26.57,852
3398,Switzerland,0,78,25.0,853
2792,France,3,82,26.65,854
1793,Portugal,0,81,27.57,855
3701,Cameroon,2,73,24.17,856
7434,Germany,2,84,25.22,857
981,Poland,5,76,26.43,858
7221,Spain,0,84,26.22,859
1512,Slovenia,0,74,27.78,860
2553,Argentina,2,83,27.57,861
6920,Turkey,2,77,25.35,862
218,Colombia,3,78,25.61,863
3615,England,1,81,25.57,864
1571,France,4,82,26.65,865
4800,Germany,4,84,25.22,866
2896,Mexico,2,77,26.57,867
6240,Norway,2,73,24.52,868
6297,Brazil,2,83,26.74,869
1486,Portugal,2,81,27.57,870
143,Denmark,0,76,26.22,871
3665,Cameroon,0,73,24.17,872
3474,Sweden,1,75,26.78,873
4847,Uruguay,1,77,26.3,874
4199,Chile,4,78,27.83,875
3845,Ivory Coast,0,76,26.0,876
615,England,2,81,24.57,877
2654,England,2,81,24.57,878
4162,Netherlands,1,79,24.26,879
3352,Mexico,1,76,26.13,880
1417,Belgium,2,81,25.09,881
3831,Italy,1,80,27.48,882
4447,Portugal,3,81,27.0,883
1195,France,3,82,26.7,884
845,Sweden,0,75,26.65,885
3947,Belgium,1,81,25.09,886
2792,Russia,1,78,27.91,887
7191,Netherlands,2,79,24.26,888
5455,England,1,81,24.57,889
6927,Colombia,2,77,25.7,890
1786,Greece,0,75,25.57,891
2003,Netherlands,2,79,24.26,892
6009,Brazil,0,83,26.78,893
3133,France,3,82,26.7,894
6027,Germany,2,83,24.91,895
3871,Belgium,3,81,25.09,896
395,Uruguay,1,78,27.22,897
4135,Turkey,1,78,25.57,898
1985,Sweden,3,75,26.65,899
3755,Argentina,2,82,27.3,900
4757,Italy,2,80,27.48,901
3660,Greece,2,75,25.57,902
6081,Denmark,4,76,25.22,903
1814,Colombia,2,77,25.7,904
3749,Ecuador,2,72,27.35,905
6396,Uruguay,0,78,27.22,906
5613,Chile,2,77,26.43,907
6486,France,2,82,26.7,908
494,England,1,81,24.57,909
1491,USA,1,75,26.39,910
3487,Brazil,0,83,26.78,911
1579,Poland,1,76,26.13,912
3874,Belgium,0,81,25.09,913
4056,Ireland,1,75,28.78,914
7487,Mexico,1,76,26.13,915
909,Spain,1,84,26.78,916
195,Argentina,3,82,27.3,917
7040,Austria,0,75,26.52,918
1889,Switzerland,1,78,25.61,919
4761,England,2,81,24.57,920
2911,Germany,0,83,24.91,921
7787,USA,2,75,26.39,922
1407,Italy,1,80,27.48,923
4276,Colombia,0,77,25.7,924
3719,Spain,3,84,26.78,925
1223,Argentina,4,82,27.3,926
3185,Belgium,3,81,25.09,927
4317,Chile,7,77,26.43,928
590,Portugal,0,81,27.0,929
3254,France,0,82,26.7,930
2968,Russia,0,78,27.91,931
363,Turkey,2,78,25.57,932
7487,Germany,1,83,24.91,933
4644,Argentina,4,82,27.3,934
97,Colombia,0,77,25.7,935
4759,Portugal,3,81,27.0,936
7624,Italy,0,80,27.48,937
3317,Belgium,1,81,25.09,938
6911,Switzerland,1,78,25.61,939
2593,Colombia,1,77,25.7,940
284,Wales,1,74,25.96,941
6473,Argentina,0,82,27.3,942
5589,France,2,82,26.7,943
1037,Belgium,4,81,25.09,944
3421,Spain,0,84,26.78,945
6675,Portugal,1,81,26.87,946
3358,Belgium,1,81,25.04,947
2735,Germany,1,84,24.39,948
3919,Portugal,2,81,26.87,949
5108,Germany,0,84,24.39,950
5129,France,0,82,26.35,951
6587,Germany,2,84,23.96,952
5480,Turkey,0,77,25.48,953
5858,Argentina,1,82,27.3,954
3594,Spain,2,84,26.7,955
987,Peru,3,68,24.78,956
3918,Colombia,2,76,24.91,957
6383,Brazil,3,83,26.09,958
5592,France,3,82,26.35,959
3595,Netherlands,1,79,24.26,960
7297,Chile,1,77,27.52,961
1921,Czech Republic,0,75,27.39,962
7656,Germany,3,84,23.96,963
2924,Brazil,2,83,26.09,964
300,Chile,3,77,27.52,965
1632,Ecuador,1,73,26.96,966
3721,South Africa,1,71,25.78,967
2369,Netherlands,1,79,24.26,968
692,Portugal,0,81,26.87,969
4586,Uruguay,4,78,27.22,970
3499,Argentina,2,82,27.3,971
3970,Austria,2,75,26.39,972
636,Brazil,5,83,26.09,973
5530,Chile,0,77,27.52,974
4264,Spain,1,84,26.7,975
97,Colombia,1,76,24.91,976
6208,Argentina,2,82,27.3,977
4999,Uruguay,3,78,27.22,978
3101,France,4,82,26.35,979
2974,Switzerland,3,78,24.7,980
3586,Germany,3,84,23.96,981
6781,Mexico,2,77,26.7,982
5142,Poland,3,76,26.22,983
695,France,1,82,26.35,984
3495,Sweden,3,74,26.0,985
7131,Argentina,0,82,27.3,986
7455,Ecuador,2,73,26.96,987
3262,Chile,2,77,27.52,988
4269,Uruguay,2,78,27.22,989
1021,Germany,2,84,23.96,990
458,England,0,80,24.22,991
6792,Brazil,2,83,26.09,992
7200,Belgium,1,81,25.04,993
5299,Brazil,3,83,26.09,994
4860,Chile,0,77,27.52,995
193,Paraguay,1,73,25.52,996
206,Uruguay,2,78,27.22,997
2395,Venezuela,5,71,23.74,998
4284,Czech Republic,2,75,27.39,999
5530,England,3,80,24.22,1000
5813,France,2,82,26.35,1001
3248,Poland,3,76,26.22,1002
1129,Austria,0,75,26.39,1003
7243,Poland,1,76,26.22,1004
6473,Argentina,3,82,27.3,1005
1542,Paraguay,0,73,25.52,1006
6439,Uruguay,1,78,27.22,1007
5666,Denmark,1,76,25.13,1008
1484,Ecuador,3,73,26.96,1009
3467,Spain,2,84,26.7,1010
6957,France,0,82,26.35,1011
6592,Germany,0,84,23.96,1012
4976,Brazil,2,83,26.09,1013
2081,Russia,1,77,27.65,1014
4179,Ivory Coast,2,76,26.0,1015
6688,Brazil,1,83,26.09,1016
5552,Egypt,1,72,27.3,1017
4520,Germany,1,85,24.7,1018
1055,Scotland,1,74,27.57,1019
4118,Argentina,1,83,27.43,1020
3977,Colombia,1,78,26.52,1021
4352,Paraguay,2,75,28.39,1022
2473,Brazil,4,84,26.65,1023
4344,Venezuela,2,74,24.26,1024
4811,Ireland,0,76,28.3,1025
3463,Russia,0,77,26.17,1026
6531,Turkey,2,78,26.43,1027
5696,Belgium,1,83,26.09,1028
2221,Netherlands,0,80,25.3,1029
5789,Portugal,3,83,26.0,1030
7567,Norway,0,74,26.0,1031
1277,Denmark,0,78,24.39,1032
7596,Scotland,1,74,27.57,1033
7083,Austria,1,77,26.17,1034
136,Argentina,0,83,27.43,1035
7634,Brazil,3,84,26.65,1036
3011,Chile,3,79,28.65,1037
649,Colombia,2,78,26.52,1038
2457,Spain,2,85,27.39,1039
2550,Italy,2,82,26.35,1040
6191,Uruguay,1,80,27.22,1041
4843,Portugal,2,83,26.0,1042
1758,Belgium,3,83,26.09,1043
6456,Mexico,3,78,27.26,1044
6437,France,5,83,24.74,1045
1705,USA,1,75,26.91,1046
6224,Uruguay,1,80,28.09,1047
1495,Netherlands,5,81,25.3,1048
5902,Belgium,2,84,26.09,1049
4266,Russia,3,76,26.48,1050
1684,Germany,1,85,24.65,1051
4642,Italy,3,83,26.09,1052
4911,Spain,2,85,26.39,1053
4,Ecuador,1,74,27.48,1054
6932,Paraguay,0,75,28.09,1055
489,Brazil,0,84,26.57,1056
1851,Chile,1,79,28.87,1057
7418,France,1,83,24.74,1058
152,Czech Republic,1,75,25.3,1059
7539,Poland,3,79,27.17,1060
3578,England,2,82,24.91,1061
2295,Austria,1,77,25.61,1062
3635,Mexico,1,78,27.26,1063
4486,Brazil,4,84,26.57,1064
703,Colombia,4,78,26.61,1065
5742,France,3,83,24.74,1066
6669,Sweden,1,76,25.74,1067
1617,Chile,2,79,28.87,1068
1217,Chile,2,79,28.87,1069
2544,Portugal,2,83,26.22,1070
327,Germany,3,85,24.65,1071
5663,Portugal,1,83,26.22,1072
2611,Australia,1,72,25.61,1073
5931,Germany,1,85,24.65,1074
3697,Mexico,2,78,27.26,1075
6352,Chile,1,79,28.87,1076
5256,Germany,3,85,24.65,1077
6319,Portugal,0,83,26.22,1078
3851,Germany,4,85,24.65,1079
3625,Mexico,2,78,27.26,1080
1848,Germany,1,85,24.65,1081
4982,Portugal,2,83,26.74,1082
6980,Brazil,2,84,26.35,1083
6818,Sweden,2,76,25.74,1084
4139,Chile,0,79,28.87,1085
2226,France,4,83,24.74,1086
2223,Peru,2,70,24.7,1087
6733,Argentina,0,83,27.7,1088
1255,Colombia,0,78,26.61,1089
2001,Germany,2,85,24.65,1090
2340,Poland,0,79,27.09,1091
1674,Spain,3,85,26.39,1092
4791,Austria,0,77,25.61,1093
3987,Belgium,2,84,26.09,1094
5114,Portugal,1,83,26.74,1095
7069,Netherlands,3,81,25.3,1096
1406,Germany,6,85,24.65,1097
1265,Czech Republic,0,75,25.3,1098
7334,Argentina,1,83,27.7,1099
3166,Chile,0,79,28.87,1100
7732,Brazil,1,84,26.35,1101
6242,Ecuador,0,74,27.48,1102
6279,Uruguay,2,79,27.91,1103
4243,Argentina,0,83,28.04,1104
1381,Brazil,0,84,27.35,1105
760,Chile,2,79,29.78,1106
7796,Colombia,1,78,27.96,1107
2184,England,1,82,25.7,1108
2649,Germany,3,85,25.52,1109
3829,Uruguay,0,80,27.39,1110
129,Turkey,0,77,26.22,1111
5104,France,1,84,24.87,1112
844,Switzerland,5,78,26.87,1113
2145,Denmark,1,78,26.09,1114
566,Norway,1,73,25.48,1115
3160,Slovenia,2,74,27.22,1116
7182,Turkey,2,77,26.22,1117
6511,Wales,0,75,27.35,1118
3312,Brazil,3,84,27.35,1119
3323,Argentina,3,83,28.04,1120
6301,Netherlands,2,81,25.74,1121
1899,Paraguay,0,74,27.74,1122
7778,Colombia,1,78,27.96,1123
7243,Portugal,2,82,27.57,1124
1547,Uruguay,4,80,27.39,1125
1577,Czech Republic,2,75,25.35,1126
799,Switzerland,1,78,26.87,1127
4107,Turkey,0,77,26.22,1128
7580,Netherlands,1,80,25.43,1129
3003,Belgium,3,84,26.52,1130
6219,Germany,0,85,25.52,1131
1299,France,2,84,25.65,1132
5632,Uruguay,0,80,27.7,1133
4729,Portugal,3,83,27.91,1134
2955,Italy,0,83,26.65,1135
3301,Denmark,0,78,26.04,1136
4683,Peru,0,71,25.17,1137
546,Argentina,1,82,27.87,1138
2758,Switzerland,0,78,26.87,1139
6002,Saudi Arabia,0,73,28.13,1140
212,Italy,0,83,26.65,1141
2257,Poland,0,78,27.09,1142
4123,Uruguay,1,80,27.7,1143
1690,Colombia,4,79,27.74,1144
6548,Brazil,0,84,27.35,1145
802,Germany,2,85,25.52,1146
6338,Denmark,5,78,26.04,1147
1617,Portugal,1,83,27.91,1148
5560,Netherlands,3,80,25.43,1149
5719,Spain,3,86,27.61,1150
4452,Peru,2,71,25.17,1151
2774,Denmark,0,78,26.04,1152
4161,Wales,6,75,26.48,1153
2742,Austria,3,77,25.09,1154
4111,France,2,84,25.65,1155
7605,Spain,1,86,27.04,1156
3374,Switzerland,1,78,26.48,1157
3306,Italy,0,83,25.83,1158
4781,Mexico,3,78,26.39,1159
3052,England,1,82,24.65,1160
4779,Norway,4,74,24.83,1161
5609,Portugal,2,83,27.91,1162
7058,Brazil,3,85,27.35,1163
6487,Turkey,1,77,26.22,1164
1952,Uruguay,2,80,26.74,1165
3659,Canada,1,69,25.48,1166
7235,Chile,2,78,29.26,1167
5584,Czech Republic,4,74,25.17,1168
1889,Portugal,0,83,27.91,1169
5281,Uruguay,1,80,26.74,1170
5828,Colombia,0,79,27.7,1171
7469,Belgium,4,84,26.52,1172
195,Denmark,0,78,26.04,1173
4699,Italy,1,83,25.83,1174
6309,Germany,0,85,25.52,1175
1209,Greece,1,76,26.65,1176
780,Scotland,1,75,27.91,1177
3451,Peru,3,72,25.52,1178
1498,Sweden,0,76,26.57,1179
4189,France,3,84,25.65,1180
640,Spain,6,86,27.04,1181
7080,USA,1,75,25.74,1182
4067,Greece,0,76,26.04,1183
