id,weak_team,weak_score,weak_overall,weak_avg_age,ft_id
11070,Ireland,0,75,26.83,1
30020,Austria,2,73,23.97,2
38939,Belgium,0,76,24.33,3
9774,France,0,83,26.17,4
43675,Germany,0,82,24.8,5
54979,Hungary,1,72,27.38,6
30326,Cameroon,0,76,26.0,7
70223,New Zealand,0,62,25.97,8
68909,USA,1,74,25.4,9
1251,Poland,2,72,26.97,10
69374,China,0,66,26.93,11
20324,Scotland,1,75,26.6,12
67387,Switzerland,1,76,25.7,13
39727,South Africa,1,72,26.96,14
2202,Ecuador,0,72,27.83,15
18298,Korea Republic,2,70,25.57,16
12088,Austria,0,73,23.97,17
53312,Bulgaria,1,73,27.63,18
70722,Czech Republic,1,78,27.73,19
35471,New Zealand,1,62,25.97,20
15686,Mexico,1,77,26.2,21
990,South Africa,1,72,26.96,22
39255,Paraguay,1,75,27.5,23
6505,USA,2,74,25.4,24
402,Mexico,1,77,26.2,25
12784,Northern Ireland,0,71,25.43,26
21480,Hungary,0,72,27.38,27
67090,Finland,0,72,27.7,28
55592,Romania,2,75,27.23,29
1816,USA,2,74,25.4,30
9853,Denmark,0,75,27.0,31
19122,Cameroon,1,76,26.0,32
46012,Paraguay,2,75,27.5,33
4919,Norway,0,75,27.33,34
30632,Mexico,2,77,26.2,35
43990,Korea Republic,0,70,25.57,36
22684,China,1,66,26.93,37
3888,New Zealand,1,62,25.97,38
27828,USA,3,74,25.4,39
9837,Hungary,1,72,27.38,40
18132,South Africa,1,72,26.96,41
138,Switzerland,1,76,25.7,42
19184,Poland,0,72,26.97,43
3449,South Africa,1,72,26.96,44
15568,Uruguay,0,78,25.73,45
3421,USA,1,74,25.4,46
61943,Korea Republic,2,70,25.57,47
35226,Australia,0,75,27.5,48
52280,Paraguay,1,75,27.5,49
9445,Denmark,0,75,27.0,50
35883,South Africa,0,72,26.96,51
8760,Switzerland,1,76,25.7,52
51365,Korea Republic,1,70,25.57,53
16132,Mexico,2,77,26.2,54
38318,Slovenia,2,70,25.67,55
25432,Denmark,2,75,27.0,56
67943,New Zealand,1,62,25.97,57
65176,Greece,0,76,26.63,58
50114,Mexico,0,77,26.2,59
6356,South Africa,2,72,26.96,60
32755,Slovenia,0,70,25.67,61
37998,Cameroon,1,76,26.0,62
17701,New Zealand,0,62,25.97,63
57314,Portugal,0,82,27.1,64
51575,Korea Republic,1,70,25.57,65
49858,Mexico,1,77,26.2,66
62722,Germany,4,82,24.8,67
63013,Portugal,0,82,27.1,68
11167,Netherlands,2,80,26.4,69
28191,Germany,4,82,24.8,70
52756,Paraguay,0,75,27.5,71
68346,Uruguay,2,78,25.73,72
62011,Germany,0,82,24.8,73
11298,Uruguay,2,78,25.73,74
33540,Netherlands,0,80,26.4,75
15233,USA,0,74,25.4,76
11931,Austria,0,73,23.97,77
6476,Denmark,2,75,27.0,78
22190,Hungary,1,72,27.38,79
47628,Finland,1,72,27.7,80
31423,Ireland,0,75,26.83,81
45832,Mexico,1,77,26.2,82
62504,Norway,2,75,27.33,83
39812,Poland,0,72,26.97,84
2401,Bulgaria,0,73,27.63,85
16564,Slovenia,2,70,25.67,86
65167,Scotland,0,75,26.6,87
26320,Romania,0,75,27.23,88
2587,Ukraine,1,76,26.0,89
54744,Belgium,0,76,24.33,90
70764,Bulgaria,0,73,27.63,91
16978,Slovenia,0,70,25.67,92
50691,Hungary,0,72,27.38,93
34289,Australia,0,75,27.5,94
30350,Ecuador,2,72,27.83,95
64716,Poland,1,72,26.97,96
36794,Argentina,4,83,26.33,97
14920,China,1,66,26.93,98
52989,Greece,0,76,26.63,99
8826,Finland,1,72,27.7,100
15530,Norway,1,75,27.33,101
24878,Poland,1,72,26.97,102
24561,Switzerland,1,76,25.7,103
42899,Belgium,2,76,24.33,104
61619,Scotland,0,75,26.6,105
50670,Turkey,0,78,25.47,106
25859,Ireland,2,75,26.83,107
38084,Northern Ireland,0,71,25.43,108
31398,Denmark,1,75,27.0,109
62491,Paraguay,0,75,27.5,110
33679,Romania,0,75,27.23,111
38732,Poland,2,72,26.97,112
55589,Ukraine,0,76,26.0,113
38611,Austria,4,73,23.97,114
55472,China,0,66,26.93,115
42368,Norway,1,75,27.33,116
6625,Poland,2,72,26.97,117
15049,Hungary,2,72,27.38,118
32609,Sweden,1,77,25.67,119
7043,New Zealand,0,62,25.97,120
33844,Scotland,2,75,26.6,121
10392,Argentina,1,83,26.33,122
3761,Austria,1,73,23.97,123
3095,Denmark,0,75,27.0,124
17462,France,2,83,26.17,125
43358,Norway,2,75,27.33,126
25743,Romania,1,75,27.23,127
69335,Turkey,0,78,25.47,128
45194,Portugal,4,82,27.1,129
725,Belgium,2,76,24.33,130
49279,South Africa,0,72,26.96,131
23722,Sweden,0,77,25.67,132
4464,Ukraine,2,76,26.0,133
9316,Korea Republic,1,70,25.57,134
25691,Romania,2,75,27.23,135
22670,Portugal,1,82,27.1,136
28469,Finland,1,72,27.7,137
1411,Czech Republic,2,78,27.73,138
19629,Denmark,1,75,27.0,139
61374,France,1,83,26.17,140
51798,Germany,1,82,24.8,141
52552,Austria,1,73,23.97,142
58218,Poland,1,72,26.97,143
35853,Northern Ireland,0,71,25.43,144
31543,Ukraine,1,76,26.0,145
5420,Korea Republic,0,70,25.57,146
67850,Austria,0,73,24.47,147
6997,New Zealand,1,64,26.29,148
20506,Hungary,0,72,25.7,149
52663,Slovenia,0,71,25.3,150
55000,Czech Republic,1,77,26.6,151
31334,Bulgaria,0,72,26.27,152
31295,Denmark,1,75,26.07,153
39719,USA,1,75,24.93,154
42321,Scotland,0,75,27.13,155
31761,Croatia,0,78,25.4,156
68642,Australia,2,73,26.87,157
25737,Poland,0,74,25.07,158
17160,Ireland,2,76,25.87,159
26555,Hungary,3,72,25.7,160
49983,Slovenia,0,71,25.3,161
64989,Finland,0,71,27.2,162
59688,Austria,0,73,24.47,163
36715,Ecuador,2,72,28.63,164
24322,Northern Ireland,0,71,24.73,165
34794,Ecuador,1,72,28.63,166
2871,Uruguay,1,78,26.03,167
27512,Scotland,0,75,27.13,168
65508,New Zealand,0,64,26.29,169
19164,Austria,1,73,24.47,170
32505,Belgium,1,77,23.23,171
51268,Netherlands,0,81,26.13,172
2090,Switzerland,2,76,25.03,173
70089,Norway,0,75,26.87,174
54586,USA,0,75,24.93,175
39225,New Zealand,0,64,26.29,176
59190,Poland,2,74,25.07,177
52244,Romania,0,72,25.97,178
31268,Ecuador,1,72,28.63,179
20436,Ireland,2,76,25.87,180
55694,Cameroon,0,77,24.7,181
2215,Finland,0,71,27.2,182
21779,Uruguay,1,78,26.03,183
21554,Poland,0,74,25.07,184
4242,Ecuador,0,72,28.63,185
6443,USA,2,75,24.93,186
56404,Mexico,0,77,25.2,187
21893,Ecuador,2,72,28.63,188
31421,Uruguay,1,78,26.03,189
43189,Germany,3,82,24.27,190
31070,Ireland,0,76,25.87,191
39774,Italy,2,82,25.57,192
4542,Norway,3,75,26.87,193
53192,Denmark,1,75,26.07,194
16235,Slovenia,0,71,25.3,195
14354,USA,1,75,24.93,196
8284,Bulgaria,0,72,26.27,197
25725,Austria,2,73,24.47,198
55915,Hungary,2,72,25.7,199
50214,Poland,1,74,25.07,200
1998,Scotland,2,75,27.13,201
66510,Austria,0,73,24.47,202
25408,USA,0,75,24.93,203
40109,Norway,0,75,26.87,204
13007,Finland,0,71,27.2,205
14025,Slovenia,0,71,25.3,206
16981,Poland,2,74,25.07,207
25076,Romania,0,72,25.97,208
28147,Ireland,0,76,25.87,209
27668,Bulgaria,1,72,26.27,210
2662,Brazil,0,83,24.73,211
53066,Argentina,0,83,25.57,212
55558,Czech Republic,0,77,26.6,213
29904,Finland,1,71,27.2,214
15507,Greece,2,75,26.2,215
7941,Korea Republic,2,70,23.33,216
9722,Turkey,1,78,26.0,217
49379,Denmark,2,75,26.07,218
16665,Belgium,1,77,23.23,219
48923,Finland,0,71,27.2,220
1277,Northern Ireland,0,71,24.73,221
53647,Mexico,1,77,25.2,222
67699,Scotland,1,75,27.13,223
61302,Sweden,3,76,26.27,224
29375,Ecuador,1,72,28.63,225
70790,Romania,1,72,25.97,226
24165,Denmark,2,75,26.07,227
23275,USA,0,75,24.93,228
60976,Greece,1,75,26.2,229
37945,Switzerland,0,76,25.03,230
3140,Poland,0,74,25.07,231
21745,Croatia,3,78,25.4,232
751,England,1,83,26.37,233
24561,Turkey,0,78,26.0,234
4719,Finland,1,71,27.2,235
51619,Sweden,0,76,26.27,236
43966,Belgium,0,77,23.23,237
19317,Netherlands,0,81,26.13,238
24640,Romania,3,72,25.97,239
18136,Uruguay,1,78,26.03,240
59811,Hungary,1,72,25.7,241
8958,Slovenia,2,71,25.3,242
62208,Finland,1,71,24.96,243
23720,Sweden,3,77,27.32,244
68951,Denmark,0,76,26.48,245
19782,Netherlands,3,82,25.84,246
65307,France,2,83,26.16,247
37749,Greece,1,75,26.16,248
66413,Bulgaria,1,71,26.16,249
53049,USA,1,75,25.44,250
12028,Mexico,0,76,26.08,251
57550,Northern Ireland,0,71,25.32,252
54867,Poland,0,76,25.48,253
8704,Romania,1,73,26.08,254
70438,Scotland,1,74,26.48,255
55820,Switzerland,1,76,24.04,256
60610,Peru,1,74,26.32,257
11899,Peru,0,74,26.32,258
68343,Egypt,2,69,27.6,259
51286,Uruguay,1,79,26.76,260
45243,Denmark,1,76,26.48,261
24672,Finland,3,71,24.96,262
32570,Slovenia,1,74,26.44,263
36116,Bulgaria,2,71,26.16,264
13810,Norway,0,74,26.52,265
35590,Switzerland,5,76,24.04,266
69948,Scotland,1,74,26.48,267
62421,Bulgaria,0,71,26.16,268
35119,Korea Republic,1,71,24.2,269
68036,Romania,1,73,26.08,270
57070,USA,1,75,25.44,271
60002,Russia,3,79,27.2,272
69167,Ecuador,0,73,25.6,273
70112,Australia,0,72,27.16,274
38413,Belgium,0,79,23.88,275
55528,Northern Ireland,0,71,25.32,276
13319,Norway,1,74,26.52,277
44084,Turkey,3,77,25.16,278
13295,Mexico,2,76,26.08,279
64135,Peru,0,74,26.32,280
50798,Hungary,0,72,26.52,281
17727,Romania,0,73,26.08,282
41297,Greece,1,75,26.16,283
14201,Argentina,4,82,25.8,284
10053,Portugal,0,82,26.76,285
37230,Denmark,1,76,26.48,286
35655,Ecuador,1,73,25.6,287
50234,Ireland,1,77,26.72,288
53260,Italy,1,83,26.88,289
56686,Peru,2,74,26.32,290
69237,England,1,83,26.04,291
48245,Poland,1,76,25.48,292
46479,Denmark,2,76,26.48,293
34839,Netherlands,1,82,25.84,294
25534,Croatia,1,78,26.64,295
15478,Ireland,0,77,26.72,296
28330,Sweden,2,77,27.32,297
45777,Greece,1,75,26.16,298
384,Denmark,1,76,26.48,299
34386,Netherlands,1,82,25.84,300
27591,Croatia,0,78,26.64,301
27470,Ireland,0,77,26.72,302
7956,Sweden,2,77,27.32,303
56916,Greece,2,75,26.16,304
37093,France,0,83,26.16,305
68764,Italy,0,83,26.88,306
32918,Portugal,0,82,26.76,307
31645,Italy,2,83,26.88,308
1029,Italy,0,83,26.88,309
46064,Austria,2,74,24.88,310
66839,Belgium,4,79,23.88,311
26436,Switzerland,4,76,24.04,312
28303,Ecuador,3,73,25.6,313
60735,Italy,1,83,26.88,314
25891,Uruguay,0,79,26.76,315
3119,Argentina,3,82,25.8,316
47544,USA,1,75,25.44,317
5127,Finland,3,71,24.96,318
30184,Norway,2,74,26.52,319
20556,Ivory Coast,1,78,26.96,320
57573,Australia,1,72,27.16,321
46947,Romania,3,73,26.08,322
48266,Sweden,0,77,27.32,323
19498,South Africa,0,71,25.12,324
52562,Bulgaria,2,71,26.16,325
43028,Colombia,4,77,26.08,326
62723,Finland,0,71,24.96,327
53413,Turkey,0,77,25.16,328
53129,Northern Ireland,0,71,25.32,329
65036,Slovenia,0,74,26.44,330
6063,Austria,1,74,24.88,331
27322,Croatia,1,78,26.64,332
48418,Chile,1,76,25.8,333
47646,Hungary,1,72,26.52,334
1462,Slovenia,1,74,26.44,335
16028,Peru,1,74,26.32,336
25270,Ecuador,1,73,25.6,337
67309,Argentina,1,82,25.8,338
30694,Uruguay,0,79,26.76,339
14602,Bulgaria,1,71,26.16,340
40053,Ecuador,3,73,25.6,341
24722,Ireland,1,77,26.72,342
68806,South Africa,0,71,25.12,343
42752,Russia,1,79,27.2,344
32326,Norway,1,74,26.52,345
37813,Romania,1,73,26.08,346
29918,Scotland,0,74,26.48,347
64567,Chile,1,76,25.8,348
42890,Cameroon,0,76,24.52,349
45642,Sweden,4,77,27.32,350
9068,Hungary,3,72,26.52,351
60228,Denmark,1,76,26.48,352
49717,Northern Ireland,1,71,25.32,353
28676,Romania,1,73,26.08,354
17289,France,1,83,26.16,355
24201,Poland,1,76,25.48,356
34464,Austria,0,74,24.88,357
51309,Colombia,1,77,26.08,358
56774,Hungary,0,72,26.52,359
65359,Greece,1,75,26.16,360
25829,France,2,83,26.16,361
62303,Korea Republic,1,71,24.2,362
13780,Netherlands,0,82,25.84,363
11219,Poland,1,76,25.48,364
27523,Romania,2,73,26.08,365
55235,USA,2,75,25.44,366
60579,Sweden,4,77,27.32,367
70560,Denmark,1,76,26.48,368
47514,Argentina,2,82,25.8,369
6185,South Africa,0,71,25.12,370
35110,Egypt,2,69,27.6,371
40902,Finland,0,71,24.96,372
45770,Romania,1,73,26.08,373
67998,Egypt,1,69,27.6,374
23126,Korea Republic,0,71,24.2,375
14524,Brazil,1,83,25.6,376
53070,France,1,83,26.16,377
65768,Greece,0,75,26.16,378
26720,Poland,0,76,25.48,379
35131,Netherlands,1,82,25.84,380
50716,Ecuador,3,73,25.6,381
40291,Australia,2,72,27.16,382
42353,Uruguay,1,79,26.76,383
46448,Sweden,2,77,27.32,384
56889,Brazil,2,82,25.7,385
60660,Venezuela,0,71,26.43,386
37219,Bolivia,0,66,26.43,387
16325,Denmark,3,74,24.52,388
50810,Hungary,2,70,25.09,389
50624,Peru,1,72,26.83,390
2261,Finland,1,69,25.91,391
39619,Ireland,0,74,26.83,392
58513,Paraguay,1,74,28.7,393
42902,Russia,1,78,26.78,394
55861,Bolivia,1,66,26.43,395
40884,Chile,2,76,26.04,396
64764,Bulgaria,1,69,26.87,397
48676,Ecuador,4,72,25.7,398
7721,France,0,82,25.74,399
34910,Austria,2,74,24.61,400
28468,USA,0,74,26.57,401
25954,Romania,0,71,25.13,402
15917,Hungary,1,70,25.09,403
70455,Venezuela,1,71,26.43,404
68181,Bolivia,0,66,26.17,405
47471,Peru,0,72,26.83,406
2876,Chile,2,76,25.83,407
23051,Ecuador,2,72,25.78,408
2557,Ireland,1,74,26.83,409
69788,USA,2,73,26.04,410
30831,Slovenia,2,72,25.87,411
59071,England,2,81,25.7,412
13030,USA,4,73,26.04,413
735,Uruguay,1,79,27.3,414
3400,Colombia,0,78,27.04,415
12447,Austria,2,74,24.43,416
65123,Bolivia,1,66,26.17,417
63580,Czech Republic,0,75,25.65,418
10968,Paraguay,1,74,28.61,419
5987,Ecuador,0,72,25.78,420
1360,Russia,0,78,26.57,421
10507,France,0,81,25.3,422
40579,Bolivia,1,66,26.17,423
26102,Peru,0,72,26.61,424
25538,Ecuador,1,72,25.78,425
54517,Ireland,0,74,26.83,426
41128,Venezuela,0,71,25.96,427
49834,Mexico,1,76,26.13,428
21285,Uruguay,1,79,27.3,429
24915,Mexico,0,76,26.13,430
45059,Brazil,4,82,25.57,431
57935,Uruguay,1,79,27.3,432
38724,Italy,0,83,26.22,433
28046,Brazil,3,82,25.09,434
40622,Uruguay,2,79,27.22,435
22942,Australia,0,71,27.96,436
56462,Greece,2,74,26.26,437
19341,Belgium,0,80,24.61,438
42451,Ecuador,0,72,26.04,439
24311,Scotland,2,73,26.74,440
2961,Finland,2,70,24.78,441
29388,Paraguay,3,74,28.61,442
13981,Hungary,1,69,25.3,443
38726,Argentina,2,82,26.04,444
1833,Korea Republic,0,71,25.13,445
19392,Mexico,4,75,26.3,446
19823,Northern Ireland,1,70,26.22,447
12096,Denmark,2,74,25.09,448
40441,Netherlands,1,80,24.3,449
22345,Norway,2,73,24.61,450
8143,Switzerland,1,76,24.39,451
62944,Bolivia,2,66,26.0,452
24690,Venezuela,0,71,25.96,453
41508,Ecuador,0,71,26.0,454
39519,Finland,0,70,24.78,455
39517,Austria,0,74,24.43,456
69079,Ireland,1,74,26.83,457
66009,Bulgaria,0,68,25.17,458
17344,Northern Ireland,2,70,26.22,459
12127,Bolivia,0,66,26.0,460
19826,Peru,1,72,26.13,461
11217,Hungary,0,69,25.3,462
14202,Scotland,0,73,26.74,463
39459,Australia,0,70,27.78,464
42565,Ireland,0,74,26.83,465
59267,Bolivia,1,66,26.0,466
43026,Portugal,1,80,27.13,467
7715,Czech Republic,1,75,25.43,468
35826,Norway,0,73,24.61,469
57753,Paraguay,2,74,28.61,470
33715,Romania,0,71,25.04,471
15818,Chile,2,76,26.04,472
39222,Colombia,0,78,27.04,473
42925,USA,2,74,27.22,474
28655,Venezuela,3,71,25.96,475
2471,Peru,1,72,26.13,476
28988,Chile,3,76,26.04,477
52810,Denmark,2,74,25.09,478
17581,Ecuador,1,71,26.0,479
11148,Australia,0,70,27.78,480
19161,Ireland,0,74,26.83,481
50294,Hungary,1,69,25.3,482
47634,Slovenia,3,72,26.17,483
1286,Austria,1,74,24.43,484
22164,Venezuela,1,71,25.96,485
26990,Korea Republic,0,71,25.13,486
7951,Bulgaria,0,68,25.17,487
30166,Ecuador,1,71,26.0,488
63431,Poland,0,74,24.09,489
19874,Finland,0,70,24.78,490
25851,Paraguay,1,74,28.61,491
18760,Bolivia,1,66,26.0,492
31329,Sweden,3,75,27.17,493
67314,Slovenia,0,72,26.17,494
105,Turkey,0,77,25.13,495
48063,Uruguay,3,79,27.22,496
1047,Colombia,2,78,27.04,497
35619,Ecuador,0,71,26.0,498
8601,Norway,1,73,24.61,499
41644,Chile,2,76,26.04,500
29560,Romania,1,71,25.04,501
3484,Italy,1,83,26.52,502
28713,Korea Republic,2,71,25.13,503
46669,Sweden,0,75,27.17,504
28220,Scotland,0,73,26.74,505
66712,Northern Ireland,0,70,26.22,506
38981,USA,0,74,27.22,507
34773,Chile,1,76,26.04,508
564,England,0,81,25.61,509
380,Colombia,0,78,27.04,510
32177,Scotland,1,73,26.74,511
24723,Ireland,0,74,26.83,512
62569,Romania,1,71,25.04,513
22118,Korea Republic,1,71,25.13,514
24430,South Africa,1,70,25.09,515
62848,Sweden,2,75,27.17,516
57563,New Zealand,2,65,26.09,517
11245,Norway,0,73,24.61,518
19549,Korea Republic,0,71,25.13,519
44751,Korea Republic,0,67,24.74,520
59822,Australia,3,69,24.61,521
31413,Austria,1,74,26.09,522
54349,Ivory Coast,2,77,26.91,523
65937,Norway,2,72,24.04,524
31897,Denmark,0,74,24.87,525
21907,Netherlands,0,79,25.26,526
63995,Chile,0,76,26.74,527
65144,Korea Republic,2,67,25.22,528
15603,Finland,2,69,26.04,529
37907,Scotland,1,72,26.74,530
57857,Cameroon,1,76,25.7,531
11128,Romania,0,72,27.3,532
33820,South Africa,0,72,26.3,533
44129,Italy,0,82,27.13,534
35948,Sweden,1,75,27.17,535
3583,Poland,0,76,25.39,536
42107,Ecuador,1,71,26.78,537
13093,Finland,2,69,26.04,538
25106,Hungary,2,69,26.0,539
31700,Ireland,1,73,27.7,540
44542,Australia,1,70,25.13,541
67701,Norway,0,72,24.04,542
57118,Denmark,1,74,24.87,543
21822,Paraguay,2,74,29.61,544
1296,Peru,0,72,26.43,545
26506,New Zealand,0,65,24.52,546
24177,Bolivia,0,63,25.35,547
33587,Northern Ireland,0,68,26.52,548
4167,Ireland,0,73,27.7,549
30434,Ecuador,1,72,26.74,550
34124,Norway,1,72,24.04,551
17246,Greece,0,74,27.13,552
28129,Paraguay,1,74,29.61,553
7848,Cameroon,2,76,26.52,554
45112,Sweden,0,75,25.74,555
10339,USA,2,74,26.35,556
43943,Austria,2,74,26.04,557
10888,Peru,0,72,26.43,558
3838,Ecuador,2,72,26.74,559
9315,Wales,0,73,25.57,560
34896,Bolivia,1,63,25.35,561
38154,Mexico,0,75,26.26,562
27822,Slovenia,0,72,25.39,563
29563,Ireland,1,73,27.7,564
63626,Australia,1,69,25.61,565
25065,Mexico,1,75,26.26,566
69716,Netherlands,5,79,25.13,567
8764,Greece,0,74,27.13,568
55144,England,1,80,25.13,569
5758,Ecuador,1,72,26.74,570
20219,Portugal,0,80,27.17,571
64958,Mexico,0,75,26.26,572
58706,Korea Republic,1,71,24.74,573
11169,Australia,2,69,25.61,574
19240,Chile,2,76,27.09,575
48958,Ivory Coast,1,77,26.48,576
53617,Uruguay,2,78,28.26,577
65797,Switzerland,2,77,24.65,578
60269,Russia,0,77,26.57,579
48460,USA,2,74,26.35,580
31475,Australia,0,69,24.91,581
13583,Cameroon,1,76,25.26,582
44764,Chile,0,76,26.61,583
60384,Greece,2,74,27.13,584
22029,Uruguay,1,77,27.13,585
20820,Ecuador,0,72,26.39,586
14135,Korea Republic,0,71,24.74,587
67601,USA,0,74,26.35,588
43023,Chile,1,76,26.61,589
49633,Uruguay,0,77,27.13,590
6257,Mexico,1,75,25.87,591
16181,Switzerland,0,77,24.65,592
20691,USA,1,74,26.35,593
982,Colombia,1,77,26.48,594
49904,France,0,81,25.39,595
29009,Belgium,0,81,24.57,596
44839,Brazil,1,83,26.83,597
22366,Netherlands,0,79,25.0,598
55908,Netherlands,3,79,25.0,599
43678,Argentina,0,82,27.65,600
45983,USA,1,74,25.83,601
35183,USA,1,74,26.83,602
63643,USA,1,74,25.83,603
10593,USA,1,74,26.83,604
18689,Denmark,1,73,25.87,605
57307,Denmark,1,73,25.87,606
45890,Denmark,1,74,26.87,607
67424,Denmark,1,74,26.87,608
35826,Norway,0,71,25.48,609
64698,Norway,0,72,24.17,610
69348,Norway,0,71,25.48,611
28887,Norway,0,72,24.17,612
41720,Argentina,4,81,28.39,613
28399,Argentina,4,82,27.65,614
61984,Argentina,4,81,28.39,615
47150,Argentina,4,82,27.65,616
12998,Australia,0,69,24.91,617
4846,Australia,0,69,25.91,618
53975,Australia,0,69,24.91,619
69125,Australia,0,69,25.91,620
66488,France,1,81,25.13,621
927,France,1,81,25.13,622
38202,France,1,81,26.13,623
70251,France,1,81,26.13,624
62690,Netherlands,0,79,25.0,625
29926,Netherlands,0,80,26.13,626
56987,Netherlands,0,79,25.0,627
23364,Netherlands,0,80,26.13,628
40664,Venezuela,1,71,26.96,629
55370,Venezuela,1,71,27.96,630
10796,Venezuela,1,71,26.96,631
36990,Venezuela,1,71,27.96,632
67650,Chile,0,75,27.3,633
44614,Mexico,0,75,26.87,634
47344,Chile,0,75,27.3,635
10240,Mexico,0,75,25.87,636
5146,Scotland,1,73,26.83,637
61131,Scotland,1,73,27.83,638
35576,Scotland,1,73,26.83,639
62180,Scotland,1,73,27.83,640
58601,Romania,1,72,25.13,641
65196,Romania,1,73,26.87,642
36472,Romania,1,72,25.13,643
44660,Romania,1,73,26.87,644
27651,Hungary,1,69,25.43,645
53962,Hungary,1,69,25.43,646
21563,Northern Ireland,2,70,27.57,647
36873,Northern Ireland,2,70,26.65,648
49336,Austria,1,73,24.83,649
58376,Austria,1,73,24.83,650
69121,Austria,1,73,25.83,651
50258,Austria,1,73,25.83,652
2475,Korea Republic,0,71,25.74,653
46587,Korea Republic,0,71,25.74,654
48399,Korea Republic,0,71,24.74,655
20337,Korea Republic,0,71,24.74,656
25426,Switzerland,0,76,24.48,657
47597,Switzerland,0,76,24.48,658
15298,Switzerland,0,76,25.17,659
4608,Switzerland,0,76,25.17,660
6886,Czech Republic,2,74,27.57,661
65598,Czech Republic,2,74,27.57,662
12363,Czech Republic,2,74,26.96,663
13093,Czech Republic,2,74,26.96,664
43179,Bolivia,0,63,25.13,665
62701,Bolivia,0,65,26.78,666
19938,Bolivia,0,63,25.13,667
56957,Bolivia,0,65,26.78,668
65513,Norway,0,71,25.48,669
37508,Norway,0,71,25.48,670
25116,Norway,0,72,24.17,671
23855,Norway,0,72,24.17,672
10315,Cameroon,4,75,25.65,673
7943,Cameroon,4,75,25.65,674
43557,Ivory Coast,1,76,26.22,675
461,Ivory Coast,1,76,27.04,676
20380,Slovenia,1,73,26.91,677
47086,Sweden,1,75,27.7,678
22251,Korea Republic,2,72,26.39,679
57248,Czech Republic,2,74,27.7,680
4190,Argentina,0,81,28.39,681
59263,Finland,1,69,25.65,682
50527,Portugal,1,80,26.39,683
15384,Poland,2,75,26.17,684
53002,Hungary,1,70,26.57,685
59753,Bulgaria,1,69,26.57,686
13546,Denmark,0,74,25.65,687
61987,Finland,0,69,25.65,688
11294,Ireland,1,74,28.22,689
51662,Northern Ireland,2,70,27.57,690
37986,Scotland,2,73,27.83,691
54329,Mexico,3,73,25.78,692
61363,Turkey,0,76,26.04,693
24472,Finland,0,69,26.0,694
2482,Peru,1,69,24.43,695
61548,Northern Ireland,0,70,26.83,696
52982,Scotland,1,72,27.7,697
12231,USA,1,74,25.91,698
59667,Austria,1,73,25.61,699
23726,Slovenia,1,71,26.91,700
61475,Wales,0,73,25.57,701
54554,Austria,1,73,25.61,702
3163,Bolivia,3,65,27.43,703
8477,Uruguay,2,75,25.26,704
29746,Sweden,0,75,27.48,705
24285,Hungary,1,70,25.87,706
40043,USA,1,74,25.91,707
63775,Peru,2,69,24.43,708
47861,Portugal,1,80,27.65,709
43965,Romania,2,73,27.26,710
6016,Scotland,1,72,27.7,711
40793,Slovenia,0,71,26.91,712
10794,Spain,0,83,25.57,713
65498,Cameroon,0,76,26.48,714
41283,South Africa,2,68,24.3,715
23389,South Africa,1,68,24.3,716
26328,Sweden,2,74,26.09,717
33926,Australia,0,70,25.65,718
56379,Finland,1,69,25.96,719
47730,Cameroon,0,71,23.39,720
25046,USA,2,74,25.65,721
3449,Korea Republic,1,70,25.3,722
63949,USA,2,74,25.91,723
39937,Australia,2,70,25.43,724
61083,Northern Ireland,0,69,27.0,725
38536,Brazil,3,81,24.3,726
47111,Bulgaria,2,69,26.65,727
20920,Turkey,1,77,25.91,728
6457,Chile,0,76,27.26,729
48548,Denmark,0,75,26.43,730
16618,Hungary,0,70,26.87,731
38810,Ireland,1,74,28.0,732
32681,Finland,1,69,25.52,733
16337,Italy,1,79,26.91,734
41887,New Zealand,0,65,23.04,735
57647,Netherlands,2,80,25.13,736
42108,Peru,0,70,25.09,737
13010,USA,1,73,24.7,738
44549,USA,2,73,24.7,739
66488,USA,4,74,25.17,740
6983,Mexico,0,71,26.87,741
45181,Belgium,4,81,25.22,742
16985,Ireland,0,74,27.96,743
2307,Norway,0,72,24.78,744
15817,Bulgaria,0,68,26.65,745
46209,USA,2,74,25.17,746
43612,Ecuador,0,71,26.48,747
10773,Bolivia,0,68,26.39,748
10999,Wales,1,73,24.7,749
52098,Paraguay,2,71,26.3,750
58603,Finland,0,68,24.65,751
59648,Scotland,1,73,26.48,752
59964,Northern Ireland,0,69,26.74,753
46751,Peru,1,71,26.09,754
46653,Venezuela,1,71,26.35,755
10323,Austria,1,74,25.22,756
53743,Slovenia,2,73,26.35,757
65585,Mexico,3,71,26.87,758
10244,Bolivia,3,68,26.39,759
29548,Uruguay,0,76,26.22,760
44226,Italy,0,79,26.74,761
17664,Greece,0,75,24.78,762
27965,Colombia,1,78,24.78,763
16122,Venezuela,0,71,26.35,764
56402,Bolivia,0,68,26.39,765
12459,Ecuador,2,71,26.48,766
8531,Paraguay,1,71,26.3,767
28659,Venezuela,1,71,26.35,768
46206,Peru,0,71,26.09,769
36809,Uruguay,0,76,26.22,770
37377,Bolivia,1,68,26.39,771
64690,Colombia,0,78,24.7,772
64664,Paraguay,1,71,26.3,773
497,Peru,1,71,26.39,774
44213,Paraguay,1,71,26.3,775
70124,Paraguay,0,71,26.3,776
15672,Chile,0,76,27.22,777
49180,Bulgaria,0,68,26.52,778
66957,Poland,1,75,26.52,779
39275,Finland,1,69,25.26,780
21030,Hungary,0,70,26.96,781
23612,Portugal,0,80,27.35,782
65533,Paraguay,2,71,26.48,783
55294,Sweden,0,74,26.3,784
63629,Slovenia,2,72,26.39,785
62596,Bulgaria,0,68,26.52,786
31443,Turkey,3,76,25.09,787
65761,Northern Ireland,1,69,26.43,788
8652,Romania,0,72,26.17,789
57930,Scotland,2,73,27.57,790
42301,Switzerland,0,77,24.0,791
68168,Mexico,2,76,26.52,792
3129,Austria,4,74,25.39,793
43877,Ecuador,2,69,26.35,794
52416,Bolivia,0,67,26.48,795
9591,Chile,2,76,27.26,796
50537,Peru,0,71,26.09,797
68454,Ireland,1,74,27.74,798
57427,Northern Ireland,3,69,26.43,799
5881,Denmark,0,74,25.13,800
42219,Finland,1,69,25.26,801
15439,Scotland,2,73,27.57,802
51267,Paraguay,1,71,26.48,803
2657,Czech Republic,0,74,27.04,804
59780,USA,2,73,24.61,805
56988,Denmark,1,74,25.13,806
43323,Northern Ireland,1,69,26.43,807
20276,Hungary,3,70,26.96,808
14262,Ireland,1,74,27.74,809
68032,Venezuela,1,71,26.26,810
15961,Bolivia,0,67,26.48,811
2754,Norway,1,71,24.17,812
25322,Czech Republic,3,74,27.04,813
64805,Paraguay,0,71,26.48,814
40209,Peru,3,71,26.09,815
23672,Uruguay,3,76,25.96,816
28624,Bolivia,4,67,26.48,817
65320,Chile,1,76,27.26,818
7042,Ecuador,2,69,26.35,819
48176,Hungary,1,70,26.96,820
35507,Brazil,1,82,24.96,821
26204,Italy,1,79,26.48,822
56266,France,2,81,25.83,823
2280,Paraguay,0,71,26.48,824
31217,England,0,80,25.09,825
68851,Wales,2,73,24.61,826
51371,Russia,1,77,26.65,827
28488,Denmark,1,74,25.13,828
69164,Hungary,2,70,26.96,829
34823,Austria,1,74,25.39,830
37785,Peru,0,71,26.09,831
1421,Colombia,0,78,24.7,832
35606,Sweden,2,74,26.3,833
43604,England,2,80,25.09,834
8806,Romania,2,72,26.17,835
46583,Bolivia,1,67,26.48,836
62972,Czech Republic,1,74,27.04,837
45943,Greece,0,74,25.83,838
63825,Chile,0,76,27.26,839
22889,Ecuador,3,69,26.35,840
49910,Finland,0,69,25.26,841
2424,Cameroon,0,73,24.17,842
51066,Bolivia,2,65,25.52,843
54299,Chile,1,78,27.83,844
66203,Czech Republic,0,73,26.3,845
2333,Ecuador,2,72,27.78,846
15855,Italy,1,81,27.35,847
247,Venezuela,2,71,26.39,848
49574,Sweden,1,75,26.78,849
43339,Northern Ireland,1,70,27.39,850
46235,Uruguay,2,77,26.3,851
39090,Canada,0,66,25.26,852
12714,Ireland,1,75,28.65,853
17574,Netherlands,2,79,24.65,854
44090,Bulgaria,1,69,27.43,855
28640,South Africa,2,71,25.35,856
59253,England,3,81,25.57,857
46242,Finland,0,70,25.96,858
52085,Romania,0,73,27.61,859
3258,Northern Ireland,1,70,27.39,860
56472,Bolivia,0,65,25.52,861
3431,Austria,1,74,25.91,862
9339,Ecuador,0,72,27.78,863
4278,Netherlands,2,79,24.65,864
64459,Russia,2,77,28.39,865
41306,Italy,1,81,27.35,866
563,Canada,0,66,25.26,867
29902,Finland,0,70,25.96,868
30414,Paraguay,2,74,27.65,869
42258,Belgium,1,81,26.0,870
2293,Scotland,1,74,28.22,871
63146,South Africa,0,71,25.35,872
53316,Czech Republic,1,73,26.3,873
9093,Peru,0,72,26.7,874
53743,Venezuela,1,71,26.39,875
44934,Hungary,0,71,27.52,876
6262,Turkey,1,77,25.57,877
27528,Australia,1,72,25.13,878
12791,Ireland,1,75,28.78,879
44190,Paraguay,0,73,26.48,880
2076,Switzerland,1,78,25.61,881
56348,Scotland,0,74,28.22,882
57440,Norway,0,73,24.39,883
69352,Cameroon,2,73,24.48,884
28683,Slovenia,0,73,25.52,885
27333,Finland,1,70,25.61,886
1204,Czech Republic,2,75,26.22,887
52164,Poland,1,76,26.13,888
33931,Portugal,0,81,27.0,889
21175,USA,0,75,26.39,890
39102,Australia,1,72,25.13,891
9586,Austria,0,75,26.52,892
33110,Ecuador,0,72,27.35,893
59007,Scotland,0,74,28.22,894
48159,Hungary,0,71,26.78,895
3729,Norway,2,73,24.39,896
5511,Mexico,3,76,26.13,897
26908,Slovenia,0,73,25.52,898
55098,Wales,0,74,25.96,899
34215,Chile,1,77,26.43,900
66433,Finland,0,70,25.61,901
16332,Australia,1,72,25.13,902
61179,Bulgaria,0,69,25.74,903
29397,Paraguay,1,73,26.48,904
57953,Peru,2,68,24.74,905
58146,Venezuela,1,72,24.13,906
59287,Bolivia,1,65,25.39,907
53408,Romania,1,73,27.52,908
63418,Russia,1,78,27.91,909
36254,Paraguay,0,73,26.48,910
37183,Peru,1,68,24.74,911
40587,Northern Ireland,0,70,27.35,912
67046,Italy,2,80,27.48,913
282,Sweden,1,75,26.65,914
42653,Venezuela,1,72,24.13,915
16743,Czech Republic,0,75,26.22,916
64400,Bolivia,0,65,25.39,917
20123,Hungary,2,71,26.78,918
56456,Romania,1,73,27.52,919
37922,Wales,1,74,25.96,920
69460,Poland,0,76,26.13,921
34776,Ecuador,1,72,27.35,922
6355,Sweden,0,75,26.65,923
1158,Peru,0,68,24.74,924
18425,Turkey,0,78,25.57,925
51573,Venezuela,1,72,24.13,926
27659,Ireland,0,75,28.78,927
7692,Mexico,0,76,26.13,928
65280,Austria,0,75,26.52,929
66458,Switzerland,0,78,25.61,930
51124,Wales,3,74,25.96,931
36787,Czech Republic,0,75,26.22,932
67799,Northern Ireland,0,70,27.35,933
18305,USA,0,75,26.39,934
36508,Chile,2,77,26.43,935
56799,Hungary,3,71,26.78,936
29906,Ireland,1,75,28.78,937
2394,Sweden,0,75,26.65,938
355,Poland,1,76,26.13,939
13907,USA,0,75,26.39,940
59802,Northern Ireland,0,70,27.35,941
2483,Chile,0,77,26.43,942
44789,Ireland,1,75,28.78,943
26678,Hungary,0,71,26.78,944
19138,Italy,2,80,27.48,945
32479,Poland,1,76,26.22,946
16565,Wales,3,74,25.87,947
12799,Italy,1,81,27.52,948
12138,Wales,0,74,25.87,949
39637,France,2,82,26.35,950
65487,Portugal,1,81,26.87,951
63341,Finland,0,70,25.61,952
24982,Russia,0,77,27.65,953
53707,Uruguay,0,78,27.22,954
14725,Belgium,0,81,25.04,955
66109,Bolivia,0,65,25.91,956
7640,Venezuela,0,71,23.74,957
15888,Ecuador,0,73,26.96,958
19998,Italy,1,81,27.52,959
67501,Greece,2,75,25.57,960
16838,Paraguay,2,73,25.52,961
7262,Northern Ireland,0,70,26.87,962
17578,Norway,0,73,24.39,963
4133,Colombia,1,76,24.91,964
11935,Bolivia,0,65,25.91,965
65455,Peru,2,68,24.78,966
64599,Egypt,0,69,26.0,967
43695,Sweden,1,74,26.0,968
22032,Switzerland,2,78,24.7,969
59102,Paraguay,0,73,25.52,970
33061,Venezuela,2,71,23.74,971
25790,Wales,2,74,25.87,972
52301,Bolivia,0,65,25.91,973
9631,Ecuador,3,73,26.96,974
35792,Italy,1,81,27.52,975
13545,Paraguay,0,73,25.52,976
58200,Peru,2,68,24.78,977
18524,Venezuela,0,71,23.74,978
9056,Bulgaria,1,69,25.74,979
37557,Hungary,2,71,25.78,980
7189,Czech Republic,0,75,27.39,981
29620,New Zealand,1,64,23.48,982
59361,Denmark,2,76,25.13,983
8390,Netherlands,0,79,24.26,984
44432,Bulgaria,0,69,25.74,985
27613,Paraguay,1,73,25.52,986
50721,Bolivia,2,65,25.91,987
14901,Peru,1,68,24.78,988
58027,Colombia,2,76,24.91,989
31645,Northern Ireland,0,70,26.87,990
27743,Slovenia,0,73,25.52,991
26104,Venezuela,0,71,23.74,992
69363,Netherlands,1,79,24.26,993
41613,Argentina,0,82,27.3,994
60880,Colombia,0,76,24.91,995
60966,Peru,4,68,24.78,996
29036,Ecuador,1,73,26.96,997
66480,Bolivia,0,65,25.91,998
42341,Norway,1,73,24.39,999
21702,Scotland,0,74,28.09,1000
49754,Sweden,1,74,26.0,1001
17137,Romania,0,73,27.39,1002
53711,Ireland,1,75,28.22,1003
66524,Slovenia,1,73,25.52,1004
34855,Colombia,0,76,24.91,1005
14784,Bolivia,1,65,25.91,1006
7750,Chile,3,77,27.52,1007
4803,Czech Republic,1,75,27.39,1008
51220,Venezuela,0,71,23.74,1009
52091,England,2,80,24.22,1010
53408,Ivory Coast,0,76,26.0,1011
31536,Italy,0,81,27.52,1012
56216,Peru,0,68,24.78,1013
22924,Romania,0,73,27.39,1014
11598,Sweden,1,74,26.0,1015
21093,Colombia,0,76,24.91,1016
33695,Cameroon,2,70,24.3,1017
58041,England,0,82,25.39,1018
19698,Canada,1,68,27.0,1019
44186,Chile,0,79,28.65,1020
59265,Bolivia,0,68,29.09,1021
22831,Ecuador,1,74,27.22,1022
2867,Uruguay,1,80,27.22,1023
26355,Peru,2,69,25.22,1024
42811,Wales,0,76,26.57,1025
16825,Ivory Coast,2,76,24.74,1026
47763,Finland,0,71,26.48,1027
44927,Greece,1,75,25.57,1028
39689,Bulgaria,2,70,26.7,1029
27054,Hungary,0,72,26.35,1030
58232,Northern Ireland,2,71,27.52,1031
63156,Romania,0,73,26.48,1032
27872,Slovenia,0,74,26.87,1033
8009,Finland,1,71,26.48,1034
44024,Bolivia,2,68,29.09,1035
50825,Paraguay,0,75,28.39,1036
35177,Venezuela,1,74,24.26,1037
33316,Ecuador,0,74,27.22,1038
36265,France,0,84,25.78,1039
55519,Netherlands,1,80,25.3,1040
33384,Peru,2,69,25.22,1041
43764,Sweden,3,75,25.61,1042
52006,Russia,3,77,26.17,1043
46237,Ireland,1,75,28.22,1044
29863,Paraguay,0,75,28.09,1045
37386,Venezuela,1,72,23.04,1046
30227,Ireland,3,75,28.22,1047
16751,Ivory Coast,0,76,24.74,1048
67453,Czech Republic,1,75,25.3,1049
14801,Hungary,0,72,25.74,1050
43830,Denmark,1,78,24.83,1051
53751,Uruguay,0,80,28.09,1052
6584,Colombia,2,78,26.61,1053
6498,Venezuela,1,72,23.04,1054
34977,Peru,1,70,24.7,1055
16516,Argentina,1,83,27.7,1056
5380,Russia,1,76,26.48,1057
56817,Sweden,2,76,25.74,1058
6922,Norway,1,73,24.91,1059
14218,Romania,1,73,26.52,1060
63722,Scotland,2,74,27.61,1061
49413,Ireland,1,75,28.22,1062
25391,USA,1,75,26.91,1063
62378,Australia,0,72,25.61,1064
56179,Cameroon,0,71,24.3,1065
31046,England,2,82,24.91,1066
42671,Norway,1,73,24.91,1067
5580,Romania,3,73,26.52,1068
20206,Cameroon,0,71,24.3,1069
22504,Mexico,2,78,27.26,1070
18289,Australia,2,72,25.61,1071
25160,Russia,0,76,26.48,1072
15459,Cameroon,1,71,24.3,1073
25051,Chile,1,79,28.87,1074
64492,Russia,1,76,26.48,1075
2090,Australia,1,72,25.61,1076
48157,Cameroon,1,71,24.3,1077
32636,Chile,0,79,28.87,1078
14314,Mexico,1,78,27.26,1079
68044,Paraguay,1,75,28.09,1080
69314,Chile,0,79,28.87,1081
14230,Mexico,1,78,27.26,1082
66604,Ecuador,0,74,27.48,1083
29498,Bulgaria,3,70,26.39,1084
30929,Paraguay,3,75,28.09,1085
9724,Netherlands,0,81,25.3,1086
9077,Bolivia,1,67,27.61,1087
28809,Uruguay,0,79,27.91,1088
17412,Venezuela,0,72,23.04,1089
41781,Czech Republic,1,75,25.3,1090
14722,Denmark,4,78,24.83,1091
12380,Italy,0,83,26.09,1092
18239,Wales,1,76,25.87,1093
22082,Greece,1,76,25.7,1094
60288,Hungary,0,72,25.74,1095
28219,Bulgaria,1,70,26.39,1096
30936,Norway,0,73,24.91,1097
64868,Northern Ireland,2,71,27.52,1098
14929,Venezuela,1,72,23.04,1099
63256,Bolivia,1,67,27.61,1100
24496,Colombia,1,78,26.61,1101
33188,Peru,2,70,24.7,1102
50634,Paraguay,1,75,28.09,1103
61859,Peru,0,71,25.91,1104
2723,Bolivia,0,67,26.96,1105
16720,Ecuador,1,73,28.7,1106
48572,Paraguay,2,74,27.74,1107
16810,Slovenia,0,74,27.22,1108
70196,Northern Ireland,1,71,28.52,1109
62078,Venezuela,0,72,24.17,1110
19578,Iceland,3,72,27.78,1111
39110,Bulgaria,0,70,28.17,1112
58383,Hungary,2,72,27.52,1113
30363,Romania,1,73,26.52,1114
45476,Northern Ireland,0,71,28.52,1115
35872,Scotland,2,74,28.83,1116
28353,Finland,2,71,27.04,1117
47630,Ireland,1,75,29.65,1118
51365,Chile,0,79,29.78,1119
41843,Ecuador,1,73,28.7,1120
58982,Sweden,0,76,26.61,1121
14126,Venezuela,1,72,24.17,1122
7818,Peru,1,71,25.91,1123
6188,Switzerland,0,78,26.87,1124
23549,Bolivia,2,67,26.96,1125
12060,Iceland,1,72,27.78,1126
49913,Northern Ireland,0,71,29.04,1127
2048,Romania,2,73,26.52,1128
63952,Scotland,0,74,28.0,1129
26969,Mexico,3,78,27.17,1130
29106,England,0,82,25.57,1131
49591,Wales,0,75,27.17,1132
1946,Poland,0,78,27.09,1133
63135,Saudi Arabia,0,73,28.13,1134
35041,Sweden,1,76,26.57,1135
34284,Ireland,0,75,29.17,1136
1671,New Zealand,0,67,25.39,1137
18588,Russia,0,76,28.0,1138
69513,Northern Ireland,0,71,29.04,1139
7314,Bulgaria,1,70,28.17,1140
70354,Sweden,0,76,26.57,1141
61212,Mexico,1,78,27.17,1142
4401,Austria,2,77,25.35,1143
60940,China,0,70,28.04,1144
51027,England,0,82,25.57,1145
21599,France,2,84,25.65,1146
51764,Ireland,1,75,29.17,1147
53671,USA,1,76,27.48,1148
12947,Romania,0,73,26.52,1149
4221,Russia,3,76,28.0,1150
16060,New Zealand,0,67,25.39,1151
31420,Sweden,1,76,26.57,1152
41331,China,0,70,27.91,1153
44140,Slovenia,0,75,27.26,1154
61477,Colombia,3,79,27.7,1155
24682,Germany,1,85,25.52,1156
19628,Greece,0,76,26.65,1157
35596,Argentina,2,83,27.52,1158
44358,Iceland,0,72,27.78,1159
12324,Netherlands,0,80,25.43,1160
68096,Australia,1,73,26.7,1161
52692,Egypt,1,72,27.57,1162
46371,Russia,0,76,28.0,1163
4534,Ireland,0,75,28.43,1164
34653,Czech Republic,0,74,25.17,1165
40506,New Zealand,0,68,24.61,1166
40439,Sweden,1,76,26.57,1167
12538,China,1,70,27.91,1168
11492,Netherlands,3,80,25.43,1169
1874,Wales,0,75,26.48,1170
14891,Australia,0,73,26.7,1171
31668,Saudi Arabia,0,73,28.13,1172
43185,Chile,0,78,29.26,1173
10575,England,1,82,24.65,1174
58957,Brazil,1,85,27.35,1175
32000,Egypt,0,72,27.57,1176
9255,Hungary,0,72,27.52,1177
68054,Iceland,1,72,27.78,1178
12076,Romania,1,73,27.87,1179
58063,Russia,1,76,28.0,1180
10854,Argentina,1,83,27.52,1181
45962,Paraguay,0,74,27.61,1182
47834,Saudi Arabia,2,73,28.17,1183
